[2026-06-03 11:43:52,532] INFO - HTTP Request: GET http://testserver/ "HTTP/1.1 200 OK"
[2026-06-03 11:43:52,534] INFO - HTTP Request: GET http://testserver/api/config "HTTP/1.1 200 OK"
[2026-06-03 11:43:52,536] INFO - HTTP Request: POST http://testserver/api/upload "HTTP/1.1 200 OK"
[2026-06-03 11:43:52,537] INFO - HTTP Request: POST http://testserver/api/cues/0 "HTTP/1.1 200 OK"
[2026-06-03 11:44:12,910] INFO - HTTP Request: POST http://testserver/api/upload "HTTP/1.1 200 OK"
[2026-06-03 11:44:12,912] INFO - HTTP Request: POST http://testserver/api/cues/0 "HTTP/1.1 200 OK"
[2026-06-03 11:44:12,914] INFO - HTTP Request: GET http://testserver/api/export "HTTP/1.1 200 OK"
[2026-06-03 11:44:12,916] INFO - HTTP Request: POST http://testserver/api/undo "HTTP/1.1 200 OK"
[2026-06-03 11:44:24,486] INFO - HTTP Request: POST http://testserver/api/upload "HTTP/1.1 200 OK"
[2026-06-03 11:45:37,144] INFO - 启动网页服务: http://127.0.0.1:8000
[2026-06-03 11:49:31,290] INFO - HTTP Request: GET http://testserver/ "HTTP/1.1 200 OK"
[2026-06-03 11:49:31,292] INFO - HTTP Request: GET http://testserver/ "HTTP/1.1 200 OK"
[2026-06-12 17:50:14,169] INFO - 加载 Demucs 模型 htdemucs …
[2026-06-12 17:50:17,053] INFO - 加载 Whisper 模型 tiny (device=auto) …
[2026-06-12 17:50:18,368] INFO - HTTP Request: GET https://huggingface.co/api/agent-harnesses "HTTP/1.1 200 OK"
[2026-06-12 17:50:18,690] INFO - HTTP Request: GET https://huggingface.co/api/models/Systran/faster-whisper-tiny/revision/main "HTTP/1.1 200 OK"
[2026-06-12 17:50:19,038] INFO - HTTP Request: HEAD https://huggingface.co/Systran/faster-whisper-tiny/resolve/d90ca5fe260221311c53c58e660288d3deb8d356/config.json "HTTP/1.1 307 Temporary Redirect"
[2026-06-12 17:50:19,127] INFO - HTTP Request: HEAD https://huggingface.co/api/resolve-cache/models/Systran/faster-whisper-tiny/d90ca5fe260221311c53c58e660288d3deb8d356/config.json "HTTP/1.1 200 OK"
[2026-06-12 17:50:19,148] INFO - HTTP Request: HEAD https://huggingface.co/Systran/faster-whisper-tiny/resolve/d90ca5fe260221311c53c58e660288d3deb8d356/vocabulary.txt "HTTP/1.1 307 Temporary Redirect"
[2026-06-12 17:50:19,216] INFO - HTTP Request: GET https://huggingface.co/api/resolve-cache/models/Systran/faster-whisper-tiny/d90ca5fe260221311c53c58e660288d3deb8d356/config.json "HTTP/1.1 200 OK"
[2026-06-12 17:50:19,221] INFO - HTTP Request: HEAD https://huggingface.co/Systran/faster-whisper-tiny/resolve/d90ca5fe260221311c53c58e660288d3deb8d356/model.bin "HTTP/1.1 302 Found"
[2026-06-12 17:50:19,221] WARNING - Warning: You are sending unauthenticated requests to the HF Hub. Please set a HF_TOKEN to enable higher rate limits and faster downloads.
[2026-06-12 17:50:19,236] INFO - HTTP Request: HEAD https://huggingface.co/api/resolve-cache/models/Systran/faster-whisper-tiny/d90ca5fe260221311c53c58e660288d3deb8d356/vocabulary.txt "HTTP/1.1 200 OK"
[2026-06-12 17:50:19,240] INFO - HTTP Request: HEAD https://huggingface.co/Systran/faster-whisper-tiny/resolve/d90ca5fe260221311c53c58e660288d3deb8d356/tokenizer.json "HTTP/1.1 307 Temporary Redirect"
[2026-06-12 17:50:19,324] INFO - HTTP Request: HEAD https://huggingface.co/api/resolve-cache/models/Systran/faster-whisper-tiny/d90ca5fe260221311c53c58e660288d3deb8d356/tokenizer.json "HTTP/1.1 200 OK"
[2026-06-12 17:50:19,335] INFO - HTTP Request: GET https://huggingface.co/api/resolve-cache/models/Systran/faster-whisper-tiny/d90ca5fe260221311c53c58e660288d3deb8d356/vocabulary.txt "HTTP/1.1 200 OK"
[2026-06-12 17:50:19,446] INFO - HTTP Request: GET https://huggingface.co/api/resolve-cache/models/Systran/faster-whisper-tiny/d90ca5fe260221311c53c58e660288d3deb8d356/tokenizer.json "HTTP/1.1 200 OK"
[2026-06-12 17:50:25,305] INFO - Processing audio with duration 00:05.000
[2026-06-12 17:50:25,518] INFO - VAD filter removed 00:05.000 of audio
[2026-06-12 17:50:46,997] INFO - HTTP Request: GET http://testserver/ "HTTP/1.1 200 OK"
[2026-06-12 17:50:46,999] INFO - HTTP Request: GET http://testserver/api/config "HTTP/1.1 200 OK"
[2026-06-12 17:50:47,001] INFO - 媒体已上传: test.wav (0.0 MB)
[2026-06-12 17:50:47,002] INFO - HTTP Request: POST http://testserver/api/upload_media "HTTP/1.1 200 OK"
[2026-06-12 17:58:02,045] INFO - 启动网页服务: http://127.0.0.1:8000
[2026-06-12 17:58:41,383] INFO - 启动网页服务: http://127.0.0.1:8000
[2026-06-12 18:01:31,889] INFO - 配置已保存到 D:\code\Subtitle-Translation-Tools\config.json
[2026-06-12 18:05:04,843] INFO - 媒体已上传: RCTD-404.mp4 (6189.7 MB)
[2026-06-12 18:05:04,853] INFO - Config loaded from D:\code\Subtitle-Translation-Tools\config.json
[2026-06-12 18:05:45,329] INFO - 加载 Demucs 模型 htdemucs …
[2026-06-12 18:08:14,888] INFO - 加载 Whisper 模型 large-v3 (device=auto) …
[2026-06-12 18:08:16,212] INFO - HTTP Request: GET https://huggingface.co/api/models/Systran/faster-whisper-large-v3/revision/main "HTTP/1.1 200 OK"
[2026-06-12 18:08:16,597] INFO - HTTP Request: HEAD https://huggingface.co/Systran/faster-whisper-large-v3/resolve/edaa852ec7e145841d8ffdb056a99866b5f0a478/config.json "HTTP/1.1 307 Temporary Redirect"
[2026-06-12 18:08:16,683] INFO - HTTP Request: HEAD https://huggingface.co/api/resolve-cache/models/Systran/faster-whisper-large-v3/edaa852ec7e145841d8ffdb056a99866b5f0a478/config.json "HTTP/1.1 200 OK"
[2026-06-12 18:08:16,781] INFO - HTTP Request: HEAD https://huggingface.co/Systran/faster-whisper-large-v3/resolve/edaa852ec7e145841d8ffdb056a99866b5f0a478/preprocessor_config.json "HTTP/1.1 307 Temporary Redirect"
[2026-06-12 18:08:16,782] INFO - HTTP Request: GET https://huggingface.co/api/resolve-cache/models/Systran/faster-whisper-large-v3/edaa852ec7e145841d8ffdb056a99866b5f0a478/config.json "HTTP/1.1 200 OK"
[2026-06-12 18:08:16,782] INFO - HTTP Request: HEAD https://huggingface.co/Systran/faster-whisper-large-v3/resolve/edaa852ec7e145841d8ffdb056a99866b5f0a478/vocabulary.json "HTTP/1.1 307 Temporary Redirect"
[2026-06-12 18:08:16,782] WARNING - Warning: You are sending unauthenticated requests to the HF Hub. Please set a HF_TOKEN to enable higher rate limits and faster downloads.
[2026-06-12 18:08:16,800] INFO - HTTP Request: HEAD https://huggingface.co/Systran/faster-whisper-large-v3/resolve/edaa852ec7e145841d8ffdb056a99866b5f0a478/tokenizer.json "HTTP/1.1 307 Temporary Redirect"
[2026-06-12 18:08:16,816] INFO - HTTP Request: HEAD https://huggingface.co/Systran/faster-whisper-large-v3/resolve/edaa852ec7e145841d8ffdb056a99866b5f0a478/model.bin "HTTP/1.1 302 Found"
[2026-06-12 18:08:16,867] INFO - HTTP Request: HEAD https://huggingface.co/api/resolve-cache/models/Systran/faster-whisper-large-v3/edaa852ec7e145841d8ffdb056a99866b5f0a478/vocabulary.json "HTTP/1.1 200 OK"
[2026-06-12 18:08:16,868] INFO - HTTP Request: HEAD https://huggingface.co/api/resolve-cache/models/Systran/faster-whisper-large-v3/edaa852ec7e145841d8ffdb056a99866b5f0a478/preprocessor_config.json "HTTP/1.1 200 OK"
[2026-06-12 18:08:16,896] INFO - HTTP Request: HEAD https://huggingface.co/api/resolve-cache/models/Systran/faster-whisper-large-v3/edaa852ec7e145841d8ffdb056a99866b5f0a478/tokenizer.json "HTTP/1.1 200 OK"
[2026-06-12 18:08:16,957] INFO - HTTP Request: GET https://huggingface.co/api/resolve-cache/models/Systran/faster-whisper-large-v3/edaa852ec7e145841d8ffdb056a99866b5f0a478/preprocessor_config.json "HTTP/1.1 200 OK"
[2026-06-12 18:08:16,996] INFO - HTTP Request: GET https://huggingface.co/api/resolve-cache/models/Systran/faster-whisper-large-v3/edaa852ec7e145841d8ffdb056a99866b5f0a478/vocabulary.json "HTTP/1.1 200 OK"
[2026-06-12 18:08:17,001] INFO - HTTP Request: GET https://huggingface.co/api/resolve-cache/models/Systran/faster-whisper-large-v3/edaa852ec7e145841d8ffdb056a99866b5f0a478/tokenizer.json "HTTP/1.1 200 OK"
[2026-06-12 18:09:06,086] INFO - Processing audio with duration 02:17:56.096
[2026-06-12 18:09:25,355] INFO - VAD filter removed 01:46:00.416 of audio
[2026-06-12 18:11:33,067] INFO - Config loaded from D:\code\Subtitle-Translation-Tools\config.json
[2026-06-12 18:11:35,979] INFO - HTTP Request: POST https://jeniya.cn/v1/chat/completions/chat/completions "HTTP/1.1 404 Not Found"
[2026-06-12 18:11:35,983] INFO - HTTP Request: POST https://jeniya.cn/v1/chat/completions/chat/completions "HTTP/1.1 404 Not Found"
[2026-06-12 18:11:35,999] INFO - HTTP Request: POST https://jeniya.cn/v1/chat/completions/chat/completions "HTTP/1.1 404 Not Found"
[2026-06-12 18:11:35,999] INFO - HTTP Request: POST https://jeniya.cn/v1/chat/completions/chat/completions "HTTP/1.1 404 Not Found"
[2026-06-12 18:11:36,009] INFO - HTTP Request: POST https://jeniya.cn/v1/chat/completions/chat/completions "HTTP/1.1 404 Not Found"
[2026-06-12 18:11:36,014] INFO - HTTP Request: POST https://jeniya.cn/v1/chat/completions/chat/completions "HTTP/1.1 404 Not Found"
[2026-06-12 18:11:36,015] INFO - HTTP Request: POST https://jeniya.cn/v1/chat/completions/chat/completions "HTTP/1.1 404 Not Found"
[2026-06-12 18:11:36,253] INFO - HTTP Request: POST https://jeniya.cn/v1/chat/completions/chat/completions "HTTP/1.1 404 Not Found"
[2026-06-12 18:11:36,273] INFO - HTTP Request: POST https://jeniya.cn/v1/chat/completions/chat/completions "HTTP/1.1 404 Not Found"
[2026-06-12 18:11:36,291] INFO - HTTP Request: POST https://jeniya.cn/v1/chat/completions/chat/completions "HTTP/1.1 404 Not Found"
[2026-06-12 18:11:36,293] INFO - HTTP Request: POST https://jeniya.cn/v1/chat/completions/chat/completions "HTTP/1.1 404 Not Found"
[2026-06-12 18:11:36,333] INFO - HTTP Request: POST https://jeniya.cn/v1/chat/completions/chat/completions "HTTP/1.1 404 Not Found"
[2026-06-12 18:11:36,523] INFO - HTTP Request: POST https://jeniya.cn/v1/chat/completions/chat/completions "HTTP/1.1 404 Not Found"
[2026-06-12 18:11:36,546] INFO - HTTP Request: POST https://jeniya.cn/v1/chat/completions/chat/completions "HTTP/1.1 404 Not Found"
[2026-06-12 18:11:36,569] INFO - HTTP Request: POST https://jeniya.cn/v1/chat/completions/chat/completions "HTTP/1.1 404 Not Found"
[2026-06-12 18:11:36,577] INFO - HTTP Request: POST https://jeniya.cn/v1/chat/completions/chat/completions "HTTP/1.1 404 Not Found"
[2026-06-12 18:11:36,667] INFO - HTTP Request: POST https://jeniya.cn/v1/chat/completions/chat/completions "HTTP/1.1 404 Not Found"
[2026-06-12 18:11:36,745] INFO - HTTP Request: POST https://jeniya.cn/v1/chat/completions/chat/completions "HTTP/1.1 404 Not Found"
[2026-06-12 18:11:36,825] INFO - HTTP Request: POST https://jeniya.cn/v1/chat/completions/chat/completions "HTTP/1.1 404 Not Found"
[2026-06-12 18:11:36,831] INFO - HTTP Request: POST https://jeniya.cn/v1/chat/completions/chat/completions "HTTP/1.1 404 Not Found"
[2026-06-12 18:11:36,912] INFO - HTTP Request: POST https://jeniya.cn/v1/chat/completions/chat/completions "HTTP/1.1 404 Not Found"
[2026-06-12 18:11:36,914] INFO - HTTP Request: POST https://jeniya.cn/v1/chat/completions/chat/completions "HTTP/1.1 404 Not Found"
[2026-06-12 18:11:36,937] INFO - HTTP Request: POST https://jeniya.cn/v1/chat/completions/chat/completions "HTTP/1.1 404 Not Found"
[2026-06-12 18:11:37,014] INFO - HTTP Request: POST https://jeniya.cn/v1/chat/completions/chat/completions "HTTP/1.1 404 Not Found"
[2026-06-12 18:11:37,033] INFO - HTTP Request: POST https://jeniya.cn/v1/chat/completions/chat/completions "HTTP/1.1 404 Not Found"
[2026-06-12 18:11:37,093] INFO - HTTP Request: POST https://jeniya.cn/v1/chat/completions/chat/completions "HTTP/1.1 404 Not Found"
[2026-06-12 18:11:37,101] INFO - HTTP Request: POST https://jeniya.cn/v1/chat/completions/chat/completions "HTTP/1.1 404 Not Found"
[2026-06-12 18:11:37,191] INFO - HTTP Request: POST https://jeniya.cn/v1/chat/completions/chat/completions "HTTP/1.1 404 Not Found"
[2026-06-12 18:11:37,216] INFO - HTTP Request: POST https://jeniya.cn/v1/chat/completions/chat/completions "HTTP/1.1 404 Not Found"
[2026-06-12 18:11:37,283] INFO - HTTP Request: POST https://jeniya.cn/v1/chat/completions/chat/completions "HTTP/1.1 404 Not Found"
[2026-06-12 18:11:37,304] INFO - HTTP Request: POST https://jeniya.cn/v1/chat/completions/chat/completions "HTTP/1.1 404 Not Found"
[2026-06-12 18:11:37,359] INFO - HTTP Request: POST https://jeniya.cn/v1/chat/completions/chat/completions "HTTP/1.1 404 Not Found"
[2026-06-12 18:11:37,369] INFO - HTTP Request: POST https://jeniya.cn/v1/chat/completions/chat/completions "HTTP/1.1 404 Not Found"
[2026-06-12 18:11:37,498] INFO - HTTP Request: POST https://jeniya.cn/v1/chat/completions/chat/completions "HTTP/1.1 404 Not Found"
[2026-06-12 18:11:37,556] INFO - HTTP Request: POST https://jeniya.cn/v1/chat/completions/chat/completions "HTTP/1.1 404 Not Found"
[2026-06-12 18:11:37,573] INFO - HTTP Request: POST https://jeniya.cn/v1/chat/completions/chat/completions "HTTP/1.1 404 Not Found"
[2026-06-12 18:11:37,628] INFO - HTTP Request: POST https://jeniya.cn/v1/chat/completions/chat/completions "HTTP/1.1 404 Not Found"
[2026-06-12 18:11:37,639] INFO - HTTP Request: POST https://jeniya.cn/v1/chat/completions/chat/completions "HTTP/1.1 404 Not Found"
[2026-06-12 18:11:37,656] INFO - HTTP Request: POST https://jeniya.cn/v1/chat/completions/chat/completions "HTTP/1.1 404 Not Found"
[2026-06-12 18:11:37,768] INFO - HTTP Request: POST https://jeniya.cn/v1/chat/completions/chat/completions "HTTP/1.1 404 Not Found"
[2026-06-12 18:11:37,775] INFO - HTTP Request: POST https://jeniya.cn/v1/chat/completions/chat/completions "HTTP/1.1 404 Not Found"
[2026-06-12 18:11:37,824] INFO - HTTP Request: POST https://jeniya.cn/v1/chat/completions/chat/completions "HTTP/1.1 404 Not Found"
[2026-06-12 18:11:37,844] INFO - HTTP Request: POST https://jeniya.cn/v1/chat/completions/chat/completions "HTTP/1.1 404 Not Found"
[2026-06-12 18:11:37,896] INFO - HTTP Request: POST https://jeniya.cn/v1/chat/completions/chat/completions "HTTP/1.1 404 Not Found"
[2026-06-12 18:11:37,909] INFO - HTTP Request: POST https://jeniya.cn/v1/chat/completions/chat/completions "HTTP/1.1 404 Not Found"
[2026-06-12 18:11:37,939] INFO - HTTP Request: POST https://jeniya.cn/v1/chat/completions/chat/completions "HTTP/1.1 404 Not Found"
[2026-06-12 18:11:37,959] INFO - HTTP Request: POST https://jeniya.cn/v1/chat/completions/chat/completions "HTTP/1.1 404 Not Found"
[2026-06-12 18:11:38,039] INFO - HTTP Request: POST https://jeniya.cn/v1/chat/completions/chat/completions "HTTP/1.1 404 Not Found"
[2026-06-12 18:11:38,052] INFO - HTTP Request: POST https://jeniya.cn/v1/chat/completions/chat/completions "HTTP/1.1 404 Not Found"
[2026-06-12 18:11:38,089] INFO - HTTP Request: POST https://jeniya.cn/v1/chat/completions/chat/completions "HTTP/1.1 404 Not Found"
[2026-06-12 18:11:38,115] INFO - HTTP Request: POST https://jeniya.cn/v1/chat/completions/chat/completions "HTTP/1.1 404 Not Found"
[2026-06-12 18:11:38,162] INFO - HTTP Request: POST https://jeniya.cn/v1/chat/completions/chat/completions "HTTP/1.1 404 Not Found"
[2026-06-12 18:11:38,179] INFO - HTTP Request: POST https://jeniya.cn/v1/chat/completions/chat/completions "HTTP/1.1 404 Not Found"
[2026-06-12 18:11:38,223] INFO - HTTP Request: POST https://jeniya.cn/v1/chat/completions/chat/completions "HTTP/1.1 404 Not Found"
[2026-06-12 18:11:38,239] INFO - HTTP Request: POST https://jeniya.cn/v1/chat/completions/chat/completions "HTTP/1.1 404 Not Found"
[2026-06-12 18:11:38,311] INFO - HTTP Request: POST https://jeniya.cn/v1/chat/completions/chat/completions "HTTP/1.1 404 Not Found"
[2026-06-12 18:11:38,329] INFO - HTTP Request: POST https://jeniya.cn/v1/chat/completions/chat/completions "HTTP/1.1 404 Not Found"
[2026-06-12 18:11:38,359] INFO - HTTP Request: POST https://jeniya.cn/v1/chat/completions/chat/completions "HTTP/1.1 404 Not Found"
[2026-06-12 18:11:38,432] INFO - HTTP Request: POST https://jeniya.cn/v1/chat/completions/chat/completions "HTTP/1.1 404 Not Found"
[2026-06-12 18:11:38,450] INFO - HTTP Request: POST https://jeniya.cn/v1/chat/completions/chat/completions "HTTP/1.1 404 Not Found"
[2026-06-12 18:11:38,507] INFO - HTTP Request: POST https://jeniya.cn/v1/chat/completions/chat/completions "HTTP/1.1 404 Not Found"
[2026-06-12 18:11:38,520] INFO - HTTP Request: POST https://jeniya.cn/v1/chat/completions/chat/completions "HTTP/1.1 404 Not Found"
[2026-06-12 18:11:38,625] INFO - HTTP Request: POST https://jeniya.cn/v1/chat/completions/chat/completions "HTTP/1.1 404 Not Found"
[2026-06-12 18:11:38,698] INFO - HTTP Request: POST https://jeniya.cn/v1/chat/completions/chat/completions "HTTP/1.1 404 Not Found"
[2026-06-12 18:11:38,730] INFO - HTTP Request: POST https://jeniya.cn/v1/chat/completions/chat/completions "HTTP/1.1 404 Not Found"
[2026-06-12 18:11:38,798] INFO - HTTP Request: POST https://jeniya.cn/v1/chat/completions/chat/completions "HTTP/1.1 404 Not Found"
[2026-06-12 18:11:38,890] INFO - HTTP Request: POST https://jeniya.cn/v1/chat/completions/chat/completions "HTTP/1.1 404 Not Found"
[2026-06-12 18:11:38,952] INFO - HTTP Request: POST https://jeniya.cn/v1/chat/completions/chat/completions "HTTP/1.1 404 Not Found"
[2026-06-12 18:11:38,999] INFO - HTTP Request: POST https://jeniya.cn/v1/chat/completions/chat/completions "HTTP/1.1 404 Not Found"
[2026-06-12 18:11:39,082] INFO - HTTP Request: POST https://jeniya.cn/v1/chat/completions/chat/completions "HTTP/1.1 404 Not Found"
[2026-06-12 18:11:39,144] INFO - HTTP Request: POST https://jeniya.cn/v1/chat/completions/chat/completions "HTTP/1.1 404 Not Found"
[2026-06-12 18:11:39,156] INFO - HTTP Request: POST https://jeniya.cn/v1/chat/completions/chat/completions "HTTP/1.1 404 Not Found"
[2026-06-12 18:11:39,221] INFO - HTTP Request: POST https://jeniya.cn/v1/chat/completions/chat/completions "HTTP/1.1 404 Not Found"
[2026-06-12 18:11:39,268] INFO - HTTP Request: POST https://jeniya.cn/v1/chat/completions/chat/completions "HTTP/1.1 404 Not Found"
[2026-06-12 18:11:39,352] INFO - HTTP Request: POST https://jeniya.cn/v1/chat/completions/chat/completions "HTTP/1.1 404 Not Found"
[2026-06-12 18:11:39,357] INFO - HTTP Request: POST https://jeniya.cn/v1/chat/completions/chat/completions "HTTP/1.1 404 Not Found"
[2026-06-12 18:11:39,421] INFO - HTTP Request: POST https://jeniya.cn/v1/chat/completions/chat/completions "HTTP/1.1 404 Not Found"
[2026-06-12 18:11:39,433] INFO - HTTP Request: POST https://jeniya.cn/v1/chat/completions/chat/completions "HTTP/1.1 404 Not Found"
[2026-06-12 18:11:39,467] INFO - HTTP Request: POST https://jeniya.cn/v1/chat/completions/chat/completions "HTTP/1.1 404 Not Found"
[2026-06-12 18:11:39,493] INFO - HTTP Request: POST https://jeniya.cn/v1/chat/completions/chat/completions "HTTP/1.1 404 Not Found"
[2026-06-12 18:11:39,538] INFO - HTTP Request: POST https://jeniya.cn/v1/chat/completions/chat/completions "HTTP/1.1 404 Not Found"
[2026-06-12 18:11:39,636] INFO - HTTP Request: POST https://jeniya.cn/v1/chat/completions/chat/completions "HTTP/1.1 404 Not Found"
[2026-06-12 18:11:39,687] INFO - HTTP Request: POST https://jeniya.cn/v1/chat/completions/chat/completions "HTTP/1.1 404 Not Found"
[2026-06-12 18:11:39,715] INFO - HTTP Request: POST https://jeniya.cn/v1/chat/completions/chat/completions "HTTP/1.1 404 Not Found"
[2026-06-12 18:11:39,736] INFO - HTTP Request: POST https://jeniya.cn/v1/chat/completions/chat/completions "HTTP/1.1 404 Not Found"
[2026-06-12 18:11:39,764] INFO - HTTP Request: POST https://jeniya.cn/v1/chat/completions/chat/completions "HTTP/1.1 404 Not Found"
[2026-06-12 18:11:39,783] INFO - HTTP Request: POST https://jeniya.cn/v1/chat/completions/chat/completions "HTTP/1.1 404 Not Found"
[2026-06-12 18:11:39,810] INFO - HTTP Request: POST https://jeniya.cn/v1/chat/completions/chat/completions "HTTP/1.1 404 Not Found"
[2026-06-12 18:11:39,921] INFO - HTTP Request: POST https://jeniya.cn/v1/chat/completions/chat/completions "HTTP/1.1 404 Not Found"
[2026-06-12 18:11:39,954] INFO - HTTP Request: POST https://jeniya.cn/v1/chat/completions/chat/completions "HTTP/1.1 404 Not Found"
[2026-06-12 18:11:39,986] INFO - HTTP Request: POST https://jeniya.cn/v1/chat/completions/chat/completions "HTTP/1.1 404 Not Found"
[2026-06-12 18:11:40,004] INFO - HTTP Request: POST https://jeniya.cn/v1/chat/completions/chat/completions "HTTP/1.1 404 Not Found"
[2026-06-12 18:11:40,036] INFO - HTTP Request: POST https://jeniya.cn/v1/chat/completions/chat/completions "HTTP/1.1 404 Not Found"
[2026-06-12 18:11:40,061] INFO - HTTP Request: POST https://jeniya.cn/v1/chat/completions/chat/completions "HTTP/1.1 404 Not Found"
[2026-06-12 18:11:40,076] INFO - HTTP Request: POST https://jeniya.cn/v1/chat/completions/chat/completions "HTTP/1.1 404 Not Found"
[2026-06-12 18:11:40,079] INFO - HTTP Request: POST https://jeniya.cn/v1/chat/completions/chat/completions "HTTP/1.1 404 Not Found"
[2026-06-12 18:11:40,196] INFO - HTTP Request: POST https://jeniya.cn/v1/chat/completions/chat/completions "HTTP/1.1 404 Not Found"
[2026-06-12 18:11:40,218] INFO - HTTP Request: POST https://jeniya.cn/v1/chat/completions/chat/completions "HTTP/1.1 404 Not Found"
[2026-06-12 18:11:40,267] INFO - HTTP Request: POST https://jeniya.cn/v1/chat/completions/chat/completions "HTTP/1.1 404 Not Found"
[2026-06-12 18:11:40,279] INFO - HTTP Request: POST https://jeniya.cn/v1/chat/completions/chat/completions "HTTP/1.1 404 Not Found"
[2026-06-12 18:11:40,308] INFO - HTTP Request: POST https://jeniya.cn/v1/chat/completions/chat/completions "HTTP/1.1 404 Not Found"
[2026-06-12 18:11:40,344] INFO - HTTP Request: POST https://jeniya.cn/v1/chat/completions/chat/completions "HTTP/1.1 404 Not Found"
[2026-06-12 18:11:40,346] INFO - HTTP Request: POST https://jeniya.cn/v1/chat/completions/chat/completions "HTTP/1.1 404 Not Found"
[2026-06-12 18:11:40,348] INFO - HTTP Request: POST https://jeniya.cn/v1/chat/completions/chat/completions "HTTP/1.1 404 Not Found"
[2026-06-12 18:11:40,485] INFO - HTTP Request: POST https://jeniya.cn/v1/chat/completions/chat/completions "HTTP/1.1 404 Not Found"
[2026-06-12 18:11:40,540] INFO - HTTP Request: POST https://jeniya.cn/v1/chat/completions/chat/completions "HTTP/1.1 404 Not Found"
[2026-06-12 18:11:40,548] INFO - HTTP Request: POST https://jeniya.cn/v1/chat/completions/chat/completions "HTTP/1.1 404 Not Found"
[2026-06-12 18:11:40,580] INFO - HTTP Request: POST https://jeniya.cn/v1/chat/completions/chat/completions "HTTP/1.1 404 Not Found"
[2026-06-12 18:11:40,617] INFO - HTTP Request: POST https://jeniya.cn/v1/chat/completions/chat/completions "HTTP/1.1 404 Not Found"
[2026-06-12 18:11:40,617] INFO - HTTP Request: POST https://jeniya.cn/v1/chat/completions/chat/completions "HTTP/1.1 404 Not Found"
[2026-06-12 18:11:40,672] INFO - HTTP Request: POST https://jeniya.cn/v1/chat/completions/chat/completions "HTTP/1.1 404 Not Found"
[2026-06-12 18:11:40,753] INFO - HTTP Request: POST https://jeniya.cn/v1/chat/completions/chat/completions "HTTP/1.1 404 Not Found"
[2026-06-12 18:11:40,815] INFO - HTTP Request: POST https://jeniya.cn/v1/chat/completions/chat/completions "HTTP/1.1 404 Not Found"
[2026-06-12 18:11:40,823] INFO - HTTP Request: POST https://jeniya.cn/v1/chat/completions/chat/completions "HTTP/1.1 404 Not Found"
[2026-06-12 18:11:40,849] INFO - HTTP Request: POST https://jeniya.cn/v1/chat/completions/chat/completions "HTTP/1.1 404 Not Found"
[2026-06-12 18:11:40,889] INFO - HTTP Request: POST https://jeniya.cn/v1/chat/completions/chat/completions "HTTP/1.1 404 Not Found"
[2026-06-12 18:11:40,943] INFO - HTTP Request: POST https://jeniya.cn/v1/chat/completions/chat/completions "HTTP/1.1 404 Not Found"
[2026-06-12 18:11:40,951] INFO - HTTP Request: POST https://jeniya.cn/v1/chat/completions/chat/completions "HTTP/1.1 404 Not Found"
[2026-06-12 18:11:41,086] INFO - HTTP Request: POST https://jeniya.cn/v1/chat/completions/chat/completions "HTTP/1.1 404 Not Found"
[2026-06-12 18:11:41,101] INFO - HTTP Request: POST https://jeniya.cn/v1/chat/completions/chat/completions "HTTP/1.1 404 Not Found"
[2026-06-12 18:11:41,120] INFO - HTTP Request: POST https://jeniya.cn/v1/chat/completions/chat/completions "HTTP/1.1 404 Not Found"
[2026-06-12 18:11:41,157] INFO - HTTP Request: POST https://jeniya.cn/v1/chat/completions/chat/completions "HTTP/1.1 404 Not Found"
[2026-06-12 18:11:41,227] INFO - HTTP Request: POST https://jeniya.cn/v1/chat/completions/chat/completions "HTTP/1.1 404 Not Found"
[2026-06-12 18:11:41,231] INFO - HTTP Request: POST https://jeniya.cn/v1/chat/completions/chat/completions "HTTP/1.1 404 Not Found"
[2026-06-12 18:11:41,379] INFO - HTTP Request: POST https://jeniya.cn/v1/chat/completions/chat/completions "HTTP/1.1 404 Not Found"
[2026-06-12 18:11:41,392] INFO - HTTP Request: POST https://jeniya.cn/v1/chat/completions/chat/completions "HTTP/1.1 404 Not Found"
[2026-06-12 18:11:41,412] INFO - HTTP Request: POST https://jeniya.cn/v1/chat/completions/chat/completions "HTTP/1.1 404 Not Found"
[2026-06-12 18:11:41,502] INFO - HTTP Request: POST https://jeniya.cn/v1/chat/completions/chat/completions "HTTP/1.1 404 Not Found"
[2026-06-12 18:11:41,511] INFO - HTTP Request: POST https://jeniya.cn/v1/chat/completions/chat/completions "HTTP/1.1 404 Not Found"
[2026-06-12 18:11:41,517] INFO - HTTP Request: POST https://jeniya.cn/v1/chat/completions/chat/completions "HTTP/1.1 404 Not Found"
[2026-06-12 18:11:41,574] INFO - HTTP Request: POST https://jeniya.cn/v1/chat/completions/chat/completions "HTTP/1.1 404 Not Found"
[2026-06-12 18:11:41,659] INFO - HTTP Request: POST https://jeniya.cn/v1/chat/completions/chat/completions "HTTP/1.1 404 Not Found"
[2026-06-12 18:11:41,665] INFO - HTTP Request: POST https://jeniya.cn/v1/chat/completions/chat/completions "HTTP/1.1 404 Not Found"
[2026-06-12 18:11:41,673] INFO - HTTP Request: POST https://jeniya.cn/v1/chat/completions/chat/completions "HTTP/1.1 404 Not Found"
[2026-06-12 18:11:41,682] INFO - HTTP Request: POST https://jeniya.cn/v1/chat/completions/chat/completions "HTTP/1.1 404 Not Found"
[2026-06-12 18:11:41,781] INFO - HTTP Request: POST https://jeniya.cn/v1/chat/completions/chat/completions "HTTP/1.1 404 Not Found"
[2026-06-12 18:11:41,837] INFO - HTTP Request: POST https://jeniya.cn/v1/chat/completions/chat/completions "HTTP/1.1 404 Not Found"
[2026-06-12 18:11:41,934] INFO - HTTP Request: POST https://jeniya.cn/v1/chat/completions/chat/completions "HTTP/1.1 404 Not Found"
[2026-06-12 18:11:41,938] INFO - HTTP Request: POST https://jeniya.cn/v1/chat/completions/chat/completions "HTTP/1.1 404 Not Found"
[2026-06-12 18:11:41,948] INFO - HTTP Request: POST https://jeniya.cn/v1/chat/completions/chat/completions "HTTP/1.1 404 Not Found"
[2026-06-12 18:11:41,958] INFO - HTTP Request: POST https://jeniya.cn/v1/chat/completions/chat/completions "HTTP/1.1 404 Not Found"
[2026-06-12 18:11:42,048] INFO - HTTP Request: POST https://jeniya.cn/v1/chat/completions/chat/completions "HTTP/1.1 404 Not Found"
[2026-06-12 18:11:42,063] INFO - HTTP Request: POST https://jeniya.cn/v1/chat/completions/chat/completions "HTTP/1.1 404 Not Found"
[2026-06-12 18:11:42,115] INFO - HTTP Request: POST https://jeniya.cn/v1/chat/completions/chat/completions "HTTP/1.1 404 Not Found"
[2026-06-12 18:11:42,206] INFO - HTTP Request: POST https://jeniya.cn/v1/chat/completions/chat/completions "HTTP/1.1 404 Not Found"
[2026-06-12 18:11:42,219] INFO - HTTP Request: POST https://jeniya.cn/v1/chat/completions/chat/completions "HTTP/1.1 404 Not Found"
[2026-06-12 18:11:42,571] INFO - HTTP Request: POST https://jeniya.cn/v1/chat/completions/chat/completions "HTTP/1.1 404 Not Found"
[2026-06-12 18:11:42,575] INFO - HTTP Request: POST https://jeniya.cn/v1/chat/completions/chat/completions "HTTP/1.1 404 Not Found"
[2026-06-12 18:11:42,582] INFO - HTTP Request: POST https://jeniya.cn/v1/chat/completions/chat/completions "HTTP/1.1 404 Not Found"
[2026-06-12 18:11:42,582] INFO - HTTP Request: POST https://jeniya.cn/v1/chat/completions/chat/completions "HTTP/1.1 404 Not Found"
[2026-06-12 18:11:42,583] INFO - HTTP Request: POST https://jeniya.cn/v1/chat/completions/chat/completions "HTTP/1.1 404 Not Found"
[2026-06-12 18:11:42,614] INFO - HTTP Request: POST https://jeniya.cn/v1/chat/completions/chat/completions "HTTP/1.1 404 Not Found"
[2026-06-12 18:11:42,660] INFO - HTTP Request: POST https://jeniya.cn/v1/chat/completions/chat/completions "HTTP/1.1 404 Not Found"
[2026-06-12 18:11:42,821] INFO - HTTP Request: POST https://jeniya.cn/v1/chat/completions/chat/completions "HTTP/1.1 404 Not Found"
[2026-06-12 18:11:42,859] INFO - HTTP Request: POST https://jeniya.cn/v1/chat/completions/chat/completions "HTTP/1.1 404 Not Found"
[2026-06-12 18:11:42,859] INFO - HTTP Request: POST https://jeniya.cn/v1/chat/completions/chat/completions "HTTP/1.1 404 Not Found"
[2026-06-12 18:11:42,862] INFO - HTTP Request: POST https://jeniya.cn/v1/chat/completions/chat/completions "HTTP/1.1 404 Not Found"
[2026-06-12 18:11:42,862] INFO - HTTP Request: POST https://jeniya.cn/v1/chat/completions/chat/completions "HTTP/1.1 404 Not Found"
[2026-06-12 18:11:42,864] INFO - HTTP Request: POST https://jeniya.cn/v1/chat/completions/chat/completions "HTTP/1.1 404 Not Found"
[2026-06-12 18:11:42,892] INFO - HTTP Request: POST https://jeniya.cn/v1/chat/completions/chat/completions "HTTP/1.1 404 Not Found"
[2026-06-12 18:11:43,014] INFO - HTTP Request: POST https://jeniya.cn/v1/chat/completions/chat/completions "HTTP/1.1 404 Not Found"
[2026-06-12 18:11:43,136] INFO - HTTP Request: POST https://jeniya.cn/v1/chat/completions/chat/completions "HTTP/1.1 404 Not Found"
[2026-06-12 18:11:43,136] INFO - HTTP Request: POST https://jeniya.cn/v1/chat/completions/chat/completions "HTTP/1.1 404 Not Found"
[2026-06-12 18:11:43,137] INFO - HTTP Request: POST https://jeniya.cn/v1/chat/completions/chat/completions "HTTP/1.1 404 Not Found"
[2026-06-12 18:11:43,137] INFO - HTTP Request: POST https://jeniya.cn/v1/chat/completions/chat/completions "HTTP/1.1 404 Not Found"
[2026-06-12 18:11:43,137] INFO - HTTP Request: POST https://jeniya.cn/v1/chat/completions/chat/completions "HTTP/1.1 404 Not Found"
[2026-06-12 18:11:43,160] INFO - HTTP Request: POST https://jeniya.cn/v1/chat/completions/chat/completions "HTTP/1.1 404 Not Found"
[2026-06-12 18:11:43,174] INFO - HTTP Request: POST https://jeniya.cn/v1/chat/completions/chat/completions "HTTP/1.1 404 Not Found"
[2026-06-12 18:11:43,286] INFO - HTTP Request: POST https://jeniya.cn/v1/chat/completions/chat/completions "HTTP/1.1 404 Not Found"
[2026-06-12 18:11:43,406] INFO - HTTP Request: POST https://jeniya.cn/v1/chat/completions/chat/completions "HTTP/1.1 404 Not Found"
[2026-06-12 18:11:43,408] INFO - HTTP Request: POST https://jeniya.cn/v1/chat/completions/chat/completions "HTTP/1.1 404 Not Found"
[2026-06-12 18:11:43,410] INFO - HTTP Request: POST https://jeniya.cn/v1/chat/completions/chat/completions "HTTP/1.1 404 Not Found"
[2026-06-12 18:11:43,410] INFO - HTTP Request: POST https://jeniya.cn/v1/chat/completions/chat/completions "HTTP/1.1 404 Not Found"
[2026-06-12 18:11:43,413] INFO - HTTP Request: POST https://jeniya.cn/v1/chat/completions/chat/completions "HTTP/1.1 404 Not Found"
[2026-06-12 18:11:43,469] INFO - HTTP Request: POST https://jeniya.cn/v1/chat/completions/chat/completions "HTTP/1.1 404 Not Found"
[2026-06-12 18:11:43,678] INFO - HTTP Request: POST https://jeniya.cn/v1/chat/completions/chat/completions "HTTP/1.1 404 Not Found"
[2026-06-12 18:11:43,679] INFO - HTTP Request: POST https://jeniya.cn/v1/chat/completions/chat/completions "HTTP/1.1 404 Not Found"
[2026-06-12 18:11:43,701] INFO - HTTP Request: POST https://jeniya.cn/v1/chat/completions/chat/completions "HTTP/1.1 404 Not Found"
[2026-06-12 18:11:43,702] INFO - HTTP Request: POST https://jeniya.cn/v1/chat/completions/chat/completions "HTTP/1.1 404 Not Found"
[2026-06-12 18:11:43,702] INFO - HTTP Request: POST https://jeniya.cn/v1/chat/completions/chat/completions "HTTP/1.1 404 Not Found"
[2026-06-12 18:11:43,754] INFO - HTTP Request: POST https://jeniya.cn/v1/chat/completions/chat/completions "HTTP/1.1 404 Not Found"
[2026-06-12 18:11:43,963] INFO - HTTP Request: POST https://jeniya.cn/v1/chat/completions/chat/completions "HTTP/1.1 404 Not Found"
[2026-06-12 18:11:43,979] INFO - HTTP Request: POST https://jeniya.cn/v1/chat/completions/chat/completions "HTTP/1.1 404 Not Found"
[2026-06-12 18:11:43,980] INFO - HTTP Request: POST https://jeniya.cn/v1/chat/completions/chat/completions "HTTP/1.1 404 Not Found"
[2026-06-12 18:11:44,012] INFO - HTTP Request: POST https://jeniya.cn/v1/chat/completions/chat/completions "HTTP/1.1 404 Not Found"
[2026-06-12 18:11:44,031] INFO - HTTP Request: POST https://jeniya.cn/v1/chat/completions/chat/completions "HTTP/1.1 404 Not Found"
[2026-06-12 18:11:44,034] INFO - HTTP Request: POST https://jeniya.cn/v1/chat/completions/chat/completions "HTTP/1.1 404 Not Found"
[2026-06-12 18:11:44,234] INFO - HTTP Request: POST https://jeniya.cn/v1/chat/completions/chat/completions "HTTP/1.1 404 Not Found"
[2026-06-12 18:11:44,250] INFO - HTTP Request: POST https://jeniya.cn/v1/chat/completions/chat/completions "HTTP/1.1 404 Not Found"
[2026-06-12 18:11:44,252] INFO - HTTP Request: POST https://jeniya.cn/v1/chat/completions/chat/completions "HTTP/1.1 404 Not Found"
[2026-06-12 18:11:44,286] INFO - HTTP Request: POST https://jeniya.cn/v1/chat/completions/chat/completions "HTTP/1.1 404 Not Found"
[2026-06-12 18:11:44,292] INFO - HTTP Request: POST https://jeniya.cn/v1/chat/completions/chat/completions "HTTP/1.1 404 Not Found"
[2026-06-12 18:11:44,306] INFO - HTTP Request: POST https://jeniya.cn/v1/chat/completions/chat/completions "HTTP/1.1 404 Not Found"
[2026-06-12 18:11:44,311] INFO - HTTP Request: POST https://jeniya.cn/v1/chat/completions/chat/completions "HTTP/1.1 404 Not Found"
[2026-06-12 18:11:44,506] INFO - HTTP Request: POST https://jeniya.cn/v1/chat/completions/chat/completions "HTTP/1.1 404 Not Found"
[2026-06-12 18:11:44,511] INFO - HTTP Request: POST https://jeniya.cn/v1/chat/completions/chat/completions "HTTP/1.1 404 Not Found"
[2026-06-12 18:11:44,520] INFO - HTTP Request: POST https://jeniya.cn/v1/chat/completions/chat/completions "HTTP/1.1 404 Not Found"
[2026-06-12 18:11:44,525] INFO - HTTP Request: POST https://jeniya.cn/v1/chat/completions/chat/completions "HTTP/1.1 404 Not Found"
[2026-06-12 18:11:44,564] INFO - HTTP Request: POST https://jeniya.cn/v1/chat/completions/chat/completions "HTTP/1.1 404 Not Found"
[2026-06-12 18:11:44,571] INFO - HTTP Request: POST https://jeniya.cn/v1/chat/completions/chat/completions "HTTP/1.1 404 Not Found"
[2026-06-12 18:11:44,586] INFO - HTTP Request: POST https://jeniya.cn/v1/chat/completions/chat/completions "HTTP/1.1 404 Not Found"
[2026-06-12 18:11:44,591] INFO - HTTP Request: POST https://jeniya.cn/v1/chat/completions/chat/completions "HTTP/1.1 404 Not Found"
[2026-06-12 18:11:44,778] INFO - HTTP Request: POST https://jeniya.cn/v1/chat/completions/chat/completions "HTTP/1.1 404 Not Found"
[2026-06-12 18:11:44,786] INFO - HTTP Request: POST https://jeniya.cn/v1/chat/completions/chat/completions "HTTP/1.1 404 Not Found"
[2026-06-12 18:11:44,790] INFO - HTTP Request: POST https://jeniya.cn/v1/chat/completions/chat/completions "HTTP/1.1 404 Not Found"
[2026-06-12 18:11:44,796] INFO - HTTP Request: POST https://jeniya.cn/v1/chat/completions/chat/completions "HTTP/1.1 404 Not Found"
[2026-06-12 18:11:44,863] INFO - HTTP Request: POST https://jeniya.cn/v1/chat/completions/chat/completions "HTTP/1.1 404 Not Found"
[2026-06-12 18:11:44,871] INFO - HTTP Request: POST https://jeniya.cn/v1/chat/completions/chat/completions "HTTP/1.1 404 Not Found"
[2026-06-12 18:11:45,055] INFO - HTTP Request: POST https://jeniya.cn/v1/chat/completions/chat/completions "HTTP/1.1 404 Not Found"
[2026-06-12 18:11:45,064] INFO - HTTP Request: POST https://jeniya.cn/v1/chat/completions/chat/completions "HTTP/1.1 404 Not Found"
[2026-06-12 18:11:45,078] INFO - HTTP Request: POST https://jeniya.cn/v1/chat/completions/chat/completions "HTTP/1.1 404 Not Found"
[2026-06-12 18:11:45,159] INFO - HTTP Request: POST https://jeniya.cn/v1/chat/completions/chat/completions "HTTP/1.1 404 Not Found"
[2026-06-12 18:11:45,323] INFO - HTTP Request: POST https://jeniya.cn/v1/chat/completions/chat/completions "HTTP/1.1 404 Not Found"
[2026-06-12 18:11:45,326] INFO - HTTP Request: POST https://jeniya.cn/v1/chat/completions/chat/completions "HTTP/1.1 404 Not Found"
[2026-06-12 18:11:45,338] INFO - HTTP Request: POST https://jeniya.cn/v1/chat/completions/chat/completions "HTTP/1.1 404 Not Found"
[2026-06-12 18:11:45,351] INFO - HTTP Request: POST https://jeniya.cn/v1/chat/completions/chat/completions "HTTP/1.1 404 Not Found"
[2026-06-12 18:11:45,354] INFO - HTTP Request: POST https://jeniya.cn/v1/chat/completions/chat/completions "HTTP/1.1 404 Not Found"
[2026-06-12 18:11:45,485] INFO - HTTP Request: POST https://jeniya.cn/v1/chat/completions/chat/completions "HTTP/1.1 404 Not Found"
[2026-06-12 18:11:45,590] INFO - HTTP Request: POST https://jeniya.cn/v1/chat/completions/chat/completions "HTTP/1.1 404 Not Found"
[2026-06-12 18:11:45,592] INFO - HTTP Request: POST https://jeniya.cn/v1/chat/completions/chat/completions "HTTP/1.1 404 Not Found"
[2026-06-12 18:11:45,603] INFO - HTTP Request: POST https://jeniya.cn/v1/chat/completions/chat/completions "HTTP/1.1 404 Not Found"
[2026-06-12 18:11:45,607] INFO - HTTP Request: POST https://jeniya.cn/v1/chat/completions/chat/completions "HTTP/1.1 404 Not Found"
[2026-06-12 18:11:45,626] INFO - HTTP Request: POST https://jeniya.cn/v1/chat/completions/chat/completions "HTTP/1.1 404 Not Found"
[2026-06-12 18:11:45,627] INFO - HTTP Request: POST https://jeniya.cn/v1/chat/completions/chat/completions "HTTP/1.1 404 Not Found"
[2026-06-12 18:11:45,651] INFO - HTTP Request: POST https://jeniya.cn/v1/chat/completions/chat/completions "HTTP/1.1 404 Not Found"
[2026-06-12 18:11:45,859] INFO - HTTP Request: POST https://jeniya.cn/v1/chat/completions/chat/completions "HTTP/1.1 404 Not Found"
[2026-06-12 18:11:45,861] INFO - HTTP Request: POST https://jeniya.cn/v1/chat/completions/chat/completions "HTTP/1.1 404 Not Found"
[2026-06-12 18:11:45,876] INFO - HTTP Request: POST https://jeniya.cn/v1/chat/completions/chat/completions "HTTP/1.1 404 Not Found"
[2026-06-12 18:11:45,900] INFO - HTTP Request: POST https://jeniya.cn/v1/chat/completions/chat/completions "HTTP/1.1 404 Not Found"
[2026-06-12 18:11:45,900] INFO - HTTP Request: POST https://jeniya.cn/v1/chat/completions/chat/completions "HTTP/1.1 404 Not Found"
[2026-06-12 18:11:45,932] INFO - HTTP Request: POST https://jeniya.cn/v1/chat/completions/chat/completions "HTTP/1.1 404 Not Found"
[2026-06-12 18:11:46,133] INFO - HTTP Request: POST https://jeniya.cn/v1/chat/completions/chat/completions "HTTP/1.1 404 Not Found"
[2026-06-12 18:11:46,134] INFO - HTTP Request: POST https://jeniya.cn/v1/chat/completions/chat/completions "HTTP/1.1 404 Not Found"
[2026-06-12 18:11:46,149] INFO - HTTP Request: POST https://jeniya.cn/v1/chat/completions/chat/completions "HTTP/1.1 404 Not Found"
[2026-06-12 18:11:46,175] INFO - HTTP Request: POST https://jeniya.cn/v1/chat/completions/chat/completions "HTTP/1.1 404 Not Found"
[2026-06-12 18:11:46,175] INFO - HTTP Request: POST https://jeniya.cn/v1/chat/completions/chat/completions "HTTP/1.1 404 Not Found"
[2026-06-12 18:11:46,254] INFO - HTTP Request: POST https://jeniya.cn/v1/chat/completions/chat/completions "HTTP/1.1 404 Not Found"
[2026-06-12 18:11:46,324] INFO - HTTP Request: POST https://jeniya.cn/v1/chat/completions/chat/completions "HTTP/1.1 404 Not Found"
[2026-06-12 18:11:46,382] INFO - HTTP Request: POST https://jeniya.cn/v1/chat/completions/chat/completions "HTTP/1.1 404 Not Found"
[2026-06-12 18:11:46,403] INFO - HTTP Request: POST https://jeniya.cn/v1/chat/completions/chat/completions "HTTP/1.1 404 Not Found"
[2026-06-12 18:11:46,403] INFO - HTTP Request: POST https://jeniya.cn/v1/chat/completions/chat/completions "HTTP/1.1 404 Not Found"
[2026-06-12 18:11:46,422] INFO - HTTP Request: POST https://jeniya.cn/v1/chat/completions/chat/completions "HTTP/1.1 404 Not Found"
[2026-06-12 18:11:46,466] INFO - HTTP Request: POST https://jeniya.cn/v1/chat/completions/chat/completions "HTTP/1.1 404 Not Found"
[2026-06-12 18:11:46,466] INFO - HTTP Request: POST https://jeniya.cn/v1/chat/completions/chat/completions "HTTP/1.1 404 Not Found"
[2026-06-12 18:11:46,561] INFO - HTTP Request: POST https://jeniya.cn/v1/chat/completions/chat/completions "HTTP/1.1 404 Not Found"
[2026-06-12 18:11:46,639] INFO - HTTP Request: POST https://jeniya.cn/v1/chat/completions/chat/completions "HTTP/1.1 404 Not Found"
[2026-06-12 18:11:46,669] INFO - HTTP Request: POST https://jeniya.cn/v1/chat/completions/chat/completions "HTTP/1.1 404 Not Found"
[2026-06-12 18:11:46,672] INFO - HTTP Request: POST https://jeniya.cn/v1/chat/completions/chat/completions "HTTP/1.1 404 Not Found"
[2026-06-12 18:11:46,683] INFO - HTTP Request: POST https://jeniya.cn/v1/chat/completions/chat/completions "HTTP/1.1 404 Not Found"
[2026-06-12 18:11:46,693] INFO - HTTP Request: POST https://jeniya.cn/v1/chat/completions/chat/completions "HTTP/1.1 404 Not Found"
[2026-06-12 18:11:46,741] INFO - HTTP Request: POST https://jeniya.cn/v1/chat/completions/chat/completions "HTTP/1.1 404 Not Found"
[2026-06-12 18:11:46,741] INFO - HTTP Request: POST https://jeniya.cn/v1/chat/completions/chat/completions "HTTP/1.1 404 Not Found"
[2026-06-12 18:11:46,840] INFO - HTTP Request: POST https://jeniya.cn/v1/chat/completions/chat/completions "HTTP/1.1 404 Not Found"
[2026-06-12 18:11:46,919] INFO - HTTP Request: POST https://jeniya.cn/v1/chat/completions/chat/completions "HTTP/1.1 404 Not Found"
[2026-06-12 18:11:46,941] INFO - HTTP Request: POST https://jeniya.cn/v1/chat/completions/chat/completions "HTTP/1.1 404 Not Found"
[2026-06-12 18:11:46,960] INFO - HTTP Request: POST https://jeniya.cn/v1/chat/completions/chat/completions "HTTP/1.1 404 Not Found"
[2026-06-12 18:11:46,962] INFO - HTTP Request: POST https://jeniya.cn/v1/chat/completions/chat/completions "HTTP/1.1 404 Not Found"
[2026-06-12 18:11:47,018] INFO - HTTP Request: POST https://jeniya.cn/v1/chat/completions/chat/completions "HTTP/1.1 404 Not Found"
[2026-06-12 18:11:47,019] INFO - HTTP Request: POST https://jeniya.cn/v1/chat/completions/chat/completions "HTTP/1.1 404 Not Found"
[2026-06-12 18:11:47,116] INFO - HTTP Request: POST https://jeniya.cn/v1/chat/completions/chat/completions "HTTP/1.1 404 Not Found"
[2026-06-12 18:11:47,197] INFO - HTTP Request: POST https://jeniya.cn/v1/chat/completions/chat/completions "HTTP/1.1 404 Not Found"
[2026-06-12 18:11:47,209] INFO - HTTP Request: POST https://jeniya.cn/v1/chat/completions/chat/completions "HTTP/1.1 404 Not Found"
[2026-06-12 18:11:47,231] INFO - HTTP Request: POST https://jeniya.cn/v1/chat/completions/chat/completions "HTTP/1.1 404 Not Found"
[2026-06-12 18:11:47,235] INFO - HTTP Request: POST https://jeniya.cn/v1/chat/completions/chat/completions "HTTP/1.1 404 Not Found"
[2026-06-12 18:11:47,291] INFO - HTTP Request: POST https://jeniya.cn/v1/chat/completions/chat/completions "HTTP/1.1 404 Not Found"
[2026-06-12 18:11:47,372] INFO - HTTP Request: POST https://jeniya.cn/v1/chat/completions/chat/completions "HTTP/1.1 404 Not Found"
[2026-06-12 18:11:47,397] INFO - HTTP Request: POST https://jeniya.cn/v1/chat/completions/chat/completions "HTTP/1.1 404 Not Found"
[2026-06-12 18:11:47,473] INFO - HTTP Request: POST https://jeniya.cn/v1/chat/completions/chat/completions "HTTP/1.1 404 Not Found"
[2026-06-12 18:11:47,476] INFO - HTTP Request: POST https://jeniya.cn/v1/chat/completions/chat/completions "HTTP/1.1 404 Not Found"
[2026-06-12 18:11:47,507] INFO - HTTP Request: POST https://jeniya.cn/v1/chat/completions/chat/completions "HTTP/1.1 404 Not Found"
[2026-06-12 18:11:47,507] INFO - HTTP Request: POST https://jeniya.cn/v1/chat/completions/chat/completions "HTTP/1.1 404 Not Found"
[2026-06-12 18:11:47,572] INFO - HTTP Request: POST https://jeniya.cn/v1/chat/completions/chat/completions "HTTP/1.1 404 Not Found"
[2026-06-12 18:11:47,641] INFO - HTTP Request: POST https://jeniya.cn/v1/chat/completions/chat/completions "HTTP/1.1 404 Not Found"
[2026-06-12 18:11:47,746] INFO - HTTP Request: POST https://jeniya.cn/v1/chat/completions/chat/completions "HTTP/1.1 404 Not Found"
[2026-06-12 18:11:47,754] INFO - HTTP Request: POST https://jeniya.cn/v1/chat/completions/chat/completions "HTTP/1.1 404 Not Found"
[2026-06-12 18:11:47,781] INFO - HTTP Request: POST https://jeniya.cn/v1/chat/completions/chat/completions "HTTP/1.1 404 Not Found"
[2026-06-12 18:11:47,783] INFO - HTTP Request: POST https://jeniya.cn/v1/chat/completions/chat/completions "HTTP/1.1 404 Not Found"
[2026-06-12 18:11:47,791] INFO - HTTP Request: POST https://jeniya.cn/v1/chat/completions/chat/completions "HTTP/1.1 404 Not Found"
[2026-06-12 18:11:47,875] INFO - HTTP Request: POST https://jeniya.cn/v1/chat/completions/chat/completions "HTTP/1.1 404 Not Found"
[2026-06-12 18:11:47,956] INFO - HTTP Request: POST https://jeniya.cn/v1/chat/completions/chat/completions "HTTP/1.1 404 Not Found"
[2026-06-12 18:11:48,058] INFO - HTTP Request: POST https://jeniya.cn/v1/chat/completions/chat/completions "HTTP/1.1 404 Not Found"
[2026-06-12 18:11:48,124] INFO - HTTP Request: POST https://jeniya.cn/v1/chat/completions/chat/completions "HTTP/1.1 404 Not Found"
[2026-06-12 18:11:48,124] INFO - HTTP Request: POST https://jeniya.cn/v1/chat/completions/chat/completions "HTTP/1.1 404 Not Found"
[2026-06-12 18:11:48,147] INFO - HTTP Request: POST https://jeniya.cn/v1/chat/completions/chat/completions "HTTP/1.1 404 Not Found"
[2026-06-12 18:11:48,226] INFO - HTTP Request: POST https://jeniya.cn/v1/chat/completions/chat/completions "HTTP/1.1 404 Not Found"
[2026-06-12 18:11:48,226] INFO - HTTP Request: POST https://jeniya.cn/v1/chat/completions/chat/completions "HTTP/1.1 404 Not Found"
[2026-06-12 18:11:48,334] INFO - HTTP Request: POST https://jeniya.cn/v1/chat/completions/chat/completions "HTTP/1.1 404 Not Found"
[2026-06-12 18:11:48,443] INFO - HTTP Request: POST https://jeniya.cn/v1/chat/completions/chat/completions "HTTP/1.1 404 Not Found"
[2026-06-12 18:11:48,457] INFO - HTTP Request: POST https://jeniya.cn/v1/chat/completions/chat/completions "HTTP/1.1 404 Not Found"
[2026-06-12 18:11:48,466] INFO - HTTP Request: POST https://jeniya.cn/v1/chat/completions/chat/completions "HTTP/1.1 404 Not Found"
[2026-06-12 18:11:48,515] INFO - HTTP Request: POST https://jeniya.cn/v1/chat/completions/chat/completions "HTTP/1.1 404 Not Found"
[2026-06-12 18:11:48,559] INFO - HTTP Request: POST https://jeniya.cn/v1/chat/completions/chat/completions "HTTP/1.1 404 Not Found"
[2026-06-12 18:11:48,610] INFO - HTTP Request: POST https://jeniya.cn/v1/chat/completions/chat/completions "HTTP/1.1 404 Not Found"
[2026-06-12 18:11:48,714] INFO - HTTP Request: POST https://jeniya.cn/v1/chat/completions/chat/completions "HTTP/1.1 404 Not Found"
[2026-06-12 18:11:48,757] INFO - HTTP Request: POST https://jeniya.cn/v1/chat/completions/chat/completions "HTTP/1.1 404 Not Found"
[2026-06-12 18:11:48,786] INFO - HTTP Request: POST https://jeniya.cn/v1/chat/completions/chat/completions "HTTP/1.1 404 Not Found"
[2026-06-12 18:11:48,831] INFO - HTTP Request: POST https://jeniya.cn/v1/chat/completions/chat/completions "HTTP/1.1 404 Not Found"
[2026-06-12 18:11:48,882] INFO - HTTP Request: POST https://jeniya.cn/v1/chat/completions/chat/completions "HTTP/1.1 404 Not Found"
[2026-06-12 18:11:48,991] INFO - HTTP Request: POST https://jeniya.cn/v1/chat/completions/chat/completions "HTTP/1.1 404 Not Found"
[2026-06-12 18:11:49,031] INFO - HTTP Request: POST https://jeniya.cn/v1/chat/completions/chat/completions "HTTP/1.1 404 Not Found"
[2026-06-12 18:11:49,056] INFO - HTTP Request: POST https://jeniya.cn/v1/chat/completions/chat/completions "HTTP/1.1 404 Not Found"
[2026-06-12 18:11:49,109] INFO - HTTP Request: POST https://jeniya.cn/v1/chat/completions/chat/completions "HTTP/1.1 404 Not Found"
[2026-06-12 18:11:49,156] INFO - HTTP Request: POST https://jeniya.cn/v1/chat/completions/chat/completions "HTTP/1.1 404 Not Found"
[2026-06-12 18:11:49,203] INFO - HTTP Request: POST https://jeniya.cn/v1/chat/completions/chat/completions "HTTP/1.1 404 Not Found"
[2026-06-12 18:11:49,212] INFO - HTTP Request: POST https://jeniya.cn/v1/chat/completions/chat/completions "HTTP/1.1 404 Not Found"
[2026-06-12 18:11:49,234] INFO - HTTP Request: POST https://jeniya.cn/v1/chat/completions/chat/completions "HTTP/1.1 404 Not Found"
[2026-06-12 18:11:49,263] INFO - HTTP Request: POST https://jeniya.cn/v1/chat/completions/chat/completions "HTTP/1.1 404 Not Found"
[2026-06-12 18:11:49,299] INFO - HTTP Request: POST https://jeniya.cn/v1/chat/completions/chat/completions "HTTP/1.1 404 Not Found"
[2026-06-12 18:11:49,326] INFO - HTTP Request: POST https://jeniya.cn/v1/chat/completions/chat/completions "HTTP/1.1 404 Not Found"
[2026-06-12 18:11:49,378] INFO - HTTP Request: POST https://jeniya.cn/v1/chat/completions/chat/completions "HTTP/1.1 404 Not Found"
[2026-06-12 18:11:49,428] INFO - HTTP Request: POST https://jeniya.cn/v1/chat/completions/chat/completions "HTTP/1.1 404 Not Found"
[2026-06-12 18:11:49,494] INFO - HTTP Request: POST https://jeniya.cn/v1/chat/completions/chat/completions "HTTP/1.1 404 Not Found"
[2026-06-12 18:11:49,517] INFO - HTTP Request: POST https://jeniya.cn/v1/chat/completions/chat/completions "HTTP/1.1 404 Not Found"
[2026-06-12 18:11:49,534] INFO - HTTP Request: POST https://jeniya.cn/v1/chat/completions/chat/completions "HTTP/1.1 404 Not Found"
[2026-06-12 18:11:49,568] INFO - HTTP Request: POST https://jeniya.cn/v1/chat/completions/chat/completions "HTTP/1.1 404 Not Found"
[2026-06-12 18:11:49,594] INFO - HTTP Request: POST https://jeniya.cn/v1/chat/completions/chat/completions "HTTP/1.1 404 Not Found"
[2026-06-12 18:11:49,651] INFO - HTTP Request: POST https://jeniya.cn/v1/chat/completions/chat/completions "HTTP/1.1 404 Not Found"
[2026-06-12 18:11:49,661] INFO - HTTP Request: POST https://jeniya.cn/v1/chat/completions/chat/completions "HTTP/1.1 404 Not Found"
[2026-06-12 18:11:49,699] INFO - HTTP Request: POST https://jeniya.cn/v1/chat/completions/chat/completions "HTTP/1.1 404 Not Found"
[2026-06-12 18:11:49,774] INFO - HTTP Request: POST https://jeniya.cn/v1/chat/completions/chat/completions "HTTP/1.1 404 Not Found"
[2026-06-12 18:11:49,808] INFO - HTTP Request: POST https://jeniya.cn/v1/chat/completions/chat/completions "HTTP/1.1 404 Not Found"
[2026-06-12 18:11:49,836] INFO - HTTP Request: POST https://jeniya.cn/v1/chat/completions/chat/completions "HTTP/1.1 404 Not Found"
[2026-06-12 18:11:49,861] INFO - HTTP Request: POST https://jeniya.cn/v1/chat/completions/chat/completions "HTTP/1.1 404 Not Found"
[2026-06-12 18:11:49,874] INFO - HTTP Request: POST https://jeniya.cn/v1/chat/completions/chat/completions "HTTP/1.1 404 Not Found"
[2026-06-12 18:11:49,919] INFO - HTTP Request: POST https://jeniya.cn/v1/chat/completions/chat/completions "HTTP/1.1 404 Not Found"
[2026-06-12 18:11:49,972] INFO - HTTP Request: POST https://jeniya.cn/v1/chat/completions/chat/completions "HTTP/1.1 404 Not Found"
[2026-06-12 18:11:50,079] INFO - HTTP Request: POST https://jeniya.cn/v1/chat/completions/chat/completions "HTTP/1.1 404 Not Found"
[2026-06-12 18:11:50,109] INFO - HTTP Request: POST https://jeniya.cn/v1/chat/completions/chat/completions "HTTP/1.1 404 Not Found"
[2026-06-12 18:11:50,134] INFO - HTTP Request: POST https://jeniya.cn/v1/chat/completions/chat/completions "HTTP/1.1 404 Not Found"
[2026-06-12 18:11:50,190] INFO - HTTP Request: POST https://jeniya.cn/v1/chat/completions/chat/completions "HTTP/1.1 404 Not Found"
[2026-06-12 18:11:50,353] INFO - HTTP Request: POST https://jeniya.cn/v1/chat/completions/chat/completions "HTTP/1.1 404 Not Found"
[2026-06-12 18:11:50,376] INFO - HTTP Request: POST https://jeniya.cn/v1/chat/completions/chat/completions "HTTP/1.1 404 Not Found"
[2026-06-12 18:11:50,404] INFO - HTTP Request: POST https://jeniya.cn/v1/chat/completions/chat/completions "HTTP/1.1 404 Not Found"
[2026-06-12 18:11:50,406] INFO - HTTP Request: POST https://jeniya.cn/v1/chat/completions/chat/completions "HTTP/1.1 404 Not Found"
[2026-06-12 18:11:50,460] INFO - HTTP Request: POST https://jeniya.cn/v1/chat/completions/chat/completions "HTTP/1.1 404 Not Found"
[2026-06-12 18:11:50,509] INFO - HTTP Request: POST https://jeniya.cn/v1/chat/completions/chat/completions "HTTP/1.1 404 Not Found"
[2026-06-12 18:11:50,624] INFO - HTTP Request: POST https://jeniya.cn/v1/chat/completions/chat/completions "HTTP/1.1 404 Not Found"
[2026-06-12 18:11:50,645] INFO - HTTP Request: POST https://jeniya.cn/v1/chat/completions/chat/completions "HTTP/1.1 404 Not Found"
[2026-06-12 18:11:50,659] INFO - HTTP Request: POST https://jeniya.cn/v1/chat/completions/chat/completions "HTTP/1.1 404 Not Found"
[2026-06-12 18:11:50,676] INFO - HTTP Request: POST https://jeniya.cn/v1/chat/completions/chat/completions "HTTP/1.1 404 Not Found"
[2026-06-12 18:11:50,689] INFO - HTTP Request: POST https://jeniya.cn/v1/chat/completions/chat/completions "HTTP/1.1 404 Not Found"
[2026-06-12 18:11:50,731] INFO - HTTP Request: POST https://jeniya.cn/v1/chat/completions/chat/completions "HTTP/1.1 404 Not Found"
[2026-06-12 18:11:50,739] INFO - HTTP Request: POST https://jeniya.cn/v1/chat/completions/chat/completions "HTTP/1.1 404 Not Found"
[2026-06-12 18:11:50,787] INFO - HTTP Request: POST https://jeniya.cn/v1/chat/completions/chat/completions "HTTP/1.1 404 Not Found"
[2026-06-12 18:11:50,897] INFO - HTTP Request: POST https://jeniya.cn/v1/chat/completions/chat/completions "HTTP/1.1 404 Not Found"
[2026-06-12 18:11:50,943] INFO - HTTP Request: POST https://jeniya.cn/v1/chat/completions/chat/completions "HTTP/1.1 404 Not Found"
[2026-06-12 18:11:50,965] INFO - HTTP Request: POST https://jeniya.cn/v1/chat/completions/chat/completions "HTTP/1.1 404 Not Found"
[2026-06-12 18:11:51,002] INFO - HTTP Request: POST https://jeniya.cn/v1/chat/completions/chat/completions "HTTP/1.1 404 Not Found"
[2026-06-12 18:11:51,007] INFO - HTTP Request: POST https://jeniya.cn/v1/chat/completions/chat/completions "HTTP/1.1 404 Not Found"
[2026-06-12 18:11:51,070] INFO - HTTP Request: POST https://jeniya.cn/v1/chat/completions/chat/completions "HTTP/1.1 404 Not Found"
[2026-06-12 18:11:51,170] INFO - HTTP Request: POST https://jeniya.cn/v1/chat/completions/chat/completions "HTTP/1.1 404 Not Found"
[2026-06-12 18:11:51,212] INFO - HTTP Request: POST https://jeniya.cn/v1/chat/completions/chat/completions "HTTP/1.1 404 Not Found"
[2026-06-12 18:11:51,242] INFO - HTTP Request: POST https://jeniya.cn/v1/chat/completions/chat/completions "HTTP/1.1 404 Not Found"
[2026-06-12 18:11:51,277] INFO - HTTP Request: POST https://jeniya.cn/v1/chat/completions/chat/completions "HTTP/1.1 404 Not Found"
[2026-06-12 18:11:51,280] INFO - HTTP Request: POST https://jeniya.cn/v1/chat/completions/chat/completions "HTTP/1.1 404 Not Found"
[2026-06-12 18:11:51,350] INFO - HTTP Request: POST https://jeniya.cn/v1/chat/completions/chat/completions "HTTP/1.1 404 Not Found"
[2026-06-12 18:11:51,423] INFO - HTTP Request: POST https://jeniya.cn/v1/chat/completions/chat/completions "HTTP/1.1 404 Not Found"
[2026-06-12 18:11:51,445] INFO - HTTP Request: POST https://jeniya.cn/v1/chat/completions/chat/completions "HTTP/1.1 404 Not Found"
[2026-06-12 18:11:51,452] INFO - HTTP Request: POST https://jeniya.cn/v1/chat/completions/chat/completions "HTTP/1.1 404 Not Found"
[2026-06-12 18:11:51,481] INFO - HTTP Request: POST https://jeniya.cn/v1/chat/completions/chat/completions "HTTP/1.1 404 Not Found"
[2026-06-12 18:11:51,547] INFO - HTTP Request: POST https://jeniya.cn/v1/chat/completions/chat/completions "HTTP/1.1 404 Not Found"
[2026-06-12 18:11:51,548] INFO - HTTP Request: POST https://jeniya.cn/v1/chat/completions/chat/completions "HTTP/1.1 404 Not Found"
[2026-06-12 18:11:51,738] INFO - HTTP Request: POST https://jeniya.cn/v1/chat/completions/chat/completions "HTTP/1.1 404 Not Found"
[2026-06-12 18:11:51,740] INFO - HTTP Request: POST https://jeniya.cn/v1/chat/completions/chat/completions "HTTP/1.1 404 Not Found"
[2026-06-12 18:11:51,748] INFO - HTTP Request: POST https://jeniya.cn/v1/chat/completions/chat/completions "HTTP/1.1 404 Not Found"
[2026-06-12 18:11:51,819] INFO - HTTP Request: POST https://jeniya.cn/v1/chat/completions/chat/completions "HTTP/1.1 404 Not Found"
[2026-06-12 18:11:51,834] INFO - HTTP Request: POST https://jeniya.cn/v1/chat/completions/chat/completions "HTTP/1.1 404 Not Found"
[2026-06-12 18:11:51,836] INFO - HTTP Request: POST https://jeniya.cn/v1/chat/completions/chat/completions "HTTP/1.1 404 Not Found"
[2026-06-12 18:11:51,837] INFO - HTTP Request: POST https://jeniya.cn/v1/chat/completions/chat/completions "HTTP/1.1 404 Not Found"
[2026-06-12 18:11:52,006] INFO - HTTP Request: POST https://jeniya.cn/v1/chat/completions/chat/completions "HTTP/1.1 404 Not Found"
[2026-06-12 18:11:52,011] INFO - HTTP Request: POST https://jeniya.cn/v1/chat/completions/chat/completions "HTTP/1.1 404 Not Found"
[2026-06-12 18:11:52,018] INFO - HTTP Request: POST https://jeniya.cn/v1/chat/completions/chat/completions "HTTP/1.1 404 Not Found"
[2026-06-12 18:11:52,097] INFO - HTTP Request: POST https://jeniya.cn/v1/chat/completions/chat/completions "HTTP/1.1 404 Not Found"
[2026-06-12 18:11:52,105] INFO - HTTP Request: POST https://jeniya.cn/v1/chat/completions/chat/completions "HTTP/1.1 404 Not Found"
[2026-06-12 18:11:52,106] INFO - HTTP Request: POST https://jeniya.cn/v1/chat/completions/chat/completions "HTTP/1.1 404 Not Found"
[2026-06-12 18:11:52,114] INFO - HTTP Request: POST https://jeniya.cn/v1/chat/completions/chat/completions "HTTP/1.1 404 Not Found"
[2026-06-12 18:11:52,274] INFO - HTTP Request: POST https://jeniya.cn/v1/chat/completions/chat/completions "HTTP/1.1 404 Not Found"
[2026-06-12 18:11:52,283] INFO - HTTP Request: POST https://jeniya.cn/v1/chat/completions/chat/completions "HTTP/1.1 404 Not Found"
[2026-06-12 18:11:52,328] INFO - HTTP Request: POST https://jeniya.cn/v1/chat/completions/chat/completions "HTTP/1.1 404 Not Found"
[2026-06-12 18:11:52,369] INFO - HTTP Request: POST https://jeniya.cn/v1/chat/completions/chat/completions "HTTP/1.1 404 Not Found"
[2026-06-12 18:11:52,381] INFO - HTTP Request: POST https://jeniya.cn/v1/chat/completions/chat/completions "HTTP/1.1 404 Not Found"
[2026-06-12 18:11:52,457] INFO - HTTP Request: POST https://jeniya.cn/v1/chat/completions/chat/completions "HTTP/1.1 404 Not Found"
[2026-06-12 18:11:52,464] INFO - HTTP Request: POST https://jeniya.cn/v1/chat/completions/chat/completions "HTTP/1.1 404 Not Found"
[2026-06-12 18:11:52,542] INFO - HTTP Request: POST https://jeniya.cn/v1/chat/completions/chat/completions "HTTP/1.1 404 Not Found"
[2026-06-12 18:11:52,552] INFO - HTTP Request: POST https://jeniya.cn/v1/chat/completions/chat/completions "HTTP/1.1 404 Not Found"
[2026-06-12 18:11:52,611] INFO - HTTP Request: POST https://jeniya.cn/v1/chat/completions/chat/completions "HTTP/1.1 404 Not Found"
[2026-06-12 18:11:52,637] INFO - HTTP Request: POST https://jeniya.cn/v1/chat/completions/chat/completions "HTTP/1.1 404 Not Found"
[2026-06-12 18:11:52,651] INFO - HTTP Request: POST https://jeniya.cn/v1/chat/completions/chat/completions "HTTP/1.1 404 Not Found"
[2026-06-12 18:11:52,737] INFO - HTTP Request: POST https://jeniya.cn/v1/chat/completions/chat/completions "HTTP/1.1 404 Not Found"
[2026-06-12 18:11:52,738] INFO - HTTP Request: POST https://jeniya.cn/v1/chat/completions/chat/completions "HTTP/1.1 404 Not Found"
[2026-06-12 18:11:52,775] INFO - HTTP Request: POST https://jeniya.cn/v1/chat/completions/chat/completions "HTTP/1.1 404 Not Found"
[2026-06-12 18:11:52,809] INFO - HTTP Request: POST https://jeniya.cn/v1/chat/completions/chat/completions "HTTP/1.1 404 Not Found"
[2026-06-12 18:11:52,828] INFO - HTTP Request: POST https://jeniya.cn/v1/chat/completions/chat/completions "HTTP/1.1 404 Not Found"
[2026-06-12 18:11:52,910] INFO - HTTP Request: POST https://jeniya.cn/v1/chat/completions/chat/completions "HTTP/1.1 404 Not Found"
[2026-06-12 18:11:52,923] INFO - HTTP Request: POST https://jeniya.cn/v1/chat/completions/chat/completions "HTTP/1.1 404 Not Found"
[2026-06-12 18:11:53,016] INFO - HTTP Request: POST https://jeniya.cn/v1/chat/completions/chat/completions "HTTP/1.1 404 Not Found"
[2026-06-12 18:11:53,019] INFO - HTTP Request: POST https://jeniya.cn/v1/chat/completions/chat/completions "HTTP/1.1 404 Not Found"
[2026-06-12 18:11:53,045] INFO - HTTP Request: POST https://jeniya.cn/v1/chat/completions/chat/completions "HTTP/1.1 404 Not Found"
[2026-06-12 18:11:53,094] INFO - HTTP Request: POST https://jeniya.cn/v1/chat/completions/chat/completions "HTTP/1.1 404 Not Found"
[2026-06-12 18:11:53,185] INFO - HTTP Request: POST https://jeniya.cn/v1/chat/completions/chat/completions "HTTP/1.1 404 Not Found"
[2026-06-12 18:11:53,193] INFO - HTTP Request: POST https://jeniya.cn/v1/chat/completions/chat/completions "HTTP/1.1 404 Not Found"
[2026-06-12 18:11:53,303] INFO - HTTP Request: POST https://jeniya.cn/v1/chat/completions/chat/completions "HTTP/1.1 404 Not Found"
[2026-06-12 18:11:53,303] INFO - HTTP Request: POST https://jeniya.cn/v1/chat/completions/chat/completions "HTTP/1.1 404 Not Found"
[2026-06-12 18:11:53,318] INFO - HTTP Request: POST https://jeniya.cn/v1/chat/completions/chat/completions "HTTP/1.1 404 Not Found"
[2026-06-12 18:11:53,363] INFO - HTTP Request: POST https://jeniya.cn/v1/chat/completions/chat/completions "HTTP/1.1 404 Not Found"
[2026-06-12 18:11:53,383] INFO - HTTP Request: POST https://jeniya.cn/v1/chat/completions/chat/completions "HTTP/1.1 404 Not Found"
[2026-06-12 18:11:53,460] INFO - HTTP Request: POST https://jeniya.cn/v1/chat/completions/chat/completions "HTTP/1.1 404 Not Found"
[2026-06-12 18:11:53,462] INFO - HTTP Request: POST https://jeniya.cn/v1/chat/completions/chat/completions "HTTP/1.1 404 Not Found"
[2026-06-12 18:11:53,591] INFO - HTTP Request: POST https://jeniya.cn/v1/chat/completions/chat/completions "HTTP/1.1 404 Not Found"
[2026-06-12 18:11:53,616] INFO - HTTP Request: POST https://jeniya.cn/v1/chat/completions/chat/completions "HTTP/1.1 404 Not Found"
[2026-06-12 18:11:53,632] INFO - HTTP Request: POST https://jeniya.cn/v1/chat/completions/chat/completions "HTTP/1.1 404 Not Found"
[2026-06-12 18:11:53,735] INFO - HTTP Request: POST https://jeniya.cn/v1/chat/completions/chat/completions "HTTP/1.1 404 Not Found"
[2026-06-12 18:11:53,885] INFO - HTTP Request: POST https://jeniya.cn/v1/chat/completions/chat/completions "HTTP/1.1 404 Not Found"
[2026-06-12 18:11:53,895] INFO - HTTP Request: POST https://jeniya.cn/v1/chat/completions/chat/completions "HTTP/1.1 404 Not Found"
[2026-06-12 18:11:53,904] INFO - HTTP Request: POST https://jeniya.cn/v1/chat/completions/chat/completions "HTTP/1.1 404 Not Found"
[2026-06-12 18:11:53,905] INFO - HTTP Request: POST https://jeniya.cn/v1/chat/completions/chat/completions "HTTP/1.1 404 Not Found"
[2026-06-12 18:11:53,918] INFO - HTTP Request: POST https://jeniya.cn/v1/chat/completions/chat/completions "HTTP/1.1 404 Not Found"
[2026-06-12 18:11:53,941] INFO - HTTP Request: POST https://jeniya.cn/v1/chat/completions/chat/completions "HTTP/1.1 404 Not Found"
[2026-06-12 18:11:53,943] INFO - HTTP Request: POST https://jeniya.cn/v1/chat/completions/chat/completions "HTTP/1.1 404 Not Found"
[2026-06-12 18:11:54,005] INFO - HTTP Request: POST https://jeniya.cn/v1/chat/completions/chat/completions "HTTP/1.1 404 Not Found"
[2026-06-12 18:11:54,157] INFO - HTTP Request: POST https://jeniya.cn/v1/chat/completions/chat/completions "HTTP/1.1 404 Not Found"
[2026-06-12 18:11:54,171] INFO - HTTP Request: POST https://jeniya.cn/v1/chat/completions/chat/completions "HTTP/1.1 404 Not Found"
[2026-06-12 18:11:54,182] INFO - HTTP Request: POST https://jeniya.cn/v1/chat/completions/chat/completions "HTTP/1.1 404 Not Found"
[2026-06-12 18:11:54,184] INFO - HTTP Request: POST https://jeniya.cn/v1/chat/completions/chat/completions "HTTP/1.1 404 Not Found"
[2026-06-12 18:11:54,198] INFO - HTTP Request: POST https://jeniya.cn/v1/chat/completions/chat/completions "HTTP/1.1 404 Not Found"
[2026-06-12 18:11:54,208] INFO - HTTP Request: POST https://jeniya.cn/v1/chat/completions/chat/completions "HTTP/1.1 404 Not Found"
[2026-06-12 18:11:54,213] INFO - HTTP Request: POST https://jeniya.cn/v1/chat/completions/chat/completions "HTTP/1.1 404 Not Found"
[2026-06-12 18:11:54,274] INFO - HTTP Request: POST https://jeniya.cn/v1/chat/completions/chat/completions "HTTP/1.1 404 Not Found"
[2026-06-12 18:11:54,431] INFO - HTTP Request: POST https://jeniya.cn/v1/chat/completions/chat/completions "HTTP/1.1 404 Not Found"
[2026-06-12 18:11:54,459] INFO - HTTP Request: POST https://jeniya.cn/v1/chat/completions/chat/completions "HTTP/1.1 404 Not Found"
[2026-06-12 18:11:54,459] INFO - HTTP Request: POST https://jeniya.cn/v1/chat/completions/chat/completions "HTTP/1.1 404 Not Found"
[2026-06-12 18:11:54,475] INFO - HTTP Request: POST https://jeniya.cn/v1/chat/completions/chat/completions "HTTP/1.1 404 Not Found"
[2026-06-12 18:11:54,477] INFO - HTTP Request: POST https://jeniya.cn/v1/chat/completions/chat/completions "HTTP/1.1 404 Not Found"
[2026-06-12 18:11:54,483] INFO - HTTP Request: POST https://jeniya.cn/v1/chat/completions/chat/completions "HTTP/1.1 404 Not Found"
[2026-06-12 18:11:54,547] INFO - HTTP Request: POST https://jeniya.cn/v1/chat/completions/chat/completions "HTTP/1.1 404 Not Found"
[2026-06-12 18:11:54,716] INFO - HTTP Request: POST https://jeniya.cn/v1/chat/completions/chat/completions "HTTP/1.1 404 Not Found"
[2026-06-12 18:11:54,748] INFO - HTTP Request: POST https://jeniya.cn/v1/chat/completions/chat/completions "HTTP/1.1 404 Not Found"
[2026-06-12 18:11:54,760] INFO - HTTP Request: POST https://jeniya.cn/v1/chat/completions/chat/completions "HTTP/1.1 404 Not Found"
[2026-06-12 18:11:54,818] INFO - HTTP Request: POST https://jeniya.cn/v1/chat/completions/chat/completions "HTTP/1.1 404 Not Found"
[2026-06-12 18:11:54,917] INFO - HTTP Request: POST https://jeniya.cn/v1/chat/completions/chat/completions "HTTP/1.1 404 Not Found"
[2026-06-12 18:11:54,996] INFO - HTTP Request: POST https://jeniya.cn/v1/chat/completions/chat/completions "HTTP/1.1 404 Not Found"
[2026-06-12 18:11:55,018] INFO - HTTP Request: POST https://jeniya.cn/v1/chat/completions/chat/completions "HTTP/1.1 404 Not Found"
[2026-06-12 18:11:55,034] INFO - HTTP Request: POST https://jeniya.cn/v1/chat/completions/chat/completions "HTTP/1.1 404 Not Found"
[2026-06-12 18:11:55,187] INFO - HTTP Request: POST https://jeniya.cn/v1/chat/completions/chat/completions "HTTP/1.1 404 Not Found"
[2026-06-12 18:11:55,226] INFO - HTTP Request: POST https://jeniya.cn/v1/chat/completions/chat/completions "HTTP/1.1 404 Not Found"
[2026-06-12 18:11:55,226] INFO - HTTP Request: POST https://jeniya.cn/v1/chat/completions/chat/completions "HTTP/1.1 404 Not Found"
[2026-06-12 18:11:55,245] INFO - HTTP Request: POST https://jeniya.cn/v1/chat/completions/chat/completions "HTTP/1.1 404 Not Found"
[2026-06-12 18:11:55,267] INFO - HTTP Request: POST https://jeniya.cn/v1/chat/completions/chat/completions "HTTP/1.1 404 Not Found"
[2026-06-12 18:11:55,288] INFO - HTTP Request: POST https://jeniya.cn/v1/chat/completions/chat/completions "HTTP/1.1 404 Not Found"
[2026-06-12 18:11:55,462] INFO - HTTP Request: POST https://jeniya.cn/v1/chat/completions/chat/completions "HTTP/1.1 404 Not Found"
[2026-06-12 18:11:55,499] INFO - HTTP Request: POST https://jeniya.cn/v1/chat/completions/chat/completions "HTTP/1.1 404 Not Found"
[2026-06-12 18:11:55,537] INFO - HTTP Request: POST https://jeniya.cn/v1/chat/completions/chat/completions "HTTP/1.1 404 Not Found"
[2026-06-12 18:11:55,556] INFO - HTTP Request: POST https://jeniya.cn/v1/chat/completions/chat/completions "HTTP/1.1 404 Not Found"
[2026-06-12 18:11:55,736] INFO - HTTP Request: POST https://jeniya.cn/v1/chat/completions/chat/completions "HTTP/1.1 404 Not Found"
[2026-06-12 18:11:55,749] INFO - HTTP Request: POST https://jeniya.cn/v1/chat/completions/chat/completions "HTTP/1.1 404 Not Found"
[2026-06-12 18:11:55,752] INFO - HTTP Request: POST https://jeniya.cn/v1/chat/completions/chat/completions "HTTP/1.1 404 Not Found"
[2026-06-12 18:11:55,769] INFO - HTTP Request: POST https://jeniya.cn/v1/chat/completions/chat/completions "HTTP/1.1 404 Not Found"
[2026-06-12 18:11:55,806] INFO - HTTP Request: POST https://jeniya.cn/v1/chat/completions/chat/completions "HTTP/1.1 404 Not Found"
[2026-06-12 18:11:55,820] INFO - HTTP Request: POST https://jeniya.cn/v1/chat/completions/chat/completions "HTTP/1.1 404 Not Found"
[2026-06-12 18:11:55,956] INFO - HTTP Request: POST https://jeniya.cn/v1/chat/completions/chat/completions "HTTP/1.1 404 Not Found"
[2026-06-12 18:11:56,003] INFO - HTTP Request: POST https://jeniya.cn/v1/chat/completions/chat/completions "HTTP/1.1 404 Not Found"
[2026-06-12 18:11:56,039] INFO - HTTP Request: POST https://jeniya.cn/v1/chat/completions/chat/completions "HTTP/1.1 404 Not Found"
[2026-06-12 18:11:56,070] INFO - HTTP Request: POST https://jeniya.cn/v1/chat/completions/chat/completions "HTTP/1.1 404 Not Found"
[2026-06-12 18:11:56,076] INFO - HTTP Request: POST https://jeniya.cn/v1/chat/completions/chat/completions "HTTP/1.1 404 Not Found"
[2026-06-12 18:11:56,271] INFO - HTTP Request: POST https://jeniya.cn/v1/chat/completions/chat/completions "HTTP/1.1 404 Not Found"
[2026-06-12 18:11:56,302] INFO - HTTP Request: POST https://jeniya.cn/v1/chat/completions/chat/completions "HTTP/1.1 404 Not Found"
[2026-06-12 18:11:56,309] INFO - HTTP Request: POST https://jeniya.cn/v1/chat/completions/chat/completions "HTTP/1.1 404 Not Found"
[2026-06-12 18:11:56,363] INFO - HTTP Request: POST https://jeniya.cn/v1/chat/completions/chat/completions "HTTP/1.1 404 Not Found"
[2026-06-12 18:11:56,363] INFO - HTTP Request: POST https://jeniya.cn/v1/chat/completions/chat/completions "HTTP/1.1 404 Not Found"
[2026-06-12 18:11:56,423] INFO - HTTP Request: POST https://jeniya.cn/v1/chat/completions/chat/completions "HTTP/1.1 404 Not Found"
[2026-06-12 18:11:56,424] INFO - HTTP Request: POST https://jeniya.cn/v1/chat/completions/chat/completions "HTTP/1.1 404 Not Found"
[2026-06-12 18:11:56,540] INFO - HTTP Request: POST https://jeniya.cn/v1/chat/completions/chat/completions "HTTP/1.1 404 Not Found"
[2026-06-12 18:11:56,580] INFO - HTTP Request: POST https://jeniya.cn/v1/chat/completions/chat/completions "HTTP/1.1 404 Not Found"
[2026-06-12 18:11:56,580] INFO - HTTP Request: POST https://jeniya.cn/v1/chat/completions/chat/completions "HTTP/1.1 404 Not Found"
[2026-06-12 18:11:56,636] INFO - HTTP Request: POST https://jeniya.cn/v1/chat/completions/chat/completions "HTTP/1.1 404 Not Found"
[2026-06-12 18:11:56,673] INFO - HTTP Request: POST https://jeniya.cn/v1/chat/completions/chat/completions "HTTP/1.1 404 Not Found"
[2026-06-12 18:11:56,687] INFO - HTTP Request: POST https://jeniya.cn/v1/chat/completions/chat/completions "HTTP/1.1 404 Not Found"
[2026-06-12 18:11:56,708] INFO - HTTP Request: POST https://jeniya.cn/v1/chat/completions/chat/completions "HTTP/1.1 404 Not Found"
[2026-06-12 18:11:56,815] INFO - HTTP Request: POST https://jeniya.cn/v1/chat/completions/chat/completions "HTTP/1.1 404 Not Found"
[2026-06-12 18:11:56,865] INFO - HTTP Request: POST https://jeniya.cn/v1/chat/completions/chat/completions "HTTP/1.1 404 Not Found"
[2026-06-12 18:11:56,909] INFO - HTTP Request: POST https://jeniya.cn/v1/chat/completions/chat/completions "HTTP/1.1 404 Not Found"
[2026-06-12 18:11:56,942] INFO - HTTP Request: POST https://jeniya.cn/v1/chat/completions/chat/completions "HTTP/1.1 404 Not Found"
[2026-06-12 18:11:56,958] INFO - HTTP Request: POST https://jeniya.cn/v1/chat/completions/chat/completions "HTTP/1.1 404 Not Found"
[2026-06-12 18:11:56,978] INFO - HTTP Request: POST https://jeniya.cn/v1/chat/completions/chat/completions "HTTP/1.1 404 Not Found"
[2026-06-12 18:11:57,081] INFO - HTTP Request: POST https://jeniya.cn/v1/chat/completions/chat/completions "HTTP/1.1 404 Not Found"
[2026-06-12 18:11:57,141] INFO - HTTP Request: POST https://jeniya.cn/v1/chat/completions/chat/completions "HTTP/1.1 404 Not Found"
[2026-06-12 18:11:57,208] INFO - HTTP Request: POST https://jeniya.cn/v1/chat/completions/chat/completions "HTTP/1.1 404 Not Found"
[2026-06-12 18:11:57,221] INFO - HTTP Request: POST https://jeniya.cn/v1/chat/completions/chat/completions "HTTP/1.1 404 Not Found"
[2026-06-12 18:11:57,229] INFO - HTTP Request: POST https://jeniya.cn/v1/chat/completions/chat/completions "HTTP/1.1 404 Not Found"
[2026-06-12 18:11:57,346] INFO - HTTP Request: POST https://jeniya.cn/v1/chat/completions/chat/completions "HTTP/1.1 404 Not Found"
[2026-06-12 18:11:57,401] INFO - HTTP Request: POST https://jeniya.cn/v1/chat/completions/chat/completions "HTTP/1.1 404 Not Found"
[2026-06-12 18:11:57,418] INFO - HTTP Request: POST https://jeniya.cn/v1/chat/completions/chat/completions "HTTP/1.1 404 Not Found"
[2026-06-12 18:11:57,475] INFO - HTTP Request: POST https://jeniya.cn/v1/chat/completions/chat/completions "HTTP/1.1 404 Not Found"
[2026-06-12 18:11:57,502] INFO - HTTP Request: POST https://jeniya.cn/v1/chat/completions/chat/completions "HTTP/1.1 404 Not Found"
[2026-06-12 18:11:57,502] INFO - HTTP Request: POST https://jeniya.cn/v1/chat/completions/chat/completions "HTTP/1.1 404 Not Found"
[2026-06-12 18:11:57,626] INFO - HTTP Request: POST https://jeniya.cn/v1/chat/completions/chat/completions "HTTP/1.1 404 Not Found"
[2026-06-12 18:11:57,670] INFO - HTTP Request: POST https://jeniya.cn/v1/chat/completions/chat/completions "HTTP/1.1 404 Not Found"
[2026-06-12 18:11:57,674] INFO - HTTP Request: POST https://jeniya.cn/v1/chat/completions/chat/completions "HTTP/1.1 404 Not Found"
[2026-06-12 18:11:57,709] INFO - HTTP Request: POST https://jeniya.cn/v1/chat/completions/chat/completions "HTTP/1.1 404 Not Found"
[2026-06-12 18:11:57,730] INFO - HTTP Request: POST https://jeniya.cn/v1/chat/completions/chat/completions "HTTP/1.1 404 Not Found"
[2026-06-12 18:11:57,741] INFO - HTTP Request: POST https://jeniya.cn/v1/chat/completions/chat/completions "HTTP/1.1 404 Not Found"
[2026-06-12 18:11:57,777] INFO - HTTP Request: POST https://jeniya.cn/v1/chat/completions/chat/completions "HTTP/1.1 404 Not Found"
[2026-06-12 18:11:57,780] INFO - HTTP Request: POST https://jeniya.cn/v1/chat/completions/chat/completions "HTTP/1.1 404 Not Found"
[2026-06-12 18:11:57,894] INFO - HTTP Request: POST https://jeniya.cn/v1/chat/completions/chat/completions "HTTP/1.1 404 Not Found"
[2026-06-12 18:11:57,950] INFO - HTTP Request: POST https://jeniya.cn/v1/chat/completions/chat/completions "HTTP/1.1 404 Not Found"
[2026-06-12 18:11:57,950] INFO - HTTP Request: POST https://jeniya.cn/v1/chat/completions/chat/completions "HTTP/1.1 404 Not Found"
[2026-06-12 18:11:58,005] INFO - HTTP Request: POST https://jeniya.cn/v1/chat/completions/chat/completions "HTTP/1.1 404 Not Found"
[2026-06-12 18:11:58,048] INFO - HTTP Request: POST https://jeniya.cn/v1/chat/completions/chat/completions "HTTP/1.1 404 Not Found"
[2026-06-12 18:11:58,066] INFO - HTTP Request: POST https://jeniya.cn/v1/chat/completions/chat/completions "HTTP/1.1 404 Not Found"
[2026-06-12 18:11:58,068] INFO - HTTP Request: POST https://jeniya.cn/v1/chat/completions/chat/completions "HTTP/1.1 404 Not Found"
[2026-06-12 18:11:58,077] INFO - HTTP Request: POST https://jeniya.cn/v1/chat/completions/chat/completions "HTTP/1.1 404 Not Found"
[2026-06-12 18:11:58,223] INFO - HTTP Request: POST https://jeniya.cn/v1/chat/completions/chat/completions "HTTP/1.1 404 Not Found"
[2026-06-12 18:11:58,223] INFO - HTTP Request: POST https://jeniya.cn/v1/chat/completions/chat/completions "HTTP/1.1 404 Not Found"
[2026-06-12 18:11:58,272] INFO - HTTP Request: POST https://jeniya.cn/v1/chat/completions/chat/completions "HTTP/1.1 404 Not Found"
[2026-06-12 18:11:58,319] INFO - HTTP Request: POST https://jeniya.cn/v1/chat/completions/chat/completions "HTTP/1.1 404 Not Found"
[2026-06-12 18:11:58,347] INFO - HTTP Request: POST https://jeniya.cn/v1/chat/completions/chat/completions "HTTP/1.1 404 Not Found"
[2026-06-12 18:11:58,349] INFO - HTTP Request: POST https://jeniya.cn/v1/chat/completions/chat/completions "HTTP/1.1 404 Not Found"
[2026-06-12 18:11:58,496] INFO - HTTP Request: POST https://jeniya.cn/v1/chat/completions/chat/completions "HTTP/1.1 404 Not Found"
[2026-06-12 18:11:58,496] INFO - HTTP Request: POST https://jeniya.cn/v1/chat/completions/chat/completions "HTTP/1.1 404 Not Found"
[2026-06-12 18:11:58,536] INFO - HTTP Request: POST https://jeniya.cn/v1/chat/completions/chat/completions "HTTP/1.1 404 Not Found"
[2026-06-12 18:11:58,588] INFO - HTTP Request: POST https://jeniya.cn/v1/chat/completions/chat/completions "HTTP/1.1 404 Not Found"
[2026-06-12 18:11:58,660] INFO - HTTP Request: POST https://jeniya.cn/v1/chat/completions/chat/completions "HTTP/1.1 404 Not Found"
[2026-06-12 18:11:58,715] INFO - HTTP Request: POST https://jeniya.cn/v1/chat/completions/chat/completions "HTTP/1.1 404 Not Found"
[2026-06-12 18:11:58,717] INFO - HTTP Request: POST https://jeniya.cn/v1/chat/completions/chat/completions "HTTP/1.1 404 Not Found"
[2026-06-12 18:11:58,766] INFO - HTTP Request: POST https://jeniya.cn/v1/chat/completions/chat/completions "HTTP/1.1 404 Not Found"
[2026-06-12 18:11:58,769] INFO - HTTP Request: POST https://jeniya.cn/v1/chat/completions/chat/completions "HTTP/1.1 404 Not Found"
[2026-06-12 18:11:58,801] INFO - HTTP Request: POST https://jeniya.cn/v1/chat/completions/chat/completions "HTTP/1.1 404 Not Found"
[2026-06-12 18:11:58,859] INFO - HTTP Request: POST https://jeniya.cn/v1/chat/completions/chat/completions "HTTP/1.1 404 Not Found"
[2026-06-12 18:11:58,927] INFO - HTTP Request: POST https://jeniya.cn/v1/chat/completions/chat/completions "HTTP/1.1 404 Not Found"
[2026-06-12 18:11:58,934] INFO - HTTP Request: POST https://jeniya.cn/v1/chat/completions/chat/completions "HTTP/1.1 404 Not Found"
[2026-06-12 18:11:58,994] INFO - HTTP Request: POST https://jeniya.cn/v1/chat/completions/chat/completions "HTTP/1.1 404 Not Found"
[2026-06-12 18:11:58,994] INFO - HTTP Request: POST https://jeniya.cn/v1/chat/completions/chat/completions "HTTP/1.1 404 Not Found"
[2026-06-12 18:11:59,038] INFO - HTTP Request: POST https://jeniya.cn/v1/chat/completions/chat/completions "HTTP/1.1 404 Not Found"
[2026-06-12 18:11:59,043] INFO - HTTP Request: POST https://jeniya.cn/v1/chat/completions/chat/completions "HTTP/1.1 404 Not Found"
[2026-06-12 18:11:59,067] INFO - HTTP Request: POST https://jeniya.cn/v1/chat/completions/chat/completions "HTTP/1.1 404 Not Found"
[2026-06-12 18:11:59,201] INFO - HTTP Request: POST https://jeniya.cn/v1/chat/completions/chat/completions "HTTP/1.1 404 Not Found"
[2026-06-12 18:11:59,204] INFO - HTTP Request: POST https://jeniya.cn/v1/chat/completions/chat/completions "HTTP/1.1 404 Not Found"
[2026-06-12 18:11:59,275] INFO - HTTP Request: POST https://jeniya.cn/v1/chat/completions/chat/completions "HTTP/1.1 404 Not Found"
[2026-06-12 18:11:59,277] INFO - HTTP Request: POST https://jeniya.cn/v1/chat/completions/chat/completions "HTTP/1.1 404 Not Found"
[2026-06-12 18:11:59,311] INFO - HTTP Request: POST https://jeniya.cn/v1/chat/completions/chat/completions "HTTP/1.1 404 Not Found"
[2026-06-12 18:11:59,313] INFO - HTTP Request: POST https://jeniya.cn/v1/chat/completions/chat/completions "HTTP/1.1 404 Not Found"
[2026-06-12 18:11:59,333] INFO - HTTP Request: POST https://jeniya.cn/v1/chat/completions/chat/completions "HTTP/1.1 404 Not Found"
[2026-06-12 18:11:59,469] INFO - HTTP Request: POST https://jeniya.cn/v1/chat/completions/chat/completions "HTTP/1.1 404 Not Found"
[2026-06-12 18:11:59,483] INFO - HTTP Request: POST https://jeniya.cn/v1/chat/completions/chat/completions "HTTP/1.1 404 Not Found"
[2026-06-12 18:11:59,555] INFO - HTTP Request: POST https://jeniya.cn/v1/chat/completions/chat/completions "HTTP/1.1 404 Not Found"
[2026-06-12 18:11:59,555] INFO - HTTP Request: POST https://jeniya.cn/v1/chat/completions/chat/completions "HTTP/1.1 404 Not Found"
[2026-06-12 18:11:59,583] INFO - HTTP Request: POST https://jeniya.cn/v1/chat/completions/chat/completions "HTTP/1.1 404 Not Found"
[2026-06-12 18:11:59,585] INFO - HTTP Request: POST https://jeniya.cn/v1/chat/completions/chat/completions "HTTP/1.1 404 Not Found"
[2026-06-12 18:11:59,601] INFO - HTTP Request: POST https://jeniya.cn/v1/chat/completions/chat/completions "HTTP/1.1 404 Not Found"
[2026-06-12 18:11:59,622] INFO - HTTP Request: POST https://jeniya.cn/v1/chat/completions/chat/completions "HTTP/1.1 404 Not Found"
[2026-06-12 18:11:59,736] INFO - HTTP Request: POST https://jeniya.cn/v1/chat/completions/chat/completions "HTTP/1.1 404 Not Found"
[2026-06-12 18:11:59,765] INFO - HTTP Request: POST https://jeniya.cn/v1/chat/completions/chat/completions "HTTP/1.1 404 Not Found"
[2026-06-12 18:11:59,833] INFO - HTTP Request: POST https://jeniya.cn/v1/chat/completions/chat/completions "HTTP/1.1 404 Not Found"
[2026-06-12 18:11:59,835] INFO - HTTP Request: POST https://jeniya.cn/v1/chat/completions/chat/completions "HTTP/1.1 404 Not Found"
[2026-06-12 18:11:59,862] INFO - HTTP Request: POST https://jeniya.cn/v1/chat/completions/chat/completions "HTTP/1.1 404 Not Found"
[2026-06-12 18:11:59,862] INFO - HTTP Request: POST https://jeniya.cn/v1/chat/completions/chat/completions "HTTP/1.1 404 Not Found"
[2026-06-12 18:11:59,867] INFO - HTTP Request: POST https://jeniya.cn/v1/chat/completions/chat/completions "HTTP/1.1 404 Not Found"
[2026-06-12 18:11:59,895] INFO - HTTP Request: POST https://jeniya.cn/v1/chat/completions/chat/completions "HTTP/1.1 404 Not Found"
[2026-06-12 18:12:00,004] INFO - HTTP Request: POST https://jeniya.cn/v1/chat/completions/chat/completions "HTTP/1.1 404 Not Found"
[2026-06-12 18:12:00,050] INFO - HTTP Request: POST https://jeniya.cn/v1/chat/completions/chat/completions "HTTP/1.1 404 Not Found"
[2026-06-12 18:12:00,113] INFO - HTTP Request: POST https://jeniya.cn/v1/chat/completions/chat/completions "HTTP/1.1 404 Not Found"
[2026-06-12 18:12:00,113] INFO - HTTP Request: POST https://jeniya.cn/v1/chat/completions/chat/completions "HTTP/1.1 404 Not Found"
[2026-06-12 18:12:00,144] INFO - HTTP Request: POST https://jeniya.cn/v1/chat/completions/chat/completions "HTTP/1.1 404 Not Found"
[2026-06-12 18:12:00,144] INFO - HTTP Request: POST https://jeniya.cn/v1/chat/completions/chat/completions "HTTP/1.1 404 Not Found"
[2026-06-12 18:12:00,145] INFO - HTTP Request: POST https://jeniya.cn/v1/chat/completions/chat/completions "HTTP/1.1 404 Not Found"
[2026-06-12 18:12:00,167] INFO - HTTP Request: POST https://jeniya.cn/v1/chat/completions/chat/completions "HTTP/1.1 404 Not Found"
[2026-06-12 18:12:00,276] INFO - HTTP Request: POST https://jeniya.cn/v1/chat/completions/chat/completions "HTTP/1.1 404 Not Found"
[2026-06-12 18:12:00,339] INFO - HTTP Request: POST https://jeniya.cn/v1/chat/completions/chat/completions "HTTP/1.1 404 Not Found"
[2026-06-12 18:12:00,397] INFO - HTTP Request: POST https://jeniya.cn/v1/chat/completions/chat/completions "HTTP/1.1 404 Not Found"
[2026-06-12 18:12:00,413] INFO - HTTP Request: POST https://jeniya.cn/v1/chat/completions/chat/completions "HTTP/1.1 404 Not Found"
[2026-06-12 18:12:00,415] INFO - HTTP Request: POST https://jeniya.cn/v1/chat/completions/chat/completions "HTTP/1.1 404 Not Found"
[2026-06-12 18:12:00,418] INFO - HTTP Request: POST https://jeniya.cn/v1/chat/completions/chat/completions "HTTP/1.1 404 Not Found"
[2026-06-12 18:12:00,437] INFO - HTTP Request: POST https://jeniya.cn/v1/chat/completions/chat/completions "HTTP/1.1 404 Not Found"
[2026-06-12 18:12:00,552] INFO - HTTP Request: POST https://jeniya.cn/v1/chat/completions/chat/completions "HTTP/1.1 404 Not Found"
[2026-06-12 18:12:00,617] INFO - HTTP Request: POST https://jeniya.cn/v1/chat/completions/chat/completions "HTTP/1.1 404 Not Found"
[2026-06-12 18:12:00,678] INFO - HTTP Request: POST https://jeniya.cn/v1/chat/completions/chat/completions "HTTP/1.1 404 Not Found"
[2026-06-12 18:12:00,686] INFO - HTTP Request: POST https://jeniya.cn/v1/chat/completions/chat/completions "HTTP/1.1 404 Not Found"
[2026-06-12 18:12:00,689] INFO - HTTP Request: POST https://jeniya.cn/v1/chat/completions/chat/completions "HTTP/1.1 404 Not Found"
[2026-06-12 18:12:00,795] INFO - HTTP Request: POST https://jeniya.cn/v1/chat/completions/chat/completions "HTTP/1.1 404 Not Found"
[2026-06-12 18:12:00,797] INFO - HTTP Request: POST https://jeniya.cn/v1/chat/completions/chat/completions "HTTP/1.1 404 Not Found"
[2026-06-12 18:12:00,837] INFO - HTTP Request: POST https://jeniya.cn/v1/chat/completions/chat/completions "HTTP/1.1 404 Not Found"
[2026-06-12 18:12:00,896] INFO - HTTP Request: POST https://jeniya.cn/v1/chat/completions/chat/completions "HTTP/1.1 404 Not Found"
[2026-06-12 18:12:00,902] INFO - HTTP Request: POST https://jeniya.cn/v1/chat/completions/chat/completions "HTTP/1.1 404 Not Found"
[2026-06-12 18:12:00,963] INFO - HTTP Request: POST https://jeniya.cn/v1/chat/completions/chat/completions "HTTP/1.1 404 Not Found"
[2026-06-12 18:12:00,964] INFO - HTTP Request: POST https://jeniya.cn/v1/chat/completions/chat/completions "HTTP/1.1 404 Not Found"
[2026-06-12 18:12:01,061] INFO - HTTP Request: POST https://jeniya.cn/v1/chat/completions/chat/completions "HTTP/1.1 404 Not Found"
[2026-06-12 18:12:01,068] INFO - HTTP Request: POST https://jeniya.cn/v1/chat/completions/chat/completions "HTTP/1.1 404 Not Found"
[2026-06-12 18:12:01,119] INFO - HTTP Request: POST https://jeniya.cn/v1/chat/completions/chat/completions "HTTP/1.1 404 Not Found"
[2026-06-12 18:12:01,209] INFO - HTTP Request: POST https://jeniya.cn/v1/chat/completions/chat/completions "HTTP/1.1 404 Not Found"
[2026-06-12 18:12:01,210] INFO - HTTP Request: POST https://jeniya.cn/v1/chat/completions/chat/completions "HTTP/1.1 404 Not Found"
[2026-06-12 18:12:01,251] INFO - HTTP Request: POST https://jeniya.cn/v1/chat/completions/chat/completions "HTTP/1.1 404 Not Found"
[2026-06-12 18:12:01,330] INFO - HTTP Request: POST https://jeniya.cn/v1/chat/completions/chat/completions "HTTP/1.1 404 Not Found"
[2026-06-12 18:12:01,343] INFO - HTTP Request: POST https://jeniya.cn/v1/chat/completions/chat/completions "HTTP/1.1 404 Not Found"
[2026-06-12 18:12:01,393] INFO - HTTP Request: POST https://jeniya.cn/v1/chat/completions/chat/completions "HTTP/1.1 404 Not Found"
[2026-06-12 18:12:01,417] INFO - HTTP Request: POST https://jeniya.cn/v1/chat/completions/chat/completions "HTTP/1.1 404 Not Found"
[2026-06-12 18:12:01,451] INFO - HTTP Request: POST https://jeniya.cn/v1/chat/completions/chat/completions "HTTP/1.1 404 Not Found"
[2026-06-12 18:12:01,500] INFO - HTTP Request: POST https://jeniya.cn/v1/chat/completions/chat/completions "HTTP/1.1 404 Not Found"
[2026-06-12 18:12:01,500] INFO - HTTP Request: POST https://jeniya.cn/v1/chat/completions/chat/completions "HTTP/1.1 404 Not Found"
[2026-06-12 18:12:01,540] INFO - HTTP Request: POST https://jeniya.cn/v1/chat/completions/chat/completions "HTTP/1.1 404 Not Found"
[2026-06-12 18:12:01,596] INFO - HTTP Request: POST https://jeniya.cn/v1/chat/completions/chat/completions "HTTP/1.1 404 Not Found"
[2026-06-12 18:12:01,619] INFO - HTTP Request: POST https://jeniya.cn/v1/chat/completions/chat/completions "HTTP/1.1 404 Not Found"
[2026-06-12 18:12:01,661] INFO - HTTP Request: POST https://jeniya.cn/v1/chat/completions/chat/completions "HTTP/1.1 404 Not Found"
[2026-06-12 18:12:01,702] INFO - HTTP Request: POST https://jeniya.cn/v1/chat/completions/chat/completions "HTTP/1.1 404 Not Found"
[2026-06-12 18:12:01,723] INFO - HTTP Request: POST https://jeniya.cn/v1/chat/completions/chat/completions "HTTP/1.1 404 Not Found"
[2026-06-12 18:12:01,795] INFO - HTTP Request: POST https://jeniya.cn/v1/chat/completions/chat/completions "HTTP/1.1 404 Not Found"
[2026-06-12 18:12:01,800] INFO - HTTP Request: POST https://jeniya.cn/v1/chat/completions/chat/completions "HTTP/1.1 404 Not Found"
[2026-06-12 18:12:01,813] INFO - HTTP Request: POST https://jeniya.cn/v1/chat/completions/chat/completions "HTTP/1.1 404 Not Found"
[2026-06-12 18:12:01,864] INFO - HTTP Request: POST https://jeniya.cn/v1/chat/completions/chat/completions "HTTP/1.1 404 Not Found"
[2026-06-12 18:12:01,896] INFO - HTTP Request: POST https://jeniya.cn/v1/chat/completions/chat/completions "HTTP/1.1 404 Not Found"
[2026-06-12 18:12:01,932] INFO - HTTP Request: POST https://jeniya.cn/v1/chat/completions/chat/completions "HTTP/1.1 404 Not Found"
[2026-06-12 18:12:01,995] INFO - HTTP Request: POST https://jeniya.cn/v1/chat/completions/chat/completions "HTTP/1.1 404 Not Found"
[2026-06-12 18:12:02,094] INFO - HTTP Request: POST https://jeniya.cn/v1/chat/completions/chat/completions "HTTP/1.1 404 Not Found"
[2026-06-12 18:12:02,131] INFO - HTTP Request: POST https://jeniya.cn/v1/chat/completions/chat/completions "HTTP/1.1 404 Not Found"
[2026-06-12 18:12:02,168] INFO - HTTP Request: POST https://jeniya.cn/v1/chat/completions/chat/completions "HTTP/1.1 404 Not Found"
[2026-06-12 18:12:02,197] INFO - HTTP Request: POST https://jeniya.cn/v1/chat/completions/chat/completions "HTTP/1.1 404 Not Found"
[2026-06-12 18:12:02,210] INFO - HTTP Request: POST https://jeniya.cn/v1/chat/completions/chat/completions "HTTP/1.1 404 Not Found"
[2026-06-12 18:12:02,263] INFO - HTTP Request: POST https://jeniya.cn/v1/chat/completions/chat/completions "HTTP/1.1 404 Not Found"
[2026-06-12 18:12:02,284] INFO - HTTP Request: POST https://jeniya.cn/v1/chat/completions/chat/completions "HTTP/1.1 404 Not Found"
[2026-06-12 18:12:02,367] INFO - HTTP Request: POST https://jeniya.cn/v1/chat/completions/chat/completions "HTTP/1.1 404 Not Found"
[2026-06-12 18:12:02,398] INFO - HTTP Request: POST https://jeniya.cn/v1/chat/completions/chat/completions "HTTP/1.1 404 Not Found"
[2026-06-12 18:12:02,442] INFO - HTTP Request: POST https://jeniya.cn/v1/chat/completions/chat/completions "HTTP/1.1 404 Not Found"
[2026-06-12 18:12:02,469] INFO - HTTP Request: POST https://jeniya.cn/v1/chat/completions/chat/completions "HTTP/1.1 404 Not Found"
[2026-06-12 18:12:02,486] INFO - HTTP Request: POST https://jeniya.cn/v1/chat/completions/chat/completions "HTTP/1.1 404 Not Found"
[2026-06-12 18:12:02,535] INFO - HTTP Request: POST https://jeniya.cn/v1/chat/completions/chat/completions "HTTP/1.1 404 Not Found"
[2026-06-12 18:12:02,563] INFO - HTTP Request: POST https://jeniya.cn/v1/chat/completions/chat/completions "HTTP/1.1 404 Not Found"
[2026-06-12 18:12:02,622] INFO - HTTP Request: POST https://jeniya.cn/v1/chat/completions/chat/completions "HTTP/1.1 404 Not Found"
[2026-06-12 18:12:02,644] INFO - HTTP Request: POST https://jeniya.cn/v1/chat/completions/chat/completions "HTTP/1.1 404 Not Found"
[2026-06-12 18:12:02,681] INFO - HTTP Request: POST https://jeniya.cn/v1/chat/completions/chat/completions "HTTP/1.1 404 Not Found"
[2026-06-12 18:12:02,713] INFO - HTTP Request: POST https://jeniya.cn/v1/chat/completions/chat/completions "HTTP/1.1 404 Not Found"
[2026-06-12 18:12:02,736] INFO - HTTP Request: POST https://jeniya.cn/v1/chat/completions/chat/completions "HTTP/1.1 404 Not Found"
[2026-06-12 18:12:02,771] INFO - HTTP Request: POST https://jeniya.cn/v1/chat/completions/chat/completions "HTTP/1.1 404 Not Found"
[2026-06-12 18:12:02,854] INFO - HTTP Request: POST https://jeniya.cn/v1/chat/completions/chat/completions "HTTP/1.1 404 Not Found"
[2026-06-12 18:12:02,906] INFO - HTTP Request: POST https://jeniya.cn/v1/chat/completions/chat/completions "HTTP/1.1 404 Not Found"
[2026-06-12 18:12:02,927] INFO - HTTP Request: POST https://jeniya.cn/v1/chat/completions/chat/completions "HTTP/1.1 404 Not Found"
[2026-06-12 18:12:02,948] INFO - HTTP Request: POST https://jeniya.cn/v1/chat/completions/chat/completions "HTTP/1.1 404 Not Found"
[2026-06-12 18:12:03,009] INFO - HTTP Request: POST https://jeniya.cn/v1/chat/completions/chat/completions "HTTP/1.1 404 Not Found"
[2026-06-12 18:12:03,057] INFO - HTTP Request: POST https://jeniya.cn/v1/chat/completions/chat/completions "HTTP/1.1 404 Not Found"
[2026-06-12 18:12:03,139] INFO - HTTP Request: POST https://jeniya.cn/v1/chat/completions/chat/completions "HTTP/1.1 404 Not Found"
[2026-06-12 18:12:03,183] INFO - HTTP Request: POST https://jeniya.cn/v1/chat/completions/chat/completions "HTTP/1.1 404 Not Found"
[2026-06-12 18:12:03,207] INFO - HTTP Request: POST https://jeniya.cn/v1/chat/completions/chat/completions "HTTP/1.1 404 Not Found"
[2026-06-12 18:12:03,214] INFO - HTTP Request: POST https://jeniya.cn/v1/chat/completions/chat/completions "HTTP/1.1 404 Not Found"
[2026-06-12 18:12:03,278] INFO - HTTP Request: POST https://jeniya.cn/v1/chat/completions/chat/completions "HTTP/1.1 404 Not Found"
[2026-06-12 18:12:03,307] INFO - HTTP Request: POST https://jeniya.cn/v1/chat/completions/chat/completions "HTTP/1.1 404 Not Found"
[2026-06-12 18:12:03,352] INFO - HTTP Request: POST https://jeniya.cn/v1/chat/completions/chat/completions "HTTP/1.1 404 Not Found"
[2026-06-12 18:12:03,410] INFO - HTTP Request: POST https://jeniya.cn/v1/chat/completions/chat/completions "HTTP/1.1 404 Not Found"
[2026-06-12 18:12:03,468] INFO - HTTP Request: POST https://jeniya.cn/v1/chat/completions/chat/completions "HTTP/1.1 404 Not Found"
[2026-06-12 18:12:03,490] INFO - HTTP Request: POST https://jeniya.cn/v1/chat/completions/chat/completions "HTTP/1.1 404 Not Found"
[2026-06-12 18:12:03,490] INFO - HTTP Request: POST https://jeniya.cn/v1/chat/completions/chat/completions "HTTP/1.1 404 Not Found"
[2026-06-12 18:12:03,547] INFO - HTTP Request: POST https://jeniya.cn/v1/chat/completions/chat/completions "HTTP/1.1 404 Not Found"
[2026-06-12 18:12:03,578] INFO - HTTP Request: POST https://jeniya.cn/v1/chat/completions/chat/completions "HTTP/1.1 404 Not Found"
[2026-06-12 18:12:03,676] INFO - HTTP Request: POST https://jeniya.cn/v1/chat/completions/chat/completions "HTTP/1.1 404 Not Found"
[2026-06-12 18:12:03,683] INFO - HTTP Request: POST https://jeniya.cn/v1/chat/completions/chat/completions "HTTP/1.1 404 Not Found"
[2026-06-12 18:12:03,739] INFO - HTTP Request: POST https://jeniya.cn/v1/chat/completions/chat/completions "HTTP/1.1 404 Not Found"
[2026-06-12 18:12:03,762] INFO - HTTP Request: POST https://jeniya.cn/v1/chat/completions/chat/completions "HTTP/1.1 404 Not Found"
[2026-06-12 18:12:03,762] INFO - HTTP Request: POST https://jeniya.cn/v1/chat/completions/chat/completions "HTTP/1.1 404 Not Found"
[2026-06-12 18:12:03,816] INFO - HTTP Request: POST https://jeniya.cn/v1/chat/completions/chat/completions "HTTP/1.1 404 Not Found"
[2026-06-12 18:12:04,004] INFO - HTTP Request: POST https://jeniya.cn/v1/chat/completions/chat/completions "HTTP/1.1 404 Not Found"
[2026-06-12 18:12:04,006] INFO - HTTP Request: POST https://jeniya.cn/v1/chat/completions/chat/completions "HTTP/1.1 404 Not Found"
[2026-06-12 18:12:04,033] INFO - HTTP Request: POST https://jeniya.cn/v1/chat/completions/chat/completions "HTTP/1.1 404 Not Found"
[2026-06-12 18:12:04,033] INFO - HTTP Request: POST https://jeniya.cn/v1/chat/completions/chat/completions "HTTP/1.1 404 Not Found"
[2026-06-12 18:12:04,086] INFO - HTTP Request: POST https://jeniya.cn/v1/chat/completions/chat/completions "HTTP/1.1 404 Not Found"
[2026-06-12 18:12:04,114] INFO - HTTP Request: POST https://jeniya.cn/v1/chat/completions/chat/completions "HTTP/1.1 404 Not Found"
[2026-06-12 18:12:04,301] INFO - HTTP Request: POST https://jeniya.cn/v1/chat/completions/chat/completions "HTTP/1.1 404 Not Found"
[2026-06-12 18:12:04,306] INFO - HTTP Request: POST https://jeniya.cn/v1/chat/completions/chat/completions "HTTP/1.1 404 Not Found"
[2026-06-12 18:12:04,326] INFO - HTTP Request: POST https://jeniya.cn/v1/chat/completions/chat/completions "HTTP/1.1 404 Not Found"
[2026-06-12 18:12:04,353] INFO - HTTP Request: POST https://jeniya.cn/v1/chat/completions/chat/completions "HTTP/1.1 404 Not Found"
[2026-06-12 18:12:04,431] INFO - HTTP Request: POST https://jeniya.cn/v1/chat/completions/chat/completions "HTTP/1.1 404 Not Found"
[2026-06-12 18:12:04,432] INFO - HTTP Request: POST https://jeniya.cn/v1/chat/completions/chat/completions "HTTP/1.1 404 Not Found"
[2026-06-12 18:12:04,443] INFO - HTTP Request: POST https://jeniya.cn/v1/chat/completions/chat/completions "HTTP/1.1 404 Not Found"
[2026-06-12 18:12:04,493] INFO - HTTP Request: POST https://jeniya.cn/v1/chat/completions/chat/completions "HTTP/1.1 404 Not Found"
[2026-06-12 18:12:04,565] INFO - HTTP Request: POST https://jeniya.cn/v1/chat/completions/chat/completions "HTTP/1.1 404 Not Found"
[2026-06-12 18:12:04,579] INFO - HTTP Request: POST https://jeniya.cn/v1/chat/completions/chat/completions "HTTP/1.1 404 Not Found"
[2026-06-12 18:12:04,601] INFO - HTTP Request: POST https://jeniya.cn/v1/chat/completions/chat/completions "HTTP/1.1 404 Not Found"
[2026-06-12 18:12:04,624] INFO - HTTP Request: POST https://jeniya.cn/v1/chat/completions/chat/completions "HTTP/1.1 404 Not Found"
[2026-06-12 18:12:04,773] INFO - HTTP Request: POST https://jeniya.cn/v1/chat/completions/chat/completions "HTTP/1.1 404 Not Found"
[2026-06-12 18:12:04,813] INFO - HTTP Request: POST https://jeniya.cn/v1/chat/completions/chat/completions "HTTP/1.1 404 Not Found"
[2026-06-12 18:12:04,815] INFO - HTTP Request: POST https://jeniya.cn/v1/chat/completions/chat/completions "HTTP/1.1 404 Not Found"
[2026-06-12 18:12:04,831] INFO - HTTP Request: POST https://jeniya.cn/v1/chat/completions/chat/completions "HTTP/1.1 404 Not Found"
[2026-06-12 18:12:04,852] INFO - HTTP Request: POST https://jeniya.cn/v1/chat/completions/chat/completions "HTTP/1.1 404 Not Found"
[2026-06-12 18:12:04,872] INFO - HTTP Request: POST https://jeniya.cn/v1/chat/completions/chat/completions "HTTP/1.1 404 Not Found"
[2026-06-12 18:12:04,894] INFO - HTTP Request: POST https://jeniya.cn/v1/chat/completions/chat/completions "HTTP/1.1 404 Not Found"
[2026-06-12 18:12:05,042] INFO - HTTP Request: POST https://jeniya.cn/v1/chat/completions/chat/completions "HTTP/1.1 404 Not Found"
[2026-06-12 18:12:05,096] INFO - HTTP Request: POST https://jeniya.cn/v1/chat/completions/chat/completions "HTTP/1.1 404 Not Found"
[2026-06-12 18:12:05,117] INFO - HTTP Request: POST https://jeniya.cn/v1/chat/completions/chat/completions "HTTP/1.1 404 Not Found"
[2026-06-12 18:12:05,121] INFO - HTTP Request: POST https://jeniya.cn/v1/chat/completions/chat/completions "HTTP/1.1 404 Not Found"
[2026-06-12 18:12:05,124] INFO - HTTP Request: POST https://jeniya.cn/v1/chat/completions/chat/completions "HTTP/1.1 404 Not Found"
[2026-06-12 18:12:05,144] INFO - HTTP Request: POST https://jeniya.cn/v1/chat/completions/chat/completions "HTTP/1.1 404 Not Found"
[2026-06-12 18:12:05,155] INFO - HTTP Request: POST https://jeniya.cn/v1/chat/completions/chat/completions "HTTP/1.1 404 Not Found"
[2026-06-12 18:12:05,160] INFO - HTTP Request: POST https://jeniya.cn/v1/chat/completions/chat/completions "HTTP/1.1 404 Not Found"
[2026-06-12 18:12:05,311] INFO - HTTP Request: POST https://jeniya.cn/v1/chat/completions/chat/completions "HTTP/1.1 404 Not Found"
[2026-06-12 18:12:05,360] INFO - HTTP Request: POST https://jeniya.cn/v1/chat/completions/chat/completions "HTTP/1.1 404 Not Found"
[2026-06-12 18:12:05,397] INFO - HTTP Request: POST https://jeniya.cn/v1/chat/completions/chat/completions "HTTP/1.1 404 Not Found"
[2026-06-12 18:12:05,403] INFO - HTTP Request: POST https://jeniya.cn/v1/chat/completions/chat/completions "HTTP/1.1 404 Not Found"
[2026-06-12 18:12:05,412] INFO - HTTP Request: POST https://jeniya.cn/v1/chat/completions/chat/completions "HTTP/1.1 404 Not Found"
[2026-06-12 18:12:05,418] INFO - HTTP Request: POST https://jeniya.cn/v1/chat/completions/chat/completions "HTTP/1.1 404 Not Found"
[2026-06-12 18:12:05,432] INFO - HTTP Request: POST https://jeniya.cn/v1/chat/completions/chat/completions "HTTP/1.1 404 Not Found"
[2026-06-12 18:12:05,442] INFO - HTTP Request: POST https://jeniya.cn/v1/chat/completions/chat/completions "HTTP/1.1 404 Not Found"
[2026-06-12 18:12:05,582] INFO - HTTP Request: POST https://jeniya.cn/v1/chat/completions/chat/completions "HTTP/1.1 404 Not Found"
[2026-06-12 18:12:05,685] INFO - HTTP Request: POST https://jeniya.cn/v1/chat/completions/chat/completions "HTTP/1.1 404 Not Found"
[2026-06-12 18:12:05,691] INFO - HTTP Request: POST https://jeniya.cn/v1/chat/completions/chat/completions "HTTP/1.1 404 Not Found"
[2026-06-12 18:12:05,704] INFO - HTTP Request: POST https://jeniya.cn/v1/chat/completions/chat/completions "HTTP/1.1 404 Not Found"
[2026-06-12 18:12:05,896] INFO - HTTP Request: POST https://jeniya.cn/v1/chat/completions/chat/completions "HTTP/1.1 404 Not Found"
[2026-06-12 18:12:05,962] INFO - HTTP Request: POST https://jeniya.cn/v1/chat/completions/chat/completions "HTTP/1.1 404 Not Found"
[2026-06-12 18:12:05,962] INFO - HTTP Request: POST https://jeniya.cn/v1/chat/completions/chat/completions "HTTP/1.1 404 Not Found"
[2026-06-12 18:12:05,973] INFO - HTTP Request: POST https://jeniya.cn/v1/chat/completions/chat/completions "HTTP/1.1 404 Not Found"
[2026-06-12 18:12:05,996] INFO - HTTP Request: POST https://jeniya.cn/v1/chat/completions/chat/completions "HTTP/1.1 404 Not Found"
[2026-06-12 18:12:05,998] INFO - HTTP Request: POST https://jeniya.cn/v1/chat/completions/chat/completions "HTTP/1.1 404 Not Found"
[2026-06-12 18:12:06,115] INFO - HTTP Request: POST https://jeniya.cn/v1/chat/completions/chat/completions "HTTP/1.1 404 Not Found"
[2026-06-12 18:12:06,234] INFO - HTTP Request: POST https://jeniya.cn/v1/chat/completions/chat/completions "HTTP/1.1 404 Not Found"
[2026-06-12 18:12:06,239] INFO - HTTP Request: POST https://jeniya.cn/v1/chat/completions/chat/completions "HTTP/1.1 404 Not Found"
[2026-06-12 18:12:06,241] INFO - HTTP Request: POST https://jeniya.cn/v1/chat/completions/chat/completions "HTTP/1.1 404 Not Found"
[2026-06-12 18:12:06,378] INFO - HTTP Request: POST https://jeniya.cn/v1/chat/completions/chat/completions "HTTP/1.1 404 Not Found"
[2026-06-12 18:12:06,511] INFO - HTTP Request: POST https://jeniya.cn/v1/chat/completions/chat/completions "HTTP/1.1 404 Not Found"
[2026-06-12 18:12:06,657] INFO - HTTP Request: POST https://jeniya.cn/v1/chat/completions/chat/completions "HTTP/1.1 404 Not Found"
[2026-06-12 18:12:06,662] INFO - HTTP Request: POST https://jeniya.cn/v1/chat/completions/chat/completions "HTTP/1.1 404 Not Found"
[2026-06-12 18:12:06,680] INFO - HTTP Request: POST https://jeniya.cn/v1/chat/completions/chat/completions "HTTP/1.1 404 Not Found"
[2026-06-12 18:12:12,146] INFO - Config loaded from D:\code\Subtitle-Translation-Tools\config.json
[2026-06-12 18:12:57,929] INFO - 配置已保存到 D:\code\Subtitle-Translation-Tools\config.json
[2026-06-12 18:13:07,540] INFO - Config loaded from D:\code\Subtitle-Translation-Tools\config.json
[2026-06-12 18:13:12,858] INFO - HTTP Request: POST https://jeniya.cn/v1/chat/completions "HTTP/1.1 200 OK"
[2026-06-12 18:13:13,280] INFO - HTTP Request: POST https://jeniya.cn/v1/chat/completions "HTTP/1.1 200 OK"
[2026-06-12 18:13:13,671] INFO - HTTP Request: POST https://jeniya.cn/v1/chat/completions "HTTP/1.1 200 OK"
[2026-06-12 18:13:13,672] INFO - HTTP Request: POST https://jeniya.cn/v1/chat/completions "HTTP/1.1 200 OK"
[2026-06-12 18:13:13,710] INFO - HTTP Request: POST https://jeniya.cn/v1/chat/completions "HTTP/1.1 200 OK"
[2026-06-12 18:13:13,769] INFO - HTTP Request: POST https://jeniya.cn/v1/chat/completions "HTTP/1.1 200 OK"
[2026-06-12 18:13:14,019] INFO - HTTP Request: POST https://jeniya.cn/v1/chat/completions "HTTP/1.1 200 OK"
[2026-06-12 18:13:14,062] INFO - HTTP Request: POST https://jeniya.cn/v1/chat/completions "HTTP/1.1 200 OK"
[2026-06-12 18:13:16,813] INFO - HTTP Request: POST https://jeniya.cn/v1/chat/completions "HTTP/1.1 200 OK"
[2026-06-12 18:13:17,935] INFO - HTTP Request: POST https://jeniya.cn/v1/chat/completions "HTTP/1.1 200 OK"
[2026-06-12 18:13:18,199] INFO - HTTP Request: POST https://jeniya.cn/v1/chat/completions "HTTP/1.1 200 OK"
[2026-06-12 18:13:18,908] INFO - HTTP Request: POST https://jeniya.cn/v1/chat/completions "HTTP/1.1 200 OK"
[2026-06-12 18:13:19,240] INFO - HTTP Request: POST https://jeniya.cn/v1/chat/completions "HTTP/1.1 200 OK"
[2026-06-12 18:13:20,047] INFO - HTTP Request: POST https://jeniya.cn/v1/chat/completions "HTTP/1.1 200 OK"
[2026-06-12 18:13:20,379] INFO - HTTP Request: POST https://jeniya.cn/v1/chat/completions "HTTP/1.1 200 OK"
[2026-06-12 18:13:20,500] INFO - HTTP Request: POST https://jeniya.cn/v1/chat/completions "HTTP/1.1 200 OK"
[2026-06-12 18:13:21,026] INFO - HTTP Request: POST https://jeniya.cn/v1/chat/completions "HTTP/1.1 200 OK"
[2026-06-12 18:13:22,545] INFO - HTTP Request: POST https://jeniya.cn/v1/chat/completions "HTTP/1.1 200 OK"
[2026-06-12 18:13:23,003] INFO - HTTP Request: POST https://jeniya.cn/v1/chat/completions "HTTP/1.1 200 OK"
[2026-06-12 18:13:24,279] INFO - HTTP Request: POST https://jeniya.cn/v1/chat/completions "HTTP/1.1 200 OK"
[2026-06-12 18:13:24,320] INFO - HTTP Request: POST https://jeniya.cn/v1/chat/completions "HTTP/1.1 200 OK"
[2026-06-12 18:13:25,377] INFO - HTTP Request: POST https://jeniya.cn/v1/chat/completions "HTTP/1.1 200 OK"
[2026-06-12 18:13:25,529] INFO - HTTP Request: POST https://jeniya.cn/v1/chat/completions "HTTP/1.1 200 OK"
[2026-06-12 18:13:25,688] INFO - HTTP Request: POST https://jeniya.cn/v1/chat/completions "HTTP/1.1 200 OK"
[2026-06-12 18:13:26,117] INFO - HTTP Request: POST https://jeniya.cn/v1/chat/completions "HTTP/1.1 200 OK"
[2026-06-12 18:13:26,878] INFO - HTTP Request: POST https://jeniya.cn/v1/chat/completions "HTTP/1.1 200 OK"
[2026-06-12 18:13:28,813] INFO - HTTP Request: POST https://jeniya.cn/v1/chat/completions "HTTP/1.1 200 OK"
[2026-06-12 18:13:29,609] INFO - HTTP Request: POST https://jeniya.cn/v1/chat/completions "HTTP/1.1 200 OK"
[2026-06-12 18:13:29,699] INFO - HTTP Request: POST https://jeniya.cn/v1/chat/completions "HTTP/1.1 200 OK"
[2026-06-12 18:13:29,902] INFO - HTTP Request: POST https://jeniya.cn/v1/chat/completions "HTTP/1.1 200 OK"
[2026-06-12 18:13:30,214] INFO - HTTP Request: POST https://jeniya.cn/v1/chat/completions "HTTP/1.1 200 OK"
[2026-06-12 18:13:30,230] INFO - HTTP Request: POST https://jeniya.cn/v1/chat/completions "HTTP/1.1 200 OK"
[2026-06-12 18:13:30,494] INFO - HTTP Request: POST https://jeniya.cn/v1/chat/completions "HTTP/1.1 200 OK"
[2026-06-12 18:13:33,110] INFO - HTTP Request: POST https://jeniya.cn/v1/chat/completions "HTTP/1.1 200 OK"
[2026-06-12 18:13:33,517] INFO - HTTP Request: POST https://jeniya.cn/v1/chat/completions "HTTP/1.1 200 OK"
[2026-06-12 18:13:33,861] INFO - HTTP Request: POST https://jeniya.cn/v1/chat/completions "HTTP/1.1 200 OK"
[2026-06-12 18:13:34,850] INFO - HTTP Request: POST https://jeniya.cn/v1/chat/completions "HTTP/1.1 200 OK"
[2026-06-12 18:13:35,232] INFO - HTTP Request: POST https://jeniya.cn/v1/chat/completions "HTTP/1.1 200 OK"
[2026-06-12 18:13:35,446] INFO - HTTP Request: POST https://jeniya.cn/v1/chat/completions "HTTP/1.1 200 OK"
[2026-06-12 18:13:35,720] INFO - HTTP Request: POST https://jeniya.cn/v1/chat/completions "HTTP/1.1 200 OK"
[2026-06-12 18:13:36,544] INFO - HTTP Request: POST https://jeniya.cn/v1/chat/completions "HTTP/1.1 200 OK"
[2026-06-12 18:13:37,637] INFO - HTTP Request: POST https://jeniya.cn/v1/chat/completions "HTTP/1.1 200 OK"
[2026-06-12 18:13:37,831] INFO - HTTP Request: POST https://jeniya.cn/v1/chat/completions "HTTP/1.1 200 OK"
[2026-06-12 18:13:38,054] INFO - HTTP Request: POST https://jeniya.cn/v1/chat/completions "HTTP/1.1 200 OK"
[2026-06-12 18:13:39,570] INFO - HTTP Request: POST https://jeniya.cn/v1/chat/completions "HTTP/1.1 200 OK"
[2026-06-12 18:13:40,127] INFO - HTTP Request: POST https://jeniya.cn/v1/chat/completions "HTTP/1.1 200 OK"
[2026-06-12 18:13:40,534] INFO - HTTP Request: POST https://jeniya.cn/v1/chat/completions "HTTP/1.1 200 OK"
[2026-06-12 18:13:40,740] INFO - HTTP Request: POST https://jeniya.cn/v1/chat/completions "HTTP/1.1 200 OK"
[2026-06-12 18:13:40,740] INFO - HTTP Request: POST https://jeniya.cn/v1/chat/completions "HTTP/1.1 200 OK"
[2026-06-12 18:13:41,098] INFO - HTTP Request: POST https://jeniya.cn/v1/chat/completions "HTTP/1.1 200 OK"
[2026-06-12 18:13:42,206] INFO - HTTP Request: POST https://jeniya.cn/v1/chat/completions "HTTP/1.1 200 OK"
[2026-06-12 18:13:43,028] INFO - HTTP Request: POST https://jeniya.cn/v1/chat/completions "HTTP/1.1 200 OK"
[2026-06-12 18:13:44,782] INFO - HTTP Request: POST https://jeniya.cn/v1/chat/completions "HTTP/1.1 200 OK"
[2026-06-12 18:13:45,530] INFO - HTTP Request: POST https://jeniya.cn/v1/chat/completions "HTTP/1.1 200 OK"
[2026-06-12 18:13:45,712] INFO - HTTP Request: POST https://jeniya.cn/v1/chat/completions "HTTP/1.1 200 OK"
[2026-06-12 18:13:45,823] INFO - HTTP Request: POST https://jeniya.cn/v1/chat/completions "HTTP/1.1 200 OK"
[2026-06-12 18:13:46,263] INFO - HTTP Request: POST https://jeniya.cn/v1/chat/completions "HTTP/1.1 200 OK"
[2026-06-12 18:13:46,937] INFO - HTTP Request: POST https://jeniya.cn/v1/chat/completions "HTTP/1.1 200 OK"
[2026-06-12 18:13:47,689] INFO - HTTP Request: POST https://jeniya.cn/v1/chat/completions "HTTP/1.1 200 OK"
[2026-06-12 18:13:48,313] INFO - HTTP Request: POST https://jeniya.cn/v1/chat/completions "HTTP/1.1 200 OK"
[2026-06-12 18:13:49,367] INFO - HTTP Request: POST https://jeniya.cn/v1/chat/completions "HTTP/1.1 200 OK"
[2026-06-12 18:13:49,651] INFO - HTTP Request: POST https://jeniya.cn/v1/chat/completions "HTTP/1.1 200 OK"
[2026-06-12 18:13:50,236] INFO - HTTP Request: POST https://jeniya.cn/v1/chat/completions "HTTP/1.1 200 OK"
[2026-06-12 18:13:50,374] INFO - HTTP Request: POST https://jeniya.cn/v1/chat/completions "HTTP/1.1 200 OK"
[2026-06-12 18:13:50,910] INFO - HTTP Request: POST https://jeniya.cn/v1/chat/completions "HTTP/1.1 200 OK"
[2026-06-12 18:13:51,510] INFO - HTTP Request: POST https://jeniya.cn/v1/chat/completions "HTTP/1.1 200 OK"
[2026-06-12 18:13:51,908] INFO - HTTP Request: POST https://jeniya.cn/v1/chat/completions "HTTP/1.1 200 OK"
[2026-06-12 18:13:54,672] INFO - HTTP Request: POST https://jeniya.cn/v1/chat/completions "HTTP/1.1 200 OK"
[2026-06-12 18:13:54,756] INFO - HTTP Request: POST https://jeniya.cn/v1/chat/completions "HTTP/1.1 200 OK"
[2026-06-12 18:13:54,997] INFO - HTTP Request: POST https://jeniya.cn/v1/chat/completions "HTTP/1.1 200 OK"
[2026-06-12 18:13:55,323] INFO - HTTP Request: POST https://jeniya.cn/v1/chat/completions "HTTP/1.1 200 OK"
[2026-06-12 18:13:55,564] INFO - HTTP Request: POST https://jeniya.cn/v1/chat/completions "HTTP/1.1 200 OK"
[2026-06-12 18:13:55,972] INFO - HTTP Request: POST https://jeniya.cn/v1/chat/completions "HTTP/1.1 200 OK"
[2026-06-12 18:13:56,457] INFO - HTTP Request: POST https://jeniya.cn/v1/chat/completions "HTTP/1.1 200 OK"
[2026-06-12 18:13:58,393] INFO - HTTP Request: POST https://jeniya.cn/v1/chat/completions "HTTP/1.1 200 OK"
[2026-06-12 18:13:58,940] INFO - HTTP Request: POST https://jeniya.cn/v1/chat/completions "HTTP/1.1 200 OK"
[2026-06-12 18:13:59,257] INFO - HTTP Request: POST https://jeniya.cn/v1/chat/completions "HTTP/1.1 200 OK"
[2026-06-12 18:14:00,134] INFO - HTTP Request: POST https://jeniya.cn/v1/chat/completions "HTTP/1.1 200 OK"
[2026-06-12 18:14:00,174] INFO - HTTP Request: POST https://jeniya.cn/v1/chat/completions "HTTP/1.1 200 OK"
[2026-06-12 18:14:00,949] INFO - HTTP Request: POST https://jeniya.cn/v1/chat/completions "HTTP/1.1 200 OK"
[2026-06-12 18:14:01,024] INFO - HTTP Request: POST https://jeniya.cn/v1/chat/completions "HTTP/1.1 200 OK"
[2026-06-12 18:14:01,240] INFO - HTTP Request: POST https://jeniya.cn/v1/chat/completions "HTTP/1.1 200 OK"
[2026-06-12 18:14:02,632] INFO - HTTP Request: POST https://jeniya.cn/v1/chat/completions "HTTP/1.1 200 OK"
[2026-06-12 18:14:03,840] INFO - HTTP Request: POST https://jeniya.cn/v1/chat/completions "HTTP/1.1 200 OK"
[2026-06-12 18:14:04,702] INFO - HTTP Request: POST https://jeniya.cn/v1/chat/completions "HTTP/1.1 200 OK"
[2026-06-12 18:14:04,795] INFO - HTTP Request: POST https://jeniya.cn/v1/chat/completions "HTTP/1.1 200 OK"
[2026-06-12 18:14:05,544] INFO - HTTP Request: POST https://jeniya.cn/v1/chat/completions "HTTP/1.1 200 OK"
[2026-06-12 18:14:06,253] INFO - HTTP Request: POST https://jeniya.cn/v1/chat/completions "HTTP/1.1 200 OK"
[2026-06-12 18:14:06,310] INFO - HTTP Request: POST https://jeniya.cn/v1/chat/completions "HTTP/1.1 200 OK"
[2026-06-12 18:14:06,760] INFO - HTTP Request: POST https://jeniya.cn/v1/chat/completions "HTTP/1.1 200 OK"
[2026-06-12 18:14:07,631] INFO - HTTP Request: POST https://jeniya.cn/v1/chat/completions "HTTP/1.1 200 OK"
[2026-06-12 18:14:08,211] INFO - HTTP Request: POST https://jeniya.cn/v1/chat/completions "HTTP/1.1 200 OK"
[2026-06-12 18:14:09,248] INFO - HTTP Request: POST https://jeniya.cn/v1/chat/completions "HTTP/1.1 200 OK"
[2026-06-12 18:14:09,321] INFO - HTTP Request: POST https://jeniya.cn/v1/chat/completions "HTTP/1.1 200 OK"
[2026-06-12 18:14:10,233] INFO - HTTP Request: POST https://jeniya.cn/v1/chat/completions "HTTP/1.1 200 OK"
[2026-06-12 18:14:10,992] INFO - HTTP Request: POST https://jeniya.cn/v1/chat/completions "HTTP/1.1 200 OK"
[2026-06-12 18:14:11,461] INFO - HTTP Request: POST https://jeniya.cn/v1/chat/completions "HTTP/1.1 200 OK"
[2026-06-12 18:14:11,495] INFO - HTTP Request: POST https://jeniya.cn/v1/chat/completions "HTTP/1.1 200 OK"
[2026-06-12 18:14:13,333] INFO - HTTP Request: POST https://jeniya.cn/v1/chat/completions "HTTP/1.1 200 OK"
[2026-06-12 18:14:13,607] INFO - HTTP Request: POST https://jeniya.cn/v1/chat/completions "HTTP/1.1 200 OK"
[2026-06-12 18:14:13,947] INFO - HTTP Request: POST https://jeniya.cn/v1/chat/completions "HTTP/1.1 200 OK"
[2026-06-12 18:14:14,323] INFO - HTTP Request: POST https://jeniya.cn/v1/chat/completions "HTTP/1.1 200 OK"
[2026-06-12 18:14:15,246] INFO - HTTP Request: POST https://jeniya.cn/v1/chat/completions "HTTP/1.1 200 OK"
[2026-06-12 18:14:15,406] INFO - HTTP Request: POST https://jeniya.cn/v1/chat/completions "HTTP/1.1 200 OK"
[2026-06-12 18:14:16,150] INFO - HTTP Request: POST https://jeniya.cn/v1/chat/completions "HTTP/1.1 200 OK"
[2026-06-12 18:14:18,502] INFO - HTTP Request: POST https://jeniya.cn/v1/chat/completions "HTTP/1.1 200 OK"
[2026-06-12 18:14:18,801] INFO - HTTP Request: POST https://jeniya.cn/v1/chat/completions "HTTP/1.1 200 OK"
[2026-06-12 18:14:19,426] INFO - HTTP Request: POST https://jeniya.cn/v1/chat/completions "HTTP/1.1 200 OK"
[2026-06-12 18:14:19,641] INFO - HTTP Request: POST https://jeniya.cn/v1/chat/completions "HTTP/1.1 200 OK"
[2026-06-12 18:14:19,706] INFO - HTTP Request: POST https://jeniya.cn/v1/chat/completions "HTTP/1.1 200 OK"
[2026-06-12 18:14:20,305] INFO - HTTP Request: POST https://jeniya.cn/v1/chat/completions "HTTP/1.1 200 OK"
[2026-06-12 18:14:20,540] INFO - HTTP Request: POST https://jeniya.cn/v1/chat/completions "HTTP/1.1 200 OK"
[2026-06-12 18:14:21,705] INFO - HTTP Request: POST https://jeniya.cn/v1/chat/completions "HTTP/1.1 200 OK"
[2026-06-12 18:14:23,022] INFO - HTTP Request: POST https://jeniya.cn/v1/chat/completions "HTTP/1.1 200 OK"
[2026-06-12 18:14:23,313] INFO - HTTP Request: POST https://jeniya.cn/v1/chat/completions "HTTP/1.1 200 OK"
[2026-06-12 18:14:24,711] INFO - HTTP Request: POST https://jeniya.cn/v1/chat/completions "HTTP/1.1 200 OK"
[2026-06-12 18:14:24,910] INFO - HTTP Request: POST https://jeniya.cn/v1/chat/completions "HTTP/1.1 200 OK"
[2026-06-12 18:14:24,974] INFO - HTTP Request: POST https://jeniya.cn/v1/chat/completions "HTTP/1.1 200 OK"
[2026-06-12 18:14:26,143] INFO - HTTP Request: POST https://jeniya.cn/v1/chat/completions "HTTP/1.1 200 OK"
[2026-06-12 18:14:26,452] INFO - HTTP Request: POST https://jeniya.cn/v1/chat/completions "HTTP/1.1 200 OK"
[2026-06-12 18:14:27,662] INFO - HTTP Request: POST https://jeniya.cn/v1/chat/completions "HTTP/1.1 200 OK"
[2026-06-12 18:14:29,726] INFO - HTTP Request: POST https://jeniya.cn/v1/chat/completions "HTTP/1.1 200 OK"
[2026-06-12 18:14:29,786] INFO - HTTP Request: POST https://jeniya.cn/v1/chat/completions "HTTP/1.1 200 OK"
[2026-06-12 18:14:29,932] INFO - HTTP Request: POST https://jeniya.cn/v1/chat/completions "HTTP/1.1 200 OK"
[2026-06-12 18:14:30,328] INFO - HTTP Request: POST https://jeniya.cn/v1/chat/completions "HTTP/1.1 200 OK"
[2026-06-12 18:14:30,883] INFO - HTTP Request: POST https://jeniya.cn/v1/chat/completions "HTTP/1.1 200 OK"
[2026-06-12 18:14:30,946] INFO - HTTP Request: POST https://jeniya.cn/v1/chat/completions "HTTP/1.1 200 OK"
[2026-06-12 18:14:32,605] INFO - HTTP Request: POST https://jeniya.cn/v1/chat/completions "HTTP/1.1 200 OK"
[2026-06-12 18:14:32,720] INFO - HTTP Request: POST https://jeniya.cn/v1/chat/completions "HTTP/1.1 200 OK"
[2026-06-12 18:14:34,440] INFO - HTTP Request: POST https://jeniya.cn/v1/chat/completions "HTTP/1.1 200 OK"
[2026-06-12 18:14:35,262] INFO - HTTP Request: POST https://jeniya.cn/v1/chat/completions "HTTP/1.1 200 OK"
[2026-06-12 18:14:35,757] INFO - HTTP Request: POST https://jeniya.cn/v1/chat/completions "HTTP/1.1 200 OK"
[2026-06-12 18:14:36,250] INFO - HTTP Request: POST https://jeniya.cn/v1/chat/completions "HTTP/1.1 200 OK"
[2026-06-12 18:14:36,673] INFO - HTTP Request: POST https://jeniya.cn/v1/chat/completions "HTTP/1.1 200 OK"
[2026-06-12 18:14:37,538] INFO - HTTP Request: POST https://jeniya.cn/v1/chat/completions "HTTP/1.1 200 OK"
[2026-06-12 18:14:38,088] INFO - HTTP Request: POST https://jeniya.cn/v1/chat/completions "HTTP/1.1 200 OK"
[2026-06-12 18:14:38,124] INFO - HTTP Request: POST https://jeniya.cn/v1/chat/completions "HTTP/1.1 200 OK"
[2026-06-12 18:14:39,418] INFO - HTTP Request: POST https://jeniya.cn/v1/chat/completions "HTTP/1.1 200 OK"
[2026-06-12 18:14:39,562] INFO - HTTP Request: POST https://jeniya.cn/v1/chat/completions "HTTP/1.1 200 OK"
[2026-06-12 18:14:40,765] INFO - HTTP Request: POST https://jeniya.cn/v1/chat/completions "HTTP/1.1 200 OK"
[2026-06-12 18:14:40,779] INFO - HTTP Request: POST https://jeniya.cn/v1/chat/completions "HTTP/1.1 200 OK"
[2026-06-12 18:14:42,285] INFO - HTTP Request: POST https://jeniya.cn/v1/chat/completions "HTTP/1.1 200 OK"
[2026-06-12 18:14:42,723] INFO - HTTP Request: POST https://jeniya.cn/v1/chat/completions "HTTP/1.1 200 OK"
[2026-06-12 18:14:42,775] INFO - HTTP Request: POST https://jeniya.cn/v1/chat/completions "HTTP/1.1 200 OK"
[2026-06-12 18:14:44,122] INFO - HTTP Request: POST https://jeniya.cn/v1/chat/completions "HTTP/1.1 200 OK"
[2026-06-12 18:14:44,738] INFO - HTTP Request: POST https://jeniya.cn/v1/chat/completions "HTTP/1.1 200 OK"
[2026-06-12 18:14:44,941] INFO - HTTP Request: POST https://jeniya.cn/v1/chat/completions "HTTP/1.1 200 OK"
[2026-06-12 18:14:45,655] INFO - HTTP Request: POST https://jeniya.cn/v1/chat/completions "HTTP/1.1 200 OK"
[2026-06-12 18:14:47,386] INFO - HTTP Request: POST https://jeniya.cn/v1/chat/completions "HTTP/1.1 200 OK"
[2026-06-12 18:14:47,417] INFO - HTTP Request: POST https://jeniya.cn/v1/chat/completions "HTTP/1.1 200 OK"
[2026-06-12 18:14:48,421] INFO - HTTP Request: POST https://jeniya.cn/v1/chat/completions "HTTP/1.1 200 OK"
[2026-06-12 18:14:48,531] INFO - HTTP Request: POST https://jeniya.cn/v1/chat/completions "HTTP/1.1 200 OK"
[2026-06-12 18:14:48,628] INFO - HTTP Request: POST https://jeniya.cn/v1/chat/completions "HTTP/1.1 200 OK"
[2026-06-12 18:14:49,197] INFO - HTTP Request: POST https://jeniya.cn/v1/chat/completions "HTTP/1.1 200 OK"
[2026-06-12 18:14:49,976] INFO - HTTP Request: POST https://jeniya.cn/v1/chat/completions "HTTP/1.1 200 OK"
[2026-06-12 18:14:51,458] INFO - HTTP Request: POST https://jeniya.cn/v1/chat/completions "HTTP/1.1 200 OK"
[2026-06-12 18:14:52,868] INFO - HTTP Request: POST https://jeniya.cn/v1/chat/completions "HTTP/1.1 200 OK"
[2026-06-12 18:14:52,995] INFO - HTTP Request: POST https://jeniya.cn/v1/chat/completions "HTTP/1.1 200 OK"
[2026-06-12 18:14:53,276] INFO - HTTP Request: POST https://jeniya.cn/v1/chat/completions "HTTP/1.1 200 OK"
[2026-06-12 18:14:54,129] INFO - HTTP Request: POST https://jeniya.cn/v1/chat/completions "HTTP/1.1 200 OK"
[2026-06-12 18:14:54,597] INFO - HTTP Request: POST https://jeniya.cn/v1/chat/completions "HTTP/1.1 200 OK"
[2026-06-12 18:14:55,331] INFO - HTTP Request: POST https://jeniya.cn/v1/chat/completions "HTTP/1.1 200 OK"
[2026-06-12 18:14:56,350] INFO - HTTP Request: POST https://jeniya.cn/v1/chat/completions "HTTP/1.1 200 OK"
[2026-06-12 18:14:58,395] INFO - HTTP Request: POST https://jeniya.cn/v1/chat/completions "HTTP/1.1 200 OK"
[2026-06-12 18:14:58,413] INFO - HTTP Request: POST https://jeniya.cn/v1/chat/completions "HTTP/1.1 200 OK"
[2026-06-12 18:14:58,923] INFO - HTTP Request: POST https://jeniya.cn/v1/chat/completions "HTTP/1.1 200 OK"
[2026-06-12 18:14:58,998] INFO - HTTP Request: POST https://jeniya.cn/v1/chat/completions "HTTP/1.1 200 OK"
[2026-06-12 18:14:59,881] INFO - HTTP Request: POST https://jeniya.cn/v1/chat/completions "HTTP/1.1 200 OK"
[2026-06-12 18:15:00,590] INFO - HTTP Request: POST https://jeniya.cn/v1/chat/completions "HTTP/1.1 200 OK"
[2026-06-12 18:15:00,749] INFO - HTTP Request: POST https://jeniya.cn/v1/chat/completions "HTTP/1.1 200 OK"
[2026-06-12 18:15:02,869] INFO - HTTP Request: POST https://jeniya.cn/v1/chat/completions "HTTP/1.1 200 OK"
[2026-06-12 18:15:03,778] INFO - HTTP Request: POST https://jeniya.cn/v1/chat/completions "HTTP/1.1 200 OK"
[2026-06-12 18:15:04,358] INFO - HTTP Request: POST https://jeniya.cn/v1/chat/completions "HTTP/1.1 200 OK"
[2026-06-12 18:15:04,363] INFO - HTTP Request: POST https://jeniya.cn/v1/chat/completions "HTTP/1.1 200 OK"
[2026-06-12 18:15:04,468] INFO - HTTP Request: POST https://jeniya.cn/v1/chat/completions "HTTP/1.1 200 OK"
[2026-06-12 18:15:05,780] INFO - HTTP Request: POST https://jeniya.cn/v1/chat/completions "HTTP/1.1 200 OK"
[2026-06-12 18:15:06,349] INFO - HTTP Request: POST https://jeniya.cn/v1/chat/completions "HTTP/1.1 200 OK"
[2026-06-12 18:15:06,484] INFO - HTTP Request: POST https://jeniya.cn/v1/chat/completions "HTTP/1.1 200 OK"
[2026-06-12 18:15:08,124] INFO - HTTP Request: POST https://jeniya.cn/v1/chat/completions "HTTP/1.1 200 OK"
[2026-06-12 18:15:08,940] INFO - HTTP Request: POST https://jeniya.cn/v1/chat/completions "HTTP/1.1 200 OK"
[2026-06-12 18:15:09,193] INFO - HTTP Request: POST https://jeniya.cn/v1/chat/completions "HTTP/1.1 200 OK"
[2026-06-12 18:15:09,840] INFO - HTTP Request: POST https://jeniya.cn/v1/chat/completions "HTTP/1.1 200 OK"
[2026-06-12 18:15:11,353] INFO - HTTP Request: POST https://jeniya.cn/v1/chat/completions "HTTP/1.1 200 OK"
[2026-06-12 18:15:12,117] INFO - HTTP Request: POST https://jeniya.cn/v1/chat/completions "HTTP/1.1 200 OK"
[2026-06-12 18:15:12,187] INFO - HTTP Request: POST https://jeniya.cn/v1/chat/completions "HTTP/1.1 200 OK"
[2026-06-12 18:15:13,786] INFO - HTTP Request: POST https://jeniya.cn/v1/chat/completions "HTTP/1.1 200 OK"
[2026-06-12 18:15:13,857] INFO - HTTP Request: POST https://jeniya.cn/v1/chat/completions "HTTP/1.1 200 OK"
[2026-06-12 18:15:14,771] INFO - HTTP Request: POST https://jeniya.cn/v1/chat/completions "HTTP/1.1 200 OK"
[2026-06-12 18:15:15,514] INFO - HTTP Request: POST https://jeniya.cn/v1/chat/completions "HTTP/1.1 200 OK"
[2026-06-12 18:15:16,322] INFO - HTTP Request: POST https://jeniya.cn/v1/chat/completions "HTTP/1.1 200 OK"
[2026-06-12 18:15:16,326] INFO - HTTP Request: POST https://jeniya.cn/v1/chat/completions "HTTP/1.1 200 OK"
[2026-06-12 18:15:17,177] INFO - HTTP Request: POST https://jeniya.cn/v1/chat/completions "HTTP/1.1 200 OK"
[2026-06-12 18:15:17,677] INFO - HTTP Request: POST https://jeniya.cn/v1/chat/completions "HTTP/1.1 200 OK"
[2026-06-12 18:15:17,748] INFO - HTTP Request: POST https://jeniya.cn/v1/chat/completions "HTTP/1.1 200 OK"
[2026-06-12 18:15:19,234] INFO - HTTP Request: POST https://jeniya.cn/v1/chat/completions "HTTP/1.1 200 OK"
[2026-06-12 18:15:19,933] INFO - HTTP Request: POST https://jeniya.cn/v1/chat/completions "HTTP/1.1 200 OK"
[2026-06-12 18:15:20,363] INFO - HTTP Request: POST https://jeniya.cn/v1/chat/completions "HTTP/1.1 200 OK"
[2026-06-12 18:15:21,133] INFO - HTTP Request: POST https://jeniya.cn/v1/chat/completions "HTTP/1.1 200 OK"
[2026-06-12 18:15:21,693] INFO - HTTP Request: POST https://jeniya.cn/v1/chat/completions "HTTP/1.1 200 OK"
[2026-06-12 18:15:22,380] INFO - HTTP Request: POST https://jeniya.cn/v1/chat/completions "HTTP/1.1 200 OK"
[2026-06-12 18:15:23,335] INFO - HTTP Request: POST https://jeniya.cn/v1/chat/completions "HTTP/1.1 200 OK"
[2026-06-12 18:15:23,713] INFO - HTTP Request: POST https://jeniya.cn/v1/chat/completions "HTTP/1.1 200 OK"
[2026-06-12 18:15:24,570] INFO - HTTP Request: POST https://jeniya.cn/v1/chat/completions "HTTP/1.1 200 OK"
[2026-06-12 18:15:24,572] INFO - HTTP Request: POST https://jeniya.cn/v1/chat/completions "HTTP/1.1 200 OK"
[2026-06-12 18:15:25,456] INFO - HTTP Request: POST https://jeniya.cn/v1/chat/completions "HTTP/1.1 200 OK"
[2026-06-12 18:15:26,273] INFO - HTTP Request: POST https://jeniya.cn/v1/chat/completions "HTTP/1.1 200 OK"
[2026-06-12 18:15:26,846] INFO - HTTP Request: POST https://jeniya.cn/v1/chat/completions "HTTP/1.1 200 OK"
[2026-06-12 18:15:26,964] INFO - HTTP Request: POST https://jeniya.cn/v1/chat/completions "HTTP/1.1 200 OK"
[2026-06-12 18:15:27,966] INFO - HTTP Request: POST https://jeniya.cn/v1/chat/completions "HTTP/1.1 200 OK"
[2026-06-12 18:15:28,528] INFO - HTTP Request: POST https://jeniya.cn/v1/chat/completions "HTTP/1.1 200 OK"
[2026-06-12 18:15:29,284] INFO - HTTP Request: POST https://jeniya.cn/v1/chat/completions "HTTP/1.1 200 OK"
[2026-06-12 18:15:29,534] INFO - HTTP Request: POST https://jeniya.cn/v1/chat/completions "HTTP/1.1 200 OK"
[2026-06-12 18:15:29,936] INFO - HTTP Request: POST https://jeniya.cn/v1/chat/completions "HTTP/1.1 200 OK"
[2026-06-12 18:15:31,320] INFO - HTTP Request: POST https://jeniya.cn/v1/chat/completions "HTTP/1.1 200 OK"
[2026-06-12 18:15:31,584] INFO - HTTP Request: POST https://jeniya.cn/v1/chat/completions "HTTP/1.1 200 OK"
[2026-06-12 18:15:31,925] INFO - HTTP Request: POST https://jeniya.cn/v1/chat/completions "HTTP/1.1 200 OK"
[2026-06-12 18:15:33,086] INFO - HTTP Request: POST https://jeniya.cn/v1/chat/completions "HTTP/1.1 200 OK"
[2026-06-12 18:15:33,282] INFO - HTTP Request: POST https://jeniya.cn/v1/chat/completions "HTTP/1.1 200 OK"
[2026-06-12 18:15:34,757] INFO - HTTP Request: POST https://jeniya.cn/v1/chat/completions "HTTP/1.1 200 OK"
[2026-06-12 18:15:35,475] INFO - HTTP Request: POST https://jeniya.cn/v1/chat/completions "HTTP/1.1 200 OK"
[2026-06-12 18:15:36,118] INFO - HTTP Request: POST https://jeniya.cn/v1/chat/completions "HTTP/1.1 200 OK"
[2026-06-12 18:15:36,803] INFO - HTTP Request: POST https://jeniya.cn/v1/chat/completions "HTTP/1.1 200 OK"
[2026-06-12 18:15:36,963] INFO - HTTP Request: POST https://jeniya.cn/v1/chat/completions "HTTP/1.1 200 OK"
[2026-06-12 18:15:38,146] INFO - HTTP Request: POST https://jeniya.cn/v1/chat/completions "HTTP/1.1 200 OK"
[2026-06-12 18:15:39,244] INFO - HTTP Request: POST https://jeniya.cn/v1/chat/completions "HTTP/1.1 200 OK"
[2026-06-12 18:15:41,803] INFO - HTTP Request: POST https://jeniya.cn/v1/chat/completions "HTTP/1.1 200 OK"
[2026-06-12 18:15:41,809] INFO - HTTP Request: POST https://jeniya.cn/v1/chat/completions "HTTP/1.1 200 OK"
[2026-06-12 18:15:42,391] INFO - HTTP Request: POST https://jeniya.cn/v1/chat/completions "HTTP/1.1 200 OK"
[2026-06-12 18:15:42,475] INFO - HTTP Request: POST https://jeniya.cn/v1/chat/completions "HTTP/1.1 200 OK"
[2026-06-12 18:15:43,446] INFO - HTTP Request: POST https://jeniya.cn/v1/chat/completions "HTTP/1.1 200 OK"
[2026-06-12 18:15:43,458] INFO - HTTP Request: POST https://jeniya.cn/v1/chat/completions "HTTP/1.1 200 OK"
[2026-06-12 18:15:43,496] INFO - HTTP Request: POST https://jeniya.cn/v1/chat/completions "HTTP/1.1 200 OK"
[2026-06-12 18:15:43,822] INFO - HTTP Request: POST https://jeniya.cn/v1/chat/completions "HTTP/1.1 200 OK"
[2026-06-12 18:15:47,160] INFO - HTTP Request: POST https://jeniya.cn/v1/chat/completions "HTTP/1.1 200 OK"
[2026-06-12 18:15:47,906] INFO - HTTP Request: POST https://jeniya.cn/v1/chat/completions "HTTP/1.1 200 OK"
[2026-06-12 18:15:48,393] INFO - HTTP Request: POST https://jeniya.cn/v1/chat/completions "HTTP/1.1 200 OK"
[2026-06-12 18:15:48,762] INFO - HTTP Request: POST https://jeniya.cn/v1/chat/completions "HTTP/1.1 200 OK"
[2026-06-12 18:15:49,344] INFO - HTTP Request: POST https://jeniya.cn/v1/chat/completions "HTTP/1.1 200 OK"
[2026-06-12 18:15:49,492] INFO - HTTP Request: POST https://jeniya.cn/v1/chat/completions "HTTP/1.1 200 OK"
[2026-06-12 18:15:52,707] INFO - HTTP Request: POST https://jeniya.cn/v1/chat/completions "HTTP/1.1 200 OK"
[2026-06-12 18:15:52,788] INFO - HTTP Request: POST https://jeniya.cn/v1/chat/completions "HTTP/1.1 200 OK"
[2026-06-12 18:15:53,430] INFO - HTTP Request: POST https://jeniya.cn/v1/chat/completions "HTTP/1.1 200 OK"
[2026-06-12 18:15:53,438] INFO - HTTP Request: POST https://jeniya.cn/v1/chat/completions "HTTP/1.1 200 OK"
[2026-06-12 18:15:53,802] INFO - HTTP Request: POST https://jeniya.cn/v1/chat/completions "HTTP/1.1 200 OK"
[2026-06-12 18:15:54,073] INFO - HTTP Request: POST https://jeniya.cn/v1/chat/completions "HTTP/1.1 200 OK"
[2026-06-12 18:15:54,736] INFO - HTTP Request: POST https://jeniya.cn/v1/chat/completions "HTTP/1.1 200 OK"
[2026-06-12 18:15:57,017] INFO - HTTP Request: POST https://jeniya.cn/v1/chat/completions "HTTP/1.1 200 OK"
[2026-06-12 18:15:57,465] INFO - HTTP Request: POST https://jeniya.cn/v1/chat/completions "HTTP/1.1 200 OK"
[2026-06-12 18:15:58,388] INFO - HTTP Request: POST https://jeniya.cn/v1/chat/completions "HTTP/1.1 200 OK"
[2026-06-12 18:15:58,493] INFO - HTTP Request: POST https://jeniya.cn/v1/chat/completions "HTTP/1.1 200 OK"
[2026-06-12 18:15:58,581] INFO - HTTP Request: POST https://jeniya.cn/v1/chat/completions "HTTP/1.1 200 OK"
[2026-06-12 18:15:58,886] INFO - HTTP Request: POST https://jeniya.cn/v1/chat/completions "HTTP/1.1 200 OK"
[2026-06-12 18:15:59,512] INFO - HTTP Request: POST https://jeniya.cn/v1/chat/completions "HTTP/1.1 200 OK"
[2026-06-12 18:15:59,859] INFO - HTTP Request: POST https://jeniya.cn/v1/chat/completions "HTTP/1.1 200 OK"
[2026-06-12 18:16:01,990] INFO - HTTP Request: POST https://jeniya.cn/v1/chat/completions "HTTP/1.1 200 OK"
[2026-06-12 18:16:02,386] INFO - HTTP Request: POST https://jeniya.cn/v1/chat/completions "HTTP/1.1 200 OK"
[2026-06-12 18:16:02,486] INFO - HTTP Request: POST https://jeniya.cn/v1/chat/completions "HTTP/1.1 200 OK"
[2026-06-12 18:16:03,863] INFO - HTTP Request: POST https://jeniya.cn/v1/chat/completions "HTTP/1.1 200 OK"
[2026-06-12 18:16:04,606] INFO - HTTP Request: POST https://jeniya.cn/v1/chat/completions "HTTP/1.1 200 OK"
[2026-06-12 18:16:05,090] INFO - HTTP Request: POST https://jeniya.cn/v1/chat/completions "HTTP/1.1 200 OK"
[2026-06-12 18:16:05,190] INFO - HTTP Request: POST https://jeniya.cn/v1/chat/completions "HTTP/1.1 200 OK"
[2026-06-12 18:16:06,322] INFO - HTTP Request: POST https://jeniya.cn/v1/chat/completions "HTTP/1.1 200 OK"
[2026-06-12 18:16:07,250] INFO - HTTP Request: POST https://jeniya.cn/v1/chat/completions "HTTP/1.1 200 OK"
[2026-06-12 18:16:07,286] INFO - HTTP Request: POST https://jeniya.cn/v1/chat/completions "HTTP/1.1 200 OK"
[2026-06-12 18:16:07,454] INFO - HTTP Request: POST https://jeniya.cn/v1/chat/completions "HTTP/1.1 200 OK"
[2026-06-12 18:16:08,107] INFO - HTTP Request: POST https://jeniya.cn/v1/chat/completions "HTTP/1.1 200 OK"
[2026-06-12 18:16:09,186] INFO - HTTP Request: POST https://jeniya.cn/v1/chat/completions "HTTP/1.1 200 OK"
[2026-06-12 18:16:09,770] INFO - HTTP Request: POST https://jeniya.cn/v1/chat/completions "HTTP/1.1 200 OK"
[2026-06-12 18:16:10,627] INFO - HTTP Request: POST https://jeniya.cn/v1/chat/completions "HTTP/1.1 200 OK"
[2026-06-12 18:16:12,663] INFO - HTTP Request: POST https://jeniya.cn/v1/chat/completions "HTTP/1.1 200 OK"
[2026-06-12 18:16:13,383] INFO - HTTP Request: POST https://jeniya.cn/v1/chat/completions "HTTP/1.1 200 OK"
[2026-06-12 18:16:13,465] INFO - HTTP Request: POST https://jeniya.cn/v1/chat/completions "HTTP/1.1 200 OK"
[2026-06-12 18:16:13,857] INFO - HTTP Request: POST https://jeniya.cn/v1/chat/completions "HTTP/1.1 200 OK"
[2026-06-12 18:16:13,925] INFO - HTTP Request: POST https://jeniya.cn/v1/chat/completions "HTTP/1.1 200 OK"
[2026-06-12 18:16:15,077] INFO - HTTP Request: POST https://jeniya.cn/v1/chat/completions "HTTP/1.1 200 OK"
[2026-06-12 18:16:15,498] INFO - HTTP Request: POST https://jeniya.cn/v1/chat/completions "HTTP/1.1 200 OK"
[2026-06-12 18:16:15,747] INFO - HTTP Request: POST https://jeniya.cn/v1/chat/completions "HTTP/1.1 200 OK"
[2026-06-12 18:16:16,535] INFO - HTTP Request: POST https://jeniya.cn/v1/chat/completions "HTTP/1.1 200 OK"
[2026-06-12 18:16:18,425] INFO - HTTP Request: POST https://jeniya.cn/v1/chat/completions "HTTP/1.1 200 OK"
[2026-06-12 18:16:18,744] INFO - HTTP Request: POST https://jeniya.cn/v1/chat/completions "HTTP/1.1 200 OK"
[2026-06-12 18:16:18,819] INFO - HTTP Request: POST https://jeniya.cn/v1/chat/completions "HTTP/1.1 200 OK"
[2026-06-12 18:16:20,424] INFO - HTTP Request: POST https://jeniya.cn/v1/chat/completions "HTTP/1.1 200 OK"
[2026-06-12 18:16:21,256] INFO - HTTP Request: POST https://jeniya.cn/v1/chat/completions "HTTP/1.1 200 OK"
[2026-06-12 18:16:21,353] INFO - HTTP Request: POST https://jeniya.cn/v1/chat/completions "HTTP/1.1 200 OK"
[2026-06-12 18:16:22,165] INFO - HTTP Request: POST https://jeniya.cn/v1/chat/completions "HTTP/1.1 200 OK"
[2026-06-12 18:16:22,755] INFO - HTTP Request: POST https://jeniya.cn/v1/chat/completions "HTTP/1.1 200 OK"
[2026-06-12 18:16:23,015] INFO - HTTP Request: POST https://jeniya.cn/v1/chat/completions "HTTP/1.1 200 OK"
[2026-06-12 18:16:23,205] INFO - HTTP Request: POST https://jeniya.cn/v1/chat/completions "HTTP/1.1 200 OK"
[2026-06-12 18:16:23,379] INFO - HTTP Request: POST https://jeniya.cn/v1/chat/completions "HTTP/1.1 200 OK"
[2026-06-12 18:16:25,428] INFO - HTTP Request: POST https://jeniya.cn/v1/chat/completions "HTTP/1.1 200 OK"
[2026-06-12 18:16:26,399] INFO - HTTP Request: POST https://jeniya.cn/v1/chat/completions "HTTP/1.1 200 OK"
[2026-06-12 18:16:27,021] INFO - HTTP Request: POST https://jeniya.cn/v1/chat/completions "HTTP/1.1 200 OK"
[2026-06-12 18:16:27,547] INFO - HTTP Request: POST https://jeniya.cn/v1/chat/completions "HTTP/1.1 200 OK"
[2026-06-12 18:16:27,874] INFO - HTTP Request: POST https://jeniya.cn/v1/chat/completions "HTTP/1.1 200 OK"
[2026-06-12 18:16:27,903] INFO - HTTP Request: POST https://jeniya.cn/v1/chat/completions "HTTP/1.1 200 OK"
[2026-06-12 18:16:28,107] INFO - HTTP Request: POST https://jeniya.cn/v1/chat/completions "HTTP/1.1 200 OK"
[2026-06-12 18:16:28,593] INFO - HTTP Request: POST https://jeniya.cn/v1/chat/completions "HTTP/1.1 200 OK"
[2026-06-12 18:16:29,792] INFO - HTTP Request: POST https://jeniya.cn/v1/chat/completions "HTTP/1.1 200 OK"
[2026-06-12 18:16:32,167] INFO - HTTP Request: POST https://jeniya.cn/v1/chat/completions "HTTP/1.1 200 OK"
[2026-06-12 18:16:32,959] INFO - HTTP Request: POST https://jeniya.cn/v1/chat/completions "HTTP/1.1 200 OK"
[2026-06-12 18:16:32,968] INFO - HTTP Request: POST https://jeniya.cn/v1/chat/completions "HTTP/1.1 200 OK"
[2026-06-12 18:16:33,768] INFO - HTTP Request: POST https://jeniya.cn/v1/chat/completions "HTTP/1.1 200 OK"
[2026-06-12 18:16:34,413] INFO - HTTP Request: POST https://jeniya.cn/v1/chat/completions "HTTP/1.1 200 OK"
[2026-06-12 18:16:34,785] INFO - HTTP Request: POST https://jeniya.cn/v1/chat/completions "HTTP/1.1 200 OK"
[2026-06-12 18:16:36,286] INFO - HTTP Request: POST https://jeniya.cn/v1/chat/completions "HTTP/1.1 200 OK"
[2026-06-12 18:16:38,018] INFO - HTTP Request: POST https://jeniya.cn/v1/chat/completions "HTTP/1.1 200 OK"
[2026-06-12 18:16:38,381] INFO - HTTP Request: POST https://jeniya.cn/v1/chat/completions "HTTP/1.1 200 OK"
[2026-06-12 18:16:38,675] INFO - HTTP Request: POST https://jeniya.cn/v1/chat/completions "HTTP/1.1 200 OK"
[2026-06-12 18:16:39,042] INFO - HTTP Request: POST https://jeniya.cn/v1/chat/completions "HTTP/1.1 200 OK"
[2026-06-12 18:16:39,549] INFO - HTTP Request: POST https://jeniya.cn/v1/chat/completions "HTTP/1.1 200 OK"
[2026-06-12 18:16:39,682] INFO - HTTP Request: POST https://jeniya.cn/v1/chat/completions "HTTP/1.1 200 OK"
[2026-06-12 18:16:39,970] INFO - HTTP Request: POST https://jeniya.cn/v1/chat/completions "HTTP/1.1 200 OK"
[2026-06-12 18:16:40,067] INFO - HTTP Request: POST https://jeniya.cn/v1/chat/completions "HTTP/1.1 200 OK"
[2026-06-12 18:16:42,137] INFO - HTTP Request: POST https://jeniya.cn/v1/chat/completions "HTTP/1.1 200 OK"
[2026-06-12 18:16:43,387] INFO - HTTP Request: POST https://jeniya.cn/v1/chat/completions "HTTP/1.1 200 OK"
[2026-06-12 18:16:44,008] INFO - HTTP Request: POST https://jeniya.cn/v1/chat/completions "HTTP/1.1 200 OK"
[2026-06-12 18:16:44,197] INFO - HTTP Request: POST https://jeniya.cn/v1/chat/completions "HTTP/1.1 200 OK"
[2026-06-12 18:16:44,248] INFO - HTTP Request: POST https://jeniya.cn/v1/chat/completions "HTTP/1.1 200 OK"
[2026-06-12 18:16:44,658] INFO - HTTP Request: POST https://jeniya.cn/v1/chat/completions "HTTP/1.1 200 OK"
[2026-06-12 18:16:44,687] INFO - HTTP Request: POST https://jeniya.cn/v1/chat/completions "HTTP/1.1 200 OK"
[2026-06-12 18:16:45,134] INFO - HTTP Request: POST https://jeniya.cn/v1/chat/completions "HTTP/1.1 200 OK"
[2026-06-12 18:16:45,420] INFO - HTTP Request: POST https://jeniya.cn/v1/chat/completions "HTTP/1.1 200 OK"
[2026-06-12 18:16:47,676] INFO - HTTP Request: POST https://jeniya.cn/v1/chat/completions "HTTP/1.1 200 OK"
[2026-06-12 18:16:48,885] INFO - HTTP Request: POST https://jeniya.cn/v1/chat/completions "HTTP/1.1 200 OK"
[2026-06-12 18:16:48,924] INFO - HTTP Request: POST https://jeniya.cn/v1/chat/completions "HTTP/1.1 200 OK"
[2026-06-12 18:16:49,440] INFO - HTTP Request: POST https://jeniya.cn/v1/chat/completions "HTTP/1.1 200 OK"
[2026-06-12 18:16:49,739] INFO - HTTP Request: POST https://jeniya.cn/v1/chat/completions "HTTP/1.1 200 OK"
[2026-06-12 18:16:51,412] INFO - HTTP Request: POST https://jeniya.cn/v1/chat/completions "HTTP/1.1 200 OK"
[2026-06-12 18:16:51,622] INFO - HTTP Request: POST https://jeniya.cn/v1/chat/completions "HTTP/1.1 200 OK"
[2026-06-12 18:16:51,791] INFO - HTTP Request: POST https://jeniya.cn/v1/chat/completions "HTTP/1.1 200 OK"
[2026-06-12 18:16:52,808] INFO - HTTP Request: POST https://jeniya.cn/v1/chat/completions "HTTP/1.1 200 OK"
[2026-06-12 18:16:52,946] INFO - HTTP Request: POST https://jeniya.cn/v1/chat/completions "HTTP/1.1 200 OK"
[2026-06-12 18:16:54,137] INFO - HTTP Request: POST https://jeniya.cn/v1/chat/completions "HTTP/1.1 200 OK"
[2026-06-12 18:16:54,258] INFO - HTTP Request: POST https://jeniya.cn/v1/chat/completions "HTTP/1.1 200 OK"
[2026-06-12 18:16:54,707] INFO - HTTP Request: POST https://jeniya.cn/v1/chat/completions "HTTP/1.1 200 OK"
[2026-06-12 18:16:55,982] INFO - HTTP Request: POST https://jeniya.cn/v1/chat/completions "HTTP/1.1 200 OK"
[2026-06-12 18:16:56,411] INFO - HTTP Request: POST https://jeniya.cn/v1/chat/completions "HTTP/1.1 200 OK"
[2026-06-12 18:16:57,290] INFO - HTTP Request: POST https://jeniya.cn/v1/chat/completions "HTTP/1.1 200 OK"
[2026-06-12 18:16:58,480] INFO - HTTP Request: POST https://jeniya.cn/v1/chat/completions "HTTP/1.1 200 OK"
[2026-06-12 18:16:59,032] INFO - HTTP Request: POST https://jeniya.cn/v1/chat/completions "HTTP/1.1 200 OK"
[2026-06-12 18:16:59,464] INFO - HTTP Request: POST https://jeniya.cn/v1/chat/completions "HTTP/1.1 200 OK"
[2026-06-12 18:16:59,513] INFO - HTTP Request: POST https://jeniya.cn/v1/chat/completions "HTTP/1.1 200 OK"
[2026-06-12 18:17:00,441] INFO - HTTP Request: POST https://jeniya.cn/v1/chat/completions "HTTP/1.1 200 OK"
[2026-06-12 18:17:01,114] INFO - HTTP Request: POST https://jeniya.cn/v1/chat/completions "HTTP/1.1 200 OK"
[2026-06-12 18:17:02,012] INFO - HTTP Request: POST https://jeniya.cn/v1/chat/completions "HTTP/1.1 200 OK"
[2026-06-12 18:17:02,322] INFO - HTTP Request: POST https://jeniya.cn/v1/chat/completions "HTTP/1.1 200 OK"
[2026-06-12 18:17:03,163] INFO - HTTP Request: POST https://jeniya.cn/v1/chat/completions "HTTP/1.1 200 OK"
[2026-06-12 18:17:04,023] INFO - HTTP Request: POST https://jeniya.cn/v1/chat/completions "HTTP/1.1 200 OK"
[2026-06-12 18:17:04,294] INFO - HTTP Request: POST https://jeniya.cn/v1/chat/completions "HTTP/1.1 200 OK"
[2026-06-12 18:17:04,893] INFO - HTTP Request: POST https://jeniya.cn/v1/chat/completions "HTTP/1.1 200 OK"
[2026-06-12 18:17:04,953] INFO - HTTP Request: POST https://jeniya.cn/v1/chat/completions "HTTP/1.1 200 OK"
[2026-06-12 18:17:05,028] INFO - HTTP Request: POST https://jeniya.cn/v1/chat/completions "HTTP/1.1 200 OK"
[2026-06-12 18:17:06,518] INFO - HTTP Request: POST https://jeniya.cn/v1/chat/completions "HTTP/1.1 200 OK"
[2026-06-12 18:17:06,521] INFO - HTTP Request: POST https://jeniya.cn/v1/chat/completions "HTTP/1.1 200 OK"
[2026-06-12 18:17:07,220] INFO - HTTP Request: POST https://jeniya.cn/v1/chat/completions "HTTP/1.1 200 OK"
[2026-06-12 18:17:07,572] INFO - HTTP Request: POST https://jeniya.cn/v1/chat/completions "HTTP/1.1 200 OK"
[2026-06-12 18:17:09,160] INFO - HTTP Request: POST https://jeniya.cn/v1/chat/completions "HTTP/1.1 200 OK"
[2026-06-12 18:17:09,432] INFO - HTTP Request: POST https://jeniya.cn/v1/chat/completions "HTTP/1.1 200 OK"
[2026-06-12 18:17:09,867] INFO - HTTP Request: POST https://jeniya.cn/v1/chat/completions "HTTP/1.1 200 OK"
[2026-06-12 18:17:11,102] INFO - HTTP Request: POST https://jeniya.cn/v1/chat/completions "HTTP/1.1 200 OK"
[2026-06-12 18:17:11,242] INFO - HTTP Request: POST https://jeniya.cn/v1/chat/completions "HTTP/1.1 200 OK"
[2026-06-12 18:17:12,183] INFO - HTTP Request: POST https://jeniya.cn/v1/chat/completions "HTTP/1.1 200 OK"
[2026-06-12 18:17:12,459] INFO - HTTP Request: POST https://jeniya.cn/v1/chat/completions "HTTP/1.1 200 OK"
[2026-06-12 18:17:12,968] INFO - HTTP Request: POST https://jeniya.cn/v1/chat/completions "HTTP/1.1 200 OK"
[2026-06-12 18:17:13,629] INFO - HTTP Request: POST https://jeniya.cn/v1/chat/completions "HTTP/1.1 200 OK"
[2026-06-12 18:17:13,912] INFO - HTTP Request: POST https://jeniya.cn/v1/chat/completions "HTTP/1.1 200 OK"
[2026-06-12 18:17:14,314] INFO - HTTP Request: POST https://jeniya.cn/v1/chat/completions "HTTP/1.1 200 OK"
[2026-06-12 18:17:15,576] INFO - HTTP Request: POST https://jeniya.cn/v1/chat/completions "HTTP/1.1 200 OK"
[2026-06-12 18:17:15,915] INFO - HTTP Request: POST https://jeniya.cn/v1/chat/completions "HTTP/1.1 200 OK"
[2026-06-12 18:17:16,818] INFO - HTTP Request: POST https://jeniya.cn/v1/chat/completions "HTTP/1.1 200 OK"
[2026-06-12 18:17:17,300] INFO - HTTP Request: POST https://jeniya.cn/v1/chat/completions "HTTP/1.1 200 OK"
[2026-06-12 18:17:18,175] INFO - HTTP Request: POST https://jeniya.cn/v1/chat/completions "HTTP/1.1 200 OK"
[2026-06-12 18:17:18,420] INFO - HTTP Request: POST https://jeniya.cn/v1/chat/completions "HTTP/1.1 200 OK"
[2026-06-12 18:17:18,545] INFO - HTTP Request: POST https://jeniya.cn/v1/chat/completions "HTTP/1.1 200 OK"
[2026-06-12 18:17:18,572] INFO - HTTP Request: POST https://jeniya.cn/v1/chat/completions "HTTP/1.1 200 OK"
[2026-06-12 18:17:19,832] INFO - HTTP Request: POST https://jeniya.cn/v1/chat/completions "HTTP/1.1 200 OK"
[2026-06-12 18:17:20,666] INFO - HTTP Request: POST https://jeniya.cn/v1/chat/completions "HTTP/1.1 200 OK"
[2026-06-12 18:17:21,336] INFO - HTTP Request: POST https://jeniya.cn/v1/chat/completions "HTTP/1.1 200 OK"
[2026-06-12 18:17:21,429] INFO - HTTP Request: POST https://jeniya.cn/v1/chat/completions "HTTP/1.1 200 OK"
[2026-06-12 18:17:22,000] INFO - HTTP Request: POST https://jeniya.cn/v1/chat/completions "HTTP/1.1 200 OK"
[2026-06-12 18:17:22,824] INFO - HTTP Request: POST https://jeniya.cn/v1/chat/completions "HTTP/1.1 200 OK"
[2026-06-12 18:17:22,951] INFO - HTTP Request: POST https://jeniya.cn/v1/chat/completions "HTTP/1.1 200 OK"
[2026-06-12 18:17:23,201] INFO - HTTP Request: POST https://jeniya.cn/v1/chat/completions "HTTP/1.1 200 OK"
[2026-06-12 18:17:25,514] INFO - HTTP Request: POST https://jeniya.cn/v1/chat/completions "HTTP/1.1 200 OK"
[2026-06-12 18:17:25,856] INFO - HTTP Request: POST https://jeniya.cn/v1/chat/completions "HTTP/1.1 200 OK"
[2026-06-12 18:17:25,931] INFO - HTTP Request: POST https://jeniya.cn/v1/chat/completions "HTTP/1.1 200 OK"
[2026-06-12 18:17:26,080] INFO - HTTP Request: POST https://jeniya.cn/v1/chat/completions "HTTP/1.1 200 OK"
[2026-06-12 18:17:26,154] INFO - HTTP Request: POST https://jeniya.cn/v1/chat/completions "HTTP/1.1 200 OK"
[2026-06-12 18:17:27,182] INFO - HTTP Request: POST https://jeniya.cn/v1/chat/completions "HTTP/1.1 200 OK"
[2026-06-12 18:17:27,943] INFO - HTTP Request: POST https://jeniya.cn/v1/chat/completions "HTTP/1.1 200 OK"
[2026-06-12 18:17:28,550] INFO - HTTP Request: POST https://jeniya.cn/v1/chat/completions "HTTP/1.1 200 OK"
[2026-06-12 18:17:29,637] INFO - HTTP Request: POST https://jeniya.cn/v1/chat/completions "HTTP/1.1 200 OK"
[2026-06-12 18:17:30,303] INFO - HTTP Request: POST https://jeniya.cn/v1/chat/completions "HTTP/1.1 200 OK"
[2026-06-12 18:17:30,396] INFO - HTTP Request: POST https://jeniya.cn/v1/chat/completions "HTTP/1.1 200 OK"
[2026-06-12 18:17:31,382] INFO - HTTP Request: POST https://jeniya.cn/v1/chat/completions "HTTP/1.1 200 OK"
[2026-06-12 18:17:31,511] INFO - HTTP Request: POST https://jeniya.cn/v1/chat/completions "HTTP/1.1 200 OK"
[2026-06-12 18:17:31,627] INFO - HTTP Request: POST https://jeniya.cn/v1/chat/completions "HTTP/1.1 200 OK"
[2026-06-12 18:17:31,895] INFO - HTTP Request: POST https://jeniya.cn/v1/chat/completions "HTTP/1.1 200 OK"
[2026-06-12 18:17:31,898] INFO - HTTP Request: POST https://jeniya.cn/v1/chat/completions "HTTP/1.1 200 OK"
[2026-06-12 18:17:35,288] INFO - HTTP Request: POST https://jeniya.cn/v1/chat/completions "HTTP/1.1 200 OK"
[2026-06-12 18:17:36,398] INFO - HTTP Request: POST https://jeniya.cn/v1/chat/completions "HTTP/1.1 200 OK"
[2026-06-12 18:17:36,594] INFO - HTTP Request: POST https://jeniya.cn/v1/chat/completions "HTTP/1.1 200 OK"
[2026-06-12 18:17:36,656] INFO - HTTP Request: POST https://jeniya.cn/v1/chat/completions "HTTP/1.1 200 OK"
[2026-06-12 18:17:36,816] INFO - HTTP Request: POST https://jeniya.cn/v1/chat/completions "HTTP/1.1 200 OK"
[2026-06-12 18:17:36,994] INFO - HTTP Request: POST https://jeniya.cn/v1/chat/completions "HTTP/1.1 200 OK"
[2026-06-12 18:17:37,298] INFO - HTTP Request: POST https://jeniya.cn/v1/chat/completions "HTTP/1.1 200 OK"
[2026-06-12 18:17:38,732] INFO - HTTP Request: POST https://jeniya.cn/v1/chat/completions "HTTP/1.1 200 OK"
[2026-06-12 18:17:40,499] INFO - HTTP Request: POST https://jeniya.cn/v1/chat/completions "HTTP/1.1 200 OK"
[2026-06-12 18:17:41,280] INFO - HTTP Request: POST https://jeniya.cn/v1/chat/completions "HTTP/1.1 200 OK"
[2026-06-12 18:17:41,362] INFO - HTTP Request: POST https://jeniya.cn/v1/chat/completions "HTTP/1.1 200 OK"
[2026-06-12 18:17:42,064] INFO - HTTP Request: POST https://jeniya.cn/v1/chat/completions "HTTP/1.1 200 OK"
[2026-06-12 18:17:42,088] INFO - HTTP Request: POST https://jeniya.cn/v1/chat/completions "HTTP/1.1 200 OK"
[2026-06-12 18:17:42,736] INFO - HTTP Request: POST https://jeniya.cn/v1/chat/completions "HTTP/1.1 200 OK"
[2026-06-12 18:17:42,821] INFO - HTTP Request: POST https://jeniya.cn/v1/chat/completions "HTTP/1.1 200 OK"
[2026-06-12 18:17:43,941] INFO - HTTP Request: POST https://jeniya.cn/v1/chat/completions "HTTP/1.1 200 OK"
[2026-06-12 18:17:44,642] INFO - HTTP Request: POST https://jeniya.cn/v1/chat/completions "HTTP/1.1 200 OK"
[2026-06-12 18:17:46,097] INFO - HTTP Request: POST https://jeniya.cn/v1/chat/completions "HTTP/1.1 200 OK"
[2026-06-12 18:17:46,403] INFO - HTTP Request: POST https://jeniya.cn/v1/chat/completions "HTTP/1.1 200 OK"
[2026-06-12 18:17:46,489] INFO - HTTP Request: POST https://jeniya.cn/v1/chat/completions "HTTP/1.1 200 OK"
[2026-06-12 18:17:46,548] INFO - HTTP Request: POST https://jeniya.cn/v1/chat/completions "HTTP/1.1 200 OK"
[2026-06-12 18:17:47,019] INFO - HTTP Request: POST https://jeniya.cn/v1/chat/completions "HTTP/1.1 200 OK"
[2026-06-12 18:17:48,141] INFO - HTTP Request: POST https://jeniya.cn/v1/chat/completions "HTTP/1.1 200 OK"
[2026-06-12 18:17:48,177] INFO - HTTP Request: POST https://jeniya.cn/v1/chat/completions "HTTP/1.1 200 OK"
[2026-06-12 18:17:48,758] INFO - HTTP Request: POST https://jeniya.cn/v1/chat/completions "HTTP/1.1 200 OK"
[2026-06-12 18:17:50,313] INFO - HTTP Request: POST https://jeniya.cn/v1/chat/completions "HTTP/1.1 200 OK"
[2026-06-12 18:17:50,920] INFO - HTTP Request: POST https://jeniya.cn/v1/chat/completions "HTTP/1.1 200 OK"
[2026-06-12 18:17:51,234] INFO - HTTP Request: POST https://jeniya.cn/v1/chat/completions "HTTP/1.1 200 OK"
[2026-06-12 18:17:51,416] INFO - HTTP Request: POST https://jeniya.cn/v1/chat/completions "HTTP/1.1 200 OK"
[2026-06-12 18:17:51,550] INFO - HTTP Request: POST https://jeniya.cn/v1/chat/completions "HTTP/1.1 200 OK"
[2026-06-12 18:17:52,369] INFO - HTTP Request: POST https://jeniya.cn/v1/chat/completions "HTTP/1.1 200 OK"
[2026-06-12 18:17:52,729] INFO - HTTP Request: POST https://jeniya.cn/v1/chat/completions "HTTP/1.1 200 OK"
[2026-06-12 18:17:52,881] INFO - HTTP Request: POST https://jeniya.cn/v1/chat/completions "HTTP/1.1 200 OK"
[2026-06-12 18:17:53,718] INFO - HTTP Request: POST https://jeniya.cn/v1/chat/completions "HTTP/1.1 200 OK"
[2026-06-12 18:17:55,023] INFO - HTTP Request: POST https://jeniya.cn/v1/chat/completions "HTTP/1.1 200 OK"
[2026-06-12 18:17:55,611] INFO - HTTP Request: POST https://jeniya.cn/v1/chat/completions "HTTP/1.1 200 OK"
[2026-06-12 18:17:55,813] INFO - HTTP Request: POST https://jeniya.cn/v1/chat/completions "HTTP/1.1 200 OK"
[2026-06-12 18:17:55,831] INFO - HTTP Request: POST https://jeniya.cn/v1/chat/completions "HTTP/1.1 200 OK"
[2026-06-12 18:17:56,576] INFO - HTTP Request: POST https://jeniya.cn/v1/chat/completions "HTTP/1.1 200 OK"
[2026-06-12 18:17:57,037] INFO - HTTP Request: POST https://jeniya.cn/v1/chat/completions "HTTP/1.1 200 OK"
[2026-06-12 18:17:57,849] INFO - HTTP Request: POST https://jeniya.cn/v1/chat/completions "HTTP/1.1 200 OK"
[2026-06-12 18:17:59,406] INFO - HTTP Request: POST https://jeniya.cn/v1/chat/completions "HTTP/1.1 200 OK"
[2026-06-12 18:17:59,437] INFO - HTTP Request: POST https://jeniya.cn/v1/chat/completions "HTTP/1.1 200 OK"
[2026-06-12 18:17:59,955] INFO - HTTP Request: POST https://jeniya.cn/v1/chat/completions "HTTP/1.1 200 OK"
[2026-06-12 18:18:00,474] INFO - HTTP Request: POST https://jeniya.cn/v1/chat/completions "HTTP/1.1 200 OK"
[2026-06-12 18:18:01,958] INFO - HTTP Request: POST https://jeniya.cn/v1/chat/completions "HTTP/1.1 200 OK"
[2026-06-12 18:18:01,981] INFO - HTTP Request: POST https://jeniya.cn/v1/chat/completions "HTTP/1.1 200 OK"
[2026-06-12 18:18:02,395] INFO - HTTP Request: POST https://jeniya.cn/v1/chat/completions "HTTP/1.1 200 OK"
[2026-06-12 18:18:02,977] INFO - HTTP Request: POST https://jeniya.cn/v1/chat/completions "HTTP/1.1 200 OK"
[2026-06-12 18:18:03,798] INFO - HTTP Request: POST https://jeniya.cn/v1/chat/completions "HTTP/1.1 200 OK"
[2026-06-12 18:18:04,088] INFO - HTTP Request: POST https://jeniya.cn/v1/chat/completions "HTTP/1.1 200 OK"
[2026-06-12 18:18:04,243] INFO - HTTP Request: POST https://jeniya.cn/v1/chat/completions "HTTP/1.1 200 OK"
[2026-06-12 18:18:05,847] INFO - HTTP Request: POST https://jeniya.cn/v1/chat/completions "HTTP/1.1 200 OK"
[2026-06-12 18:18:06,145] INFO - HTTP Request: POST https://jeniya.cn/v1/chat/completions "HTTP/1.1 200 OK"
[2026-06-12 18:18:06,387] INFO - HTTP Request: POST https://jeniya.cn/v1/chat/completions "HTTP/1.1 200 OK"
[2026-06-12 18:18:06,486] INFO - HTTP Request: POST https://jeniya.cn/v1/chat/completions "HTTP/1.1 200 OK"
[2026-06-12 18:18:08,078] INFO - HTTP Request: POST https://jeniya.cn/v1/chat/completions "HTTP/1.1 200 OK"
[2026-06-12 18:18:08,382] INFO - HTTP Request: POST https://jeniya.cn/v1/chat/completions "HTTP/1.1 200 OK"
[2026-06-12 18:18:09,049] INFO - HTTP Request: POST https://jeniya.cn/v1/chat/completions "HTTP/1.1 200 OK"
[2026-06-12 18:18:09,303] INFO - HTTP Request: POST https://jeniya.cn/v1/chat/completions "HTTP/1.1 200 OK"
[2026-06-12 18:18:09,755] INFO - HTTP Request: POST https://jeniya.cn/v1/chat/completions "HTTP/1.1 200 OK"
[2026-06-12 18:18:10,656] INFO - HTTP Request: POST https://jeniya.cn/v1/chat/completions "HTTP/1.1 200 OK"
[2026-06-12 18:18:10,873] INFO - HTTP Request: POST https://jeniya.cn/v1/chat/completions "HTTP/1.1 200 OK"
[2026-06-12 18:18:11,870] INFO - HTTP Request: POST https://jeniya.cn/v1/chat/completions "HTTP/1.1 200 OK"
[2026-06-12 18:18:12,344] INFO - HTTP Request: POST https://jeniya.cn/v1/chat/completions "HTTP/1.1 200 OK"
[2026-06-12 18:18:13,921] INFO - HTTP Request: POST https://jeniya.cn/v1/chat/completions "HTTP/1.1 200 OK"
[2026-06-12 18:18:13,937] INFO - HTTP Request: POST https://jeniya.cn/v1/chat/completions "HTTP/1.1 200 OK"
[2026-06-12 18:18:14,900] INFO - HTTP Request: POST https://jeniya.cn/v1/chat/completions "HTTP/1.1 200 OK"
[2026-06-12 18:18:15,228] INFO - HTTP Request: POST https://jeniya.cn/v1/chat/completions "HTTP/1.1 200 OK"
[2026-06-12 18:18:15,378] INFO - HTTP Request: POST https://jeniya.cn/v1/chat/completions "HTTP/1.1 200 OK"
[2026-06-12 18:18:15,864] INFO - HTTP Request: POST https://jeniya.cn/v1/chat/completions "HTTP/1.1 200 OK"
[2026-06-12 18:18:16,824] INFO - HTTP Request: POST https://jeniya.cn/v1/chat/completions "HTTP/1.1 200 OK"
[2026-06-12 18:18:17,492] INFO - HTTP Request: POST https://jeniya.cn/v1/chat/completions "HTTP/1.1 200 OK"
[2026-06-12 18:18:18,788] INFO - HTTP Request: POST https://jeniya.cn/v1/chat/completions "HTTP/1.1 200 OK"
[2026-06-12 18:18:19,320] INFO - HTTP Request: POST https://jeniya.cn/v1/chat/completions "HTTP/1.1 200 OK"
[2026-06-12 18:18:19,772] INFO - HTTP Request: POST https://jeniya.cn/v1/chat/completions "HTTP/1.1 200 OK"
[2026-06-12 18:18:19,957] INFO - HTTP Request: POST https://jeniya.cn/v1/chat/completions "HTTP/1.1 200 OK"
[2026-06-12 18:18:21,396] INFO - HTTP Request: POST https://jeniya.cn/v1/chat/completions "HTTP/1.1 200 OK"
[2026-06-12 18:18:22,299] INFO - HTTP Request: POST https://jeniya.cn/v1/chat/completions "HTTP/1.1 200 OK"
[2026-06-12 18:18:22,447] INFO - HTTP Request: POST https://jeniya.cn/v1/chat/completions "HTTP/1.1 200 OK"
[2026-06-12 18:18:22,469] INFO - HTTP Request: POST https://jeniya.cn/v1/chat/completions "HTTP/1.1 200 OK"
[2026-06-12 18:18:23,419] INFO - HTTP Request: POST https://jeniya.cn/v1/chat/completions "HTTP/1.1 200 OK"
[2026-06-12 18:18:23,754] INFO - HTTP Request: POST https://jeniya.cn/v1/chat/completions "HTTP/1.1 200 OK"
[2026-06-12 18:18:24,013] INFO - HTTP Request: POST https://jeniya.cn/v1/chat/completions "HTTP/1.1 200 OK"
[2026-06-12 18:18:25,309] INFO - HTTP Request: POST https://jeniya.cn/v1/chat/completions "HTTP/1.1 200 OK"
[2026-06-12 18:18:25,651] INFO - HTTP Request: POST https://jeniya.cn/v1/chat/completions "HTTP/1.1 200 OK"
[2026-06-12 18:18:26,178] INFO - HTTP Request: POST https://jeniya.cn/v1/chat/completions "HTTP/1.1 200 OK"
[2026-06-12 18:18:26,374] INFO - HTTP Request: POST https://jeniya.cn/v1/chat/completions "HTTP/1.1 200 OK"
[2026-06-12 18:18:26,583] INFO - HTTP Request: POST https://jeniya.cn/v1/chat/completions "HTTP/1.1 200 OK"
[2026-06-12 18:18:26,834] INFO - HTTP Request: POST https://jeniya.cn/v1/chat/completions "HTTP/1.1 200 OK"
[2026-06-12 18:18:28,178] INFO - HTTP Request: POST https://jeniya.cn/v1/chat/completions "HTTP/1.1 200 OK"
[2026-06-12 18:18:28,729] INFO - HTTP Request: POST https://jeniya.cn/v1/chat/completions "HTTP/1.1 200 OK"
[2026-06-12 18:18:29,547] INFO - HTTP Request: POST https://jeniya.cn/v1/chat/completions "HTTP/1.1 200 OK"
[2026-06-12 18:18:29,660] INFO - HTTP Request: POST https://jeniya.cn/v1/chat/completions "HTTP/1.1 200 OK"
[2026-06-12 18:18:29,871] INFO - HTTP Request: POST https://jeniya.cn/v1/chat/completions "HTTP/1.1 200 OK"
[2026-06-12 18:18:30,169] INFO - HTTP Request: POST https://jeniya.cn/v1/chat/completions "HTTP/1.1 200 OK"
[2026-06-12 18:18:31,724] INFO - HTTP Request: POST https://jeniya.cn/v1/chat/completions "HTTP/1.1 200 OK"
[2026-06-12 18:18:32,260] INFO - HTTP Request: POST https://jeniya.cn/v1/chat/completions "HTTP/1.1 200 OK"
[2026-06-12 18:18:33,003] INFO - HTTP Request: POST https://jeniya.cn/v1/chat/completions "HTTP/1.1 200 OK"
[2026-06-12 18:18:33,676] INFO - HTTP Request: POST https://jeniya.cn/v1/chat/completions "HTTP/1.1 200 OK"
[2026-06-12 18:18:33,877] INFO - HTTP Request: POST https://jeniya.cn/v1/chat/completions "HTTP/1.1 200 OK"
[2026-06-12 18:18:34,697] INFO - HTTP Request: POST https://jeniya.cn/v1/chat/completions "HTTP/1.1 200 OK"
[2026-06-12 18:18:34,913] INFO - HTTP Request: POST https://jeniya.cn/v1/chat/completions "HTTP/1.1 200 OK"
[2026-06-12 18:18:35,086] INFO - HTTP Request: POST https://jeniya.cn/v1/chat/completions "HTTP/1.1 200 OK"
[2026-06-12 18:18:35,792] INFO - HTTP Request: POST https://jeniya.cn/v1/chat/completions "HTTP/1.1 200 OK"
[2026-06-12 18:18:36,666] INFO - HTTP Request: POST https://jeniya.cn/v1/chat/completions "HTTP/1.1 200 OK"
[2026-06-12 18:18:37,713] INFO - HTTP Request: POST https://jeniya.cn/v1/chat/completions "HTTP/1.1 200 OK"
[2026-06-12 18:18:37,925] INFO - HTTP Request: POST https://jeniya.cn/v1/chat/completions "HTTP/1.1 200 OK"
[2026-06-12 18:18:38,192] INFO - HTTP Request: POST https://jeniya.cn/v1/chat/completions "HTTP/1.1 200 OK"
[2026-06-12 18:18:39,879] INFO - HTTP Request: POST https://jeniya.cn/v1/chat/completions "HTTP/1.1 200 OK"
[2026-06-12 18:18:40,226] INFO - HTTP Request: POST https://jeniya.cn/v1/chat/completions "HTTP/1.1 200 OK"
[2026-06-12 18:18:40,281] INFO - HTTP Request: POST https://jeniya.cn/v1/chat/completions "HTTP/1.1 200 OK"
[2026-06-12 18:18:40,852] INFO - HTTP Request: POST https://jeniya.cn/v1/chat/completions "HTTP/1.1 200 OK"
[2026-06-12 18:18:42,370] INFO - HTTP Request: POST https://jeniya.cn/v1/chat/completions "HTTP/1.1 200 OK"
[2026-06-12 18:18:42,548] INFO - HTTP Request: POST https://jeniya.cn/v1/chat/completions "HTTP/1.1 200 OK"
[2026-06-12 18:18:42,972] INFO - HTTP Request: POST https://jeniya.cn/v1/chat/completions "HTTP/1.1 200 OK"
[2026-06-12 18:18:44,534] INFO - HTTP Request: POST https://jeniya.cn/v1/chat/completions "HTTP/1.1 200 OK"
[2026-06-12 18:18:44,705] INFO - HTTP Request: POST https://jeniya.cn/v1/chat/completions "HTTP/1.1 200 OK"
[2026-06-12 18:18:44,801] INFO - HTTP Request: POST https://jeniya.cn/v1/chat/completions "HTTP/1.1 200 OK"
[2026-06-12 18:18:44,947] INFO - HTTP Request: POST https://jeniya.cn/v1/chat/completions "HTTP/1.1 200 OK"
[2026-06-12 18:18:46,715] INFO - HTTP Request: POST https://jeniya.cn/v1/chat/completions "HTTP/1.1 200 OK"
[2026-06-12 18:18:47,529] INFO - HTTP Request: POST https://jeniya.cn/v1/chat/completions "HTTP/1.1 200 OK"
[2026-06-12 18:18:47,591] INFO - HTTP Request: POST https://jeniya.cn/v1/chat/completions "HTTP/1.1 200 OK"
[2026-06-12 18:18:49,004] INFO - HTTP Request: POST https://jeniya.cn/v1/chat/completions "HTTP/1.1 200 OK"
[2026-06-12 18:18:49,098] INFO - HTTP Request: POST https://jeniya.cn/v1/chat/completions "HTTP/1.1 200 OK"
[2026-06-12 18:18:49,589] INFO - HTTP Request: POST https://jeniya.cn/v1/chat/completions "HTTP/1.1 200 OK"
[2026-06-12 18:18:49,622] INFO - HTTP Request: POST https://jeniya.cn/v1/chat/completions "HTTP/1.1 200 OK"
[2026-06-12 18:18:50,345] INFO - HTTP Request: POST https://jeniya.cn/v1/chat/completions "HTTP/1.1 200 OK"
[2026-06-12 18:18:51,887] INFO - HTTP Request: POST https://jeniya.cn/v1/chat/completions "HTTP/1.1 200 OK"
[2026-06-12 18:18:52,636] INFO - HTTP Request: POST https://jeniya.cn/v1/chat/completions "HTTP/1.1 200 OK"
[2026-06-12 18:18:52,703] INFO - HTTP Request: POST https://jeniya.cn/v1/chat/completions "HTTP/1.1 200 OK"
[2026-06-12 18:18:53,219] INFO - HTTP Request: POST https://jeniya.cn/v1/chat/completions "HTTP/1.1 200 OK"
[2026-06-12 18:18:53,603] INFO - HTTP Request: POST https://jeniya.cn/v1/chat/completions "HTTP/1.1 200 OK"
[2026-06-12 18:18:53,866] INFO - HTTP Request: POST https://jeniya.cn/v1/chat/completions "HTTP/1.1 200 OK"
[2026-06-12 18:18:54,466] INFO - HTTP Request: POST https://jeniya.cn/v1/chat/completions "HTTP/1.1 200 OK"
[2026-06-12 18:18:55,833] INFO - HTTP Request: POST https://jeniya.cn/v1/chat/completions "HTTP/1.1 200 OK"
[2026-06-12 18:18:56,132] INFO - HTTP Request: POST https://jeniya.cn/v1/chat/completions "HTTP/1.1 200 OK"
[2026-06-12 18:18:57,676] INFO - HTTP Request: POST https://jeniya.cn/v1/chat/completions "HTTP/1.1 200 OK"
[2026-06-12 18:18:57,729] INFO - HTTP Request: POST https://jeniya.cn/v1/chat/completions "HTTP/1.1 200 OK"
[2026-06-12 18:18:57,909] INFO - HTTP Request: POST https://jeniya.cn/v1/chat/completions "HTTP/1.1 200 OK"
[2026-06-12 18:18:57,966] INFO - HTTP Request: POST https://jeniya.cn/v1/chat/completions "HTTP/1.1 200 OK"
[2026-06-12 18:18:58,001] INFO - HTTP Request: POST https://jeniya.cn/v1/chat/completions "HTTP/1.1 200 OK"
[2026-06-12 18:18:58,577] INFO - HTTP Request: POST https://jeniya.cn/v1/chat/completions "HTTP/1.1 200 OK"
[2026-06-12 18:18:59,946] INFO - HTTP Request: POST https://jeniya.cn/v1/chat/completions "HTTP/1.1 200 OK"
[2026-06-12 18:19:01,671] INFO - HTTP Request: POST https://jeniya.cn/v1/chat/completions "HTTP/1.1 200 OK"
[2026-06-12 18:19:02,627] INFO - HTTP Request: POST https://jeniya.cn/v1/chat/completions "HTTP/1.1 200 OK"
[2026-06-12 18:19:03,184] INFO - HTTP Request: POST https://jeniya.cn/v1/chat/completions "HTTP/1.1 200 OK"
[2026-06-12 18:19:03,191] INFO - HTTP Request: POST https://jeniya.cn/v1/chat/completions "HTTP/1.1 200 OK"
[2026-06-12 18:19:03,199] INFO - HTTP Request: POST https://jeniya.cn/v1/chat/completions "HTTP/1.1 200 OK"
[2026-06-12 18:19:03,257] INFO - HTTP Request: POST https://jeniya.cn/v1/chat/completions "HTTP/1.1 200 OK"
[2026-06-12 18:19:03,770] INFO - HTTP Request: POST https://jeniya.cn/v1/chat/completions "HTTP/1.1 200 OK"
[2026-06-12 18:19:05,278] INFO - HTTP Request: POST https://jeniya.cn/v1/chat/completions "HTTP/1.1 200 OK"
[2026-06-12 18:19:06,127] INFO - HTTP Request: POST https://jeniya.cn/v1/chat/completions "HTTP/1.1 200 OK"
[2026-06-12 18:19:06,940] INFO - HTTP Request: POST https://jeniya.cn/v1/chat/completions "HTTP/1.1 200 OK"
[2026-06-12 18:19:07,563] INFO - HTTP Request: POST https://jeniya.cn/v1/chat/completions "HTTP/1.1 200 OK"
[2026-06-12 18:19:08,226] INFO - HTTP Request: POST https://jeniya.cn/v1/chat/completions "HTTP/1.1 200 OK"
[2026-06-12 18:19:08,250] INFO - HTTP Request: POST https://jeniya.cn/v1/chat/completions "HTTP/1.1 200 OK"
[2026-06-12 18:19:09,300] INFO - HTTP Request: POST https://jeniya.cn/v1/chat/completions "HTTP/1.1 200 OK"
[2026-06-12 18:19:09,575] INFO - HTTP Request: POST https://jeniya.cn/v1/chat/completions "HTTP/1.1 200 OK"
[2026-06-12 18:19:09,712] INFO - HTTP Request: POST https://jeniya.cn/v1/chat/completions "HTTP/1.1 200 OK"
[2026-06-12 18:19:10,003] INFO - HTTP Request: POST https://jeniya.cn/v1/chat/completions "HTTP/1.1 200 OK"
[2026-06-12 18:19:10,792] INFO - HTTP Request: POST https://jeniya.cn/v1/chat/completions "HTTP/1.1 200 OK"
[2026-06-12 18:19:11,653] INFO - HTTP Request: POST https://jeniya.cn/v1/chat/completions "HTTP/1.1 200 OK"
[2026-06-12 18:19:12,067] INFO - HTTP Request: POST https://jeniya.cn/v1/chat/completions "HTTP/1.1 200 OK"
[2026-06-12 18:19:12,544] INFO - HTTP Request: POST https://jeniya.cn/v1/chat/completions "HTTP/1.1 200 OK"
[2026-06-12 18:19:13,373] INFO - HTTP Request: POST https://jeniya.cn/v1/chat/completions "HTTP/1.1 200 OK"
[2026-06-12 18:19:14,122] INFO - HTTP Request: POST https://jeniya.cn/v1/chat/completions "HTTP/1.1 200 OK"
[2026-06-12 18:19:14,630] INFO - HTTP Request: POST https://jeniya.cn/v1/chat/completions "HTTP/1.1 200 OK"
[2026-06-12 18:19:15,387] INFO - HTTP Request: POST https://jeniya.cn/v1/chat/completions "HTTP/1.1 200 OK"
[2026-06-12 18:19:15,783] INFO - HTTP Request: POST https://jeniya.cn/v1/chat/completions "HTTP/1.1 200 OK"
[2026-06-12 18:19:16,499] INFO - HTTP Request: POST https://jeniya.cn/v1/chat/completions "HTTP/1.1 200 OK"
[2026-06-12 18:19:17,143] INFO - HTTP Request: POST https://jeniya.cn/v1/chat/completions "HTTP/1.1 200 OK"
[2026-06-12 18:19:17,794] INFO - HTTP Request: POST https://jeniya.cn/v1/chat/completions "HTTP/1.1 200 OK"
[2026-06-12 18:19:17,945] INFO - HTTP Request: POST https://jeniya.cn/v1/chat/completions "HTTP/1.1 200 OK"
[2026-06-12 18:19:18,597] INFO - HTTP Request: POST https://jeniya.cn/v1/chat/completions "HTTP/1.1 200 OK"
[2026-06-12 18:19:18,640] INFO - HTTP Request: POST https://jeniya.cn/v1/chat/completions "HTTP/1.1 200 OK"
[2026-06-12 18:19:20,085] INFO - HTTP Request: POST https://jeniya.cn/v1/chat/completions "HTTP/1.1 200 OK"
[2026-06-12 18:19:20,405] INFO - HTTP Request: POST https://jeniya.cn/v1/chat/completions "HTTP/1.1 200 OK"
[2026-06-12 18:19:20,820] INFO - HTTP Request: POST https://jeniya.cn/v1/chat/completions "HTTP/1.1 200 OK"
[2026-06-12 18:19:21,467] INFO - HTTP Request: POST https://jeniya.cn/v1/chat/completions "HTTP/1.1 200 OK"
[2026-06-12 18:19:22,191] INFO - HTTP Request: POST https://jeniya.cn/v1/chat/completions "HTTP/1.1 200 OK"
[2026-06-12 18:19:22,341] INFO - HTTP Request: POST https://jeniya.cn/v1/chat/completions "HTTP/1.1 200 OK"
[2026-06-12 18:19:22,778] INFO - HTTP Request: POST https://jeniya.cn/v1/chat/completions "HTTP/1.1 200 OK"
[2026-06-12 18:19:23,085] INFO - HTTP Request: POST https://jeniya.cn/v1/chat/completions "HTTP/1.1 200 OK"
[2026-06-12 18:19:24,134] INFO - HTTP Request: POST https://jeniya.cn/v1/chat/completions "HTTP/1.1 200 OK"
[2026-06-12 18:19:24,992] INFO - HTTP Request: POST https://jeniya.cn/v1/chat/completions "HTTP/1.1 200 OK"
[2026-06-12 18:19:25,399] INFO - HTTP Request: POST https://jeniya.cn/v1/chat/completions "HTTP/1.1 200 OK"
[2026-06-12 18:19:26,513] INFO - HTTP Request: POST https://jeniya.cn/v1/chat/completions "HTTP/1.1 200 OK"
[2026-06-12 18:19:27,613] INFO - HTTP Request: POST https://jeniya.cn/v1/chat/completions "HTTP/1.1 200 OK"
[2026-06-12 18:19:28,095] INFO - HTTP Request: POST https://jeniya.cn/v1/chat/completions "HTTP/1.1 200 OK"
[2026-06-12 18:19:28,404] INFO - HTTP Request: POST https://jeniya.cn/v1/chat/completions "HTTP/1.1 200 OK"
[2026-06-12 18:19:29,845] INFO - HTTP Request: POST https://jeniya.cn/v1/chat/completions "HTTP/1.1 200 OK"
[2026-06-12 18:19:30,593] INFO - HTTP Request: POST https://jeniya.cn/v1/chat/completions "HTTP/1.1 200 OK"
[2026-06-12 18:19:30,652] INFO - HTTP Request: POST https://jeniya.cn/v1/chat/completions "HTTP/1.1 200 OK"
[2026-06-12 18:19:30,785] INFO - HTTP Request: POST https://jeniya.cn/v1/chat/completions "HTTP/1.1 200 OK"
[2026-06-12 18:19:32,374] INFO - HTTP Request: POST https://jeniya.cn/v1/chat/completions "HTTP/1.1 200 OK"
[2026-06-12 18:19:32,658] INFO - HTTP Request: POST https://jeniya.cn/v1/chat/completions "HTTP/1.1 200 OK"
[2026-06-12 18:19:33,615] INFO - HTTP Request: POST https://jeniya.cn/v1/chat/completions "HTTP/1.1 200 OK"
[2026-06-12 18:19:36,429] INFO - HTTP Request: POST https://jeniya.cn/v1/chat/completions "HTTP/1.1 200 OK"
[2026-06-12 18:19:36,439] INFO - HTTP Request: POST https://jeniya.cn/v1/chat/completions "HTTP/1.1 200 OK"
[2026-06-12 18:19:36,444] INFO - HTTP Request: POST https://jeniya.cn/v1/chat/completions "HTTP/1.1 200 OK"
[2026-06-12 18:19:36,446] INFO - HTTP Request: POST https://jeniya.cn/v1/chat/completions "HTTP/1.1 200 OK"
[2026-06-12 18:19:36,477] INFO - HTTP Request: POST https://jeniya.cn/v1/chat/completions "HTTP/1.1 200 OK"
[2026-06-12 18:19:36,807] INFO - HTTP Request: POST https://jeniya.cn/v1/chat/completions "HTTP/1.1 200 OK"
[2026-06-12 18:19:39,434] INFO - HTTP Request: POST https://jeniya.cn/v1/chat/completions "HTTP/1.1 200 OK"
[2026-06-12 18:19:40,533] INFO - HTTP Request: POST https://jeniya.cn/v1/chat/completions "HTTP/1.1 200 OK"
[2026-06-12 18:19:40,728] INFO - HTTP Request: POST https://jeniya.cn/v1/chat/completions "HTTP/1.1 200 OK"
[2026-06-12 18:19:40,730] INFO - HTTP Request: POST https://jeniya.cn/v1/chat/completions "HTTP/1.1 200 OK"
[2026-06-12 18:19:40,910] INFO - HTTP Request: POST https://jeniya.cn/v1/chat/completions "HTTP/1.1 200 OK"
[2026-06-12 18:19:41,815] INFO - HTTP Request: POST https://jeniya.cn/v1/chat/completions "HTTP/1.1 200 OK"
[2026-06-12 18:19:43,666] INFO - HTTP Request: POST https://jeniya.cn/v1/chat/completions "HTTP/1.1 200 OK"
[2026-06-12 18:19:43,736] INFO - HTTP Request: POST https://jeniya.cn/v1/chat/completions "HTTP/1.1 200 OK"
[2026-06-12 18:19:44,438] INFO - HTTP Request: POST https://jeniya.cn/v1/chat/completions "HTTP/1.1 200 OK"
[2026-06-12 18:19:45,209] INFO - HTTP Request: POST https://jeniya.cn/v1/chat/completions "HTTP/1.1 200 OK"
[2026-06-12 18:19:45,391] INFO - HTTP Request: POST https://jeniya.cn/v1/chat/completions "HTTP/1.1 200 OK"
[2026-06-12 18:19:45,894] INFO - HTTP Request: POST https://jeniya.cn/v1/chat/completions "HTTP/1.1 200 OK"
[2026-06-12 18:19:46,215] INFO - HTTP Request: POST https://jeniya.cn/v1/chat/completions "HTTP/1.1 200 OK"
[2026-06-12 18:19:47,799] INFO - HTTP Request: POST https://jeniya.cn/v1/chat/completions "HTTP/1.1 200 OK"
[2026-06-12 18:19:48,325] INFO - HTTP Request: POST https://jeniya.cn/v1/chat/completions "HTTP/1.1 200 OK"
[2026-06-12 18:19:49,273] INFO - HTTP Request: POST https://jeniya.cn/v1/chat/completions "HTTP/1.1 200 OK"
[2026-06-12 18:19:49,613] INFO - 启动网页服务: http://127.0.0.1:8000（热重载已开启，改 .py 自动重启）
[2026-06-12 18:19:49,637] INFO - HTTP Request: POST https://jeniya.cn/v1/chat/completions "HTTP/1.1 200 OK"
[2026-06-12 18:19:49,936] INFO - HTTP Request: POST https://jeniya.cn/v1/chat/completions "HTTP/1.1 200 OK"
[2026-06-12 18:19:50,173] INFO - HTTP Request: POST https://jeniya.cn/v1/chat/completions "HTTP/1.1 200 OK"
[2026-06-12 18:19:50,949] INFO - HTTP Request: POST https://jeniya.cn/v1/chat/completions "HTTP/1.1 200 OK"
[2026-06-12 18:19:52,844] INFO - HTTP Request: POST https://jeniya.cn/v1/chat/completions "HTTP/1.1 200 OK"
[2026-06-12 18:19:53,446] INFO - HTTP Request: POST https://jeniya.cn/v1/chat/completions "HTTP/1.1 200 OK"
[2026-06-12 18:19:54,073] INFO - HTTP Request: POST https://jeniya.cn/v1/chat/completions "HTTP/1.1 200 OK"
[2026-06-12 18:19:54,774] INFO - HTTP Request: POST https://jeniya.cn/v1/chat/completions "HTTP/1.1 200 OK"
[2026-06-12 18:19:55,302] INFO - HTTP Request: POST https://jeniya.cn/v1/chat/completions "HTTP/1.1 200 OK"
[2026-06-12 18:19:55,637] INFO - HTTP Request: POST https://jeniya.cn/v1/chat/completions "HTTP/1.1 200 OK"
[2026-06-12 18:19:55,791] INFO - HTTP Request: POST https://jeniya.cn/v1/chat/completions "HTTP/1.1 200 OK"
[2026-06-12 18:19:58,314] INFO - HTTP Request: POST https://jeniya.cn/v1/chat/completions "HTTP/1.1 200 OK"
[2026-06-12 18:19:58,794] INFO - HTTP Request: POST https://jeniya.cn/v1/chat/completions "HTTP/1.1 200 OK"
[2026-06-12 18:19:58,894] INFO - HTTP Request: POST https://jeniya.cn/v1/chat/completions "HTTP/1.1 200 OK"
[2026-06-12 18:19:58,991] INFO - HTTP Request: POST https://jeniya.cn/v1/chat/completions "HTTP/1.1 200 OK"
[2026-06-12 18:20:00,205] INFO - HTTP Request: POST https://jeniya.cn/v1/chat/completions "HTTP/1.1 200 OK"
[2026-06-12 18:20:01,492] INFO - HTTP Request: POST https://jeniya.cn/v1/chat/completions "HTTP/1.1 200 OK"
[2026-06-12 18:20:01,613] INFO - HTTP Request: POST https://jeniya.cn/v1/chat/completions "HTTP/1.1 200 OK"
[2026-06-12 18:20:03,376] INFO - HTTP Request: POST https://jeniya.cn/v1/chat/completions "HTTP/1.1 200 OK"
[2026-06-12 18:20:04,051] INFO - HTTP Request: POST https://jeniya.cn/v1/chat/completions "HTTP/1.1 200 OK"
[2026-06-12 18:20:04,378] INFO - HTTP Request: POST https://jeniya.cn/v1/chat/completions "HTTP/1.1 200 OK"
[2026-06-12 18:20:06,099] INFO - HTTP Request: POST https://jeniya.cn/v1/chat/completions "HTTP/1.1 200 OK"
[2026-06-12 18:20:06,243] INFO - HTTP Request: POST https://jeniya.cn/v1/chat/completions "HTTP/1.1 200 OK"
[2026-06-12 18:20:07,346] INFO - HTTP Request: POST https://jeniya.cn/v1/chat/completions "HTTP/1.1 200 OK"
[2026-06-12 18:20:07,416] INFO - HTTP Request: POST https://jeniya.cn/v1/chat/completions "HTTP/1.1 200 OK"
[2026-06-12 18:20:07,867] INFO - HTTP Request: POST https://jeniya.cn/v1/chat/completions "HTTP/1.1 200 OK"
[2026-06-12 18:20:07,920] INFO - HTTP Request: POST https://jeniya.cn/v1/chat/completions "HTTP/1.1 200 OK"
[2026-06-12 18:20:10,438] INFO - HTTP Request: POST https://jeniya.cn/v1/chat/completions "HTTP/1.1 200 OK"
[2026-06-12 18:20:10,654] INFO - HTTP Request: POST https://jeniya.cn/v1/chat/completions "HTTP/1.1 200 OK"
[2026-06-12 18:20:11,653] INFO - HTTP Request: POST https://jeniya.cn/v1/chat/completions "HTTP/1.1 200 OK"
[2026-06-12 18:20:11,787] INFO - HTTP Request: POST https://jeniya.cn/v1/chat/completions "HTTP/1.1 200 OK"
[2026-06-12 18:20:12,071] INFO - HTTP Request: POST https://jeniya.cn/v1/chat/completions "HTTP/1.1 200 OK"
[2026-06-12 18:20:12,868] INFO - HTTP Request: POST https://jeniya.cn/v1/chat/completions "HTTP/1.1 200 OK"
[2026-06-12 18:20:13,037] INFO - HTTP Request: POST https://jeniya.cn/v1/chat/completions "HTTP/1.1 200 OK"
[2026-06-12 18:20:15,915] INFO - HTTP Request: POST https://jeniya.cn/v1/chat/completions "HTTP/1.1 200 OK"
[2026-06-12 18:20:16,047] INFO - HTTP Request: POST https://jeniya.cn/v1/chat/completions "HTTP/1.1 200 OK"
[2026-06-12 18:20:16,633] INFO - HTTP Request: POST https://jeniya.cn/v1/chat/completions "HTTP/1.1 200 OK"
[2026-06-12 18:20:16,716] INFO - HTTP Request: POST https://jeniya.cn/v1/chat/completions "HTTP/1.1 200 OK"
[2026-06-12 18:20:17,744] INFO - HTTP Request: POST https://jeniya.cn/v1/chat/completions "HTTP/1.1 200 OK"
[2026-06-12 18:20:19,364] INFO - HTTP Request: POST https://jeniya.cn/v1/chat/completions "HTTP/1.1 200 OK"
[2026-06-12 18:20:19,381] INFO - HTTP Request: POST https://jeniya.cn/v1/chat/completions "HTTP/1.1 200 OK"
[2026-06-12 18:20:20,026] INFO - HTTP Request: POST https://jeniya.cn/v1/chat/completions "HTTP/1.1 200 OK"
[2026-06-12 18:20:21,270] INFO - HTTP Request: POST https://jeniya.cn/v1/chat/completions "HTTP/1.1 200 OK"
[2026-06-12 18:20:21,493] INFO - HTTP Request: POST https://jeniya.cn/v1/chat/completions "HTTP/1.1 200 OK"
[2026-06-12 18:20:21,634] INFO - HTTP Request: POST https://jeniya.cn/v1/chat/completions "HTTP/1.1 200 OK"
[2026-06-12 18:20:22,296] INFO - HTTP Request: POST https://jeniya.cn/v1/chat/completions "HTTP/1.1 200 OK"
[2026-06-12 18:20:24,015] INFO - HTTP Request: POST https://jeniya.cn/v1/chat/completions "HTTP/1.1 200 OK"
[2026-06-12 18:20:24,587] INFO - HTTP Request: POST https://jeniya.cn/v1/chat/completions "HTTP/1.1 200 OK"
[2026-06-12 18:20:25,505] INFO - HTTP Request: POST https://jeniya.cn/v1/chat/completions "HTTP/1.1 200 OK"
[2026-06-12 18:20:25,773] INFO - HTTP Request: POST https://jeniya.cn/v1/chat/completions "HTTP/1.1 200 OK"
[2026-06-12 18:20:27,207] INFO - HTTP Request: POST https://jeniya.cn/v1/chat/completions "HTTP/1.1 200 OK"
[2026-06-12 18:20:27,442] INFO - HTTP Request: POST https://jeniya.cn/v1/chat/completions "HTTP/1.1 200 OK"
[2026-06-12 18:20:27,594] INFO - HTTP Request: POST https://jeniya.cn/v1/chat/completions "HTTP/1.1 200 OK"
[2026-06-12 18:20:27,963] INFO - HTTP Request: POST https://jeniya.cn/v1/chat/completions "HTTP/1.1 200 OK"
[2026-06-12 18:20:29,911] INFO - HTTP Request: POST https://jeniya.cn/v1/chat/completions "HTTP/1.1 200 OK"
[2026-06-12 18:20:30,022] INFO - HTTP Request: POST https://jeniya.cn/v1/chat/completions "HTTP/1.1 200 OK"
[2026-06-12 18:20:31,148] INFO - HTTP Request: POST https://jeniya.cn/v1/chat/completions "HTTP/1.1 200 OK"
[2026-06-12 18:20:32,000] INFO - HTTP Request: POST https://jeniya.cn/v1/chat/completions "HTTP/1.1 200 OK"
[2026-06-12 18:20:32,079] INFO - HTTP Request: POST https://jeniya.cn/v1/chat/completions "HTTP/1.1 200 OK"
[2026-06-12 18:20:32,946] INFO - HTTP Request: POST https://jeniya.cn/v1/chat/completions "HTTP/1.1 200 OK"
[2026-06-12 18:20:33,023] INFO - HTTP Request: POST https://jeniya.cn/v1/chat/completions "HTTP/1.1 200 OK"
[2026-06-12 18:20:34,966] INFO - HTTP Request: POST https://jeniya.cn/v1/chat/completions "HTTP/1.1 200 OK"
[2026-06-12 18:20:36,449] INFO - HTTP Request: POST https://jeniya.cn/v1/chat/completions "HTTP/1.1 200 OK"
[2026-06-12 18:20:36,621] INFO - HTTP Request: POST https://jeniya.cn/v1/chat/completions "HTTP/1.1 200 OK"
[2026-06-12 18:20:37,152] INFO - HTTP Request: POST https://jeniya.cn/v1/chat/completions "HTTP/1.1 200 OK"
[2026-06-12 18:20:37,636] INFO - HTTP Request: POST https://jeniya.cn/v1/chat/completions "HTTP/1.1 200 OK"
[2026-06-12 18:20:38,094] INFO - HTTP Request: POST https://jeniya.cn/v1/chat/completions "HTTP/1.1 200 OK"
[2026-06-12 18:20:38,824] INFO - HTTP Request: POST https://jeniya.cn/v1/chat/completions "HTTP/1.1 200 OK"
[2026-06-12 18:20:38,935] INFO - HTTP Request: POST https://jeniya.cn/v1/chat/completions "HTTP/1.1 200 OK"
[2026-06-12 18:20:40,542] INFO - Retrying request to /chat/completions in 0.379692 seconds
[2026-06-12 18:20:41,597] INFO - HTTP Request: POST https://jeniya.cn/v1/chat/completions "HTTP/1.1 200 OK"
[2026-06-12 18:20:42,444] INFO - HTTP Request: POST https://jeniya.cn/v1/chat/completions "HTTP/1.1 200 OK"
[2026-06-12 18:20:42,446] INFO - HTTP Request: POST https://jeniya.cn/v1/chat/completions "HTTP/1.1 200 OK"
[2026-06-12 18:20:42,517] INFO - HTTP Request: POST https://jeniya.cn/v1/chat/completions "HTTP/1.1 200 OK"
[2026-06-12 18:20:43,902] INFO - HTTP Request: POST https://jeniya.cn/v1/chat/completions "HTTP/1.1 200 OK"
[2026-06-12 18:20:44,197] INFO - HTTP Request: POST https://jeniya.cn/v1/chat/completions "HTTP/1.1 200 OK"
[2026-06-12 18:20:46,111] INFO - HTTP Request: POST https://jeniya.cn/v1/chat/completions "HTTP/1.1 200 OK"
[2026-06-12 18:20:46,490] INFO - HTTP Request: POST https://jeniya.cn/v1/chat/completions "HTTP/1.1 200 OK"
[2026-06-12 18:20:46,804] INFO - HTTP Request: POST https://jeniya.cn/v1/chat/completions "HTTP/1.1 200 OK"
[2026-06-12 18:20:46,818] INFO - HTTP Request: POST https://jeniya.cn/v1/chat/completions "HTTP/1.1 200 OK"
[2026-06-12 18:20:47,789] INFO - HTTP Request: POST https://jeniya.cn/v1/chat/completions "HTTP/1.1 200 OK"
[2026-06-12 18:20:47,795] INFO - HTTP Request: POST https://jeniya.cn/v1/chat/completions "HTTP/1.1 200 OK"
[2026-06-12 18:20:48,320] INFO - HTTP Request: POST https://jeniya.cn/v1/chat/completions "HTTP/1.1 200 OK"
[2026-06-12 18:20:49,411] INFO - HTTP Request: POST https://jeniya.cn/v1/chat/completions "HTTP/1.1 200 OK"
[2026-06-12 18:20:50,635] INFO - HTTP Request: POST https://jeniya.cn/v1/chat/completions "HTTP/1.1 200 OK"
[2026-06-12 18:20:50,938] INFO - HTTP Request: POST https://jeniya.cn/v1/chat/completions "HTTP/1.1 200 OK"
[2026-06-12 18:20:51,226] INFO - HTTP Request: POST https://jeniya.cn/v1/chat/completions "HTTP/1.1 200 OK"
[2026-06-12 18:20:52,771] INFO - HTTP Request: POST https://jeniya.cn/v1/chat/completions "HTTP/1.1 200 OK"
[2026-06-12 18:20:52,817] INFO - HTTP Request: POST https://jeniya.cn/v1/chat/completions "HTTP/1.1 200 OK"
[2026-06-12 18:20:52,905] INFO - HTTP Request: POST https://jeniya.cn/v1/chat/completions "HTTP/1.1 200 OK"
[2026-06-12 18:20:53,091] INFO - HTTP Request: POST https://jeniya.cn/v1/chat/completions "HTTP/1.1 200 OK"
[2026-06-12 18:20:54,054] INFO - HTTP Request: POST https://jeniya.cn/v1/chat/completions "HTTP/1.1 200 OK"
[2026-06-12 18:20:55,882] INFO - HTTP Request: POST https://jeniya.cn/v1/chat/completions "HTTP/1.1 200 OK"
[2026-06-12 18:20:56,099] INFO - HTTP Request: POST https://jeniya.cn/v1/chat/completions "HTTP/1.1 200 OK"
[2026-06-12 18:20:56,794] INFO - HTTP Request: POST https://jeniya.cn/v1/chat/completions "HTTP/1.1 200 OK"
[2026-06-12 18:20:57,245] INFO - HTTP Request: POST https://jeniya.cn/v1/chat/completions "HTTP/1.1 200 OK"
[2026-06-12 18:20:58,177] INFO - HTTP Request: POST https://jeniya.cn/v1/chat/completions "HTTP/1.1 200 OK"
[2026-06-12 18:20:58,438] INFO - HTTP Request: POST https://jeniya.cn/v1/chat/completions "HTTP/1.1 200 OK"
[2026-06-12 18:24:33,224] INFO - 加载 Demucs 模型 htdemucs …
[2026-06-12 18:25:07,016] INFO - Config loaded from D:\code\Subtitle-Translation-Tools\config.json
[2026-06-12 18:25:09,948] INFO - 配置已保存到 D:\code\Subtitle-Translation-Tools\config.json
[2026-06-12 18:27:44,128] INFO - 启动网页服务: http://127.0.0.1:8000
[2026-06-12 18:28:01,803] INFO - Config loaded from D:\code\Subtitle-Translation-Tools\config.json
[2026-06-12 18:28:11,411] INFO - HTTP Request: POST https://jeniya.cn/v1/chat/completions "HTTP/1.1 200 OK"
[2026-06-12 18:28:11,415] INFO - 剧情背景分析完成（453 字）:
**剧情背景提示：**

故事设定在日本传统家庭老宅，爷爷去世后因其讨厌扔东西的习惯，家里堆满杂物。家中仅剩一位年轻男性（主人公），他是儿子、孙子、哥哥。

主要人物：已故爷爷（通过“时间停止的手表”与遗愿影响剧情）、奶奶、妈妈、姐姐（聪）、妹妹（萨托里/さとみ）。称呼固定为“爷爷”“奶奶”“妈妈”“姐姐”“哥哥”，妹妹多以“萨托里”或“姐姐”相称。

剧情核心为：主人公发现爷爷留下的能暂停时间的魔法手表（说“Stop”暂停，说“解除”恢复），利用时间静止对家庭女性进行从内衣玩弄、亲吻、口交到性交等一系列隐秘性行为，最终按照爷爷“让家族女性怀孕、让爷爷转世”的遗愿，试图让她们受孕。女性们在时间停止中毫无察觉，醒来后只感到身体异样。

对白整体风格混杂日常家庭对话与主人公兴奋、色情、满足的自言自语，语气亲昵、挑逗、淫秽，充满“啊～～”的喘息与得意。润色时需全程统一“妈妈”“姐姐”“奶奶”“哥哥”等家庭亲密称呼，以及“Stop”“解除”“时间停止的手表”等专有名词，保持隐秘色情与日常温馨的反差感。
[2026-06-12 18:28:13,161] INFO - HTTP Request: POST https://jeniya.cn/v1/chat/completions "HTTP/1.1 200 OK"
[2026-06-12 18:28:13,765] INFO - HTTP Request: POST https://jeniya.cn/v1/chat/completions "HTTP/1.1 200 OK"
[2026-06-12 18:28:13,814] INFO - HTTP Request: POST https://jeniya.cn/v1/chat/completions "HTTP/1.1 200 OK"
[2026-06-12 18:28:14,370] INFO - HTTP Request: POST https://jeniya.cn/v1/chat/completions "HTTP/1.1 200 OK"
[2026-06-12 18:28:14,930] INFO - HTTP Request: POST https://jeniya.cn/v1/chat/completions "HTTP/1.1 200 OK"
[2026-06-12 18:28:15,352] INFO - HTTP Request: POST https://jeniya.cn/v1/chat/completions "HTTP/1.1 200 OK"
[2026-06-12 18:28:16,136] INFO - HTTP Request: POST https://jeniya.cn/v1/chat/completions "HTTP/1.1 200 OK"
[2026-06-12 18:28:16,968] INFO - HTTP Request: POST https://jeniya.cn/v1/chat/completions "HTTP/1.1 200 OK"
[2026-06-12 18:28:17,182] INFO - HTTP Request: POST https://jeniya.cn/v1/chat/completions "HTTP/1.1 200 OK"
[2026-06-12 18:28:18,814] INFO - HTTP Request: POST https://jeniya.cn/v1/chat/completions "HTTP/1.1 200 OK"
[2026-06-12 18:28:20,271] INFO - HTTP Request: POST https://jeniya.cn/v1/chat/completions "HTTP/1.1 200 OK"
[2026-06-12 18:28:20,610] INFO - HTTP Request: POST https://jeniya.cn/v1/chat/completions "HTTP/1.1 200 OK"
[2026-06-12 18:28:21,987] INFO - HTTP Request: POST https://jeniya.cn/v1/chat/completions "HTTP/1.1 200 OK"
[2026-06-12 18:28:22,272] INFO - HTTP Request: POST https://jeniya.cn/v1/chat/completions "HTTP/1.1 200 OK"
[2026-06-12 18:28:22,398] INFO - HTTP Request: POST https://jeniya.cn/v1/chat/completions "HTTP/1.1 200 OK"
[2026-06-12 18:28:24,192] INFO - HTTP Request: POST https://jeniya.cn/v1/chat/completions "HTTP/1.1 200 OK"
[2026-06-12 18:28:24,574] INFO - HTTP Request: POST https://jeniya.cn/v1/chat/completions "HTTP/1.1 200 OK"
[2026-06-12 18:28:25,927] INFO - HTTP Request: POST https://jeniya.cn/v1/chat/completions "HTTP/1.1 200 OK"
[2026-06-12 18:28:26,710] INFO - HTTP Request: POST https://jeniya.cn/v1/chat/completions "HTTP/1.1 200 OK"
[2026-06-12 18:28:27,797] INFO - HTTP Request: POST https://jeniya.cn/v1/chat/completions "HTTP/1.1 200 OK"
[2026-06-12 18:28:28,788] INFO - HTTP Request: POST https://jeniya.cn/v1/chat/completions "HTTP/1.1 200 OK"
[2026-06-12 18:28:28,939] INFO - HTTP Request: POST https://jeniya.cn/v1/chat/completions "HTTP/1.1 200 OK"
[2026-06-12 18:28:29,501] INFO - HTTP Request: POST https://jeniya.cn/v1/chat/completions "HTTP/1.1 200 OK"
[2026-06-12 18:28:29,979] INFO - HTTP Request: POST https://jeniya.cn/v1/chat/completions "HTTP/1.1 200 OK"
[2026-06-12 18:28:30,791] INFO - HTTP Request: POST https://jeniya.cn/v1/chat/completions "HTTP/1.1 200 OK"
[2026-06-12 18:28:31,247] INFO - HTTP Request: POST https://jeniya.cn/v1/chat/completions "HTTP/1.1 200 OK"
[2026-06-12 18:28:31,377] INFO - HTTP Request: POST https://jeniya.cn/v1/chat/completions "HTTP/1.1 200 OK"
[2026-06-12 18:28:32,343] INFO - HTTP Request: POST https://jeniya.cn/v1/chat/completions "HTTP/1.1 200 OK"
[2026-06-12 18:28:32,456] INFO - HTTP Request: POST https://jeniya.cn/v1/chat/completions "HTTP/1.1 200 OK"
[2026-06-12 18:28:33,421] INFO - HTTP Request: POST https://jeniya.cn/v1/chat/completions "HTTP/1.1 200 OK"
[2026-06-12 18:28:34,165] INFO - HTTP Request: POST https://jeniya.cn/v1/chat/completions "HTTP/1.1 200 OK"
[2026-06-12 18:28:34,883] INFO - HTTP Request: POST https://jeniya.cn/v1/chat/completions "HTTP/1.1 200 OK"
[2026-06-12 18:28:35,103] INFO - HTTP Request: POST https://jeniya.cn/v1/chat/completions "HTTP/1.1 200 OK"
[2026-06-12 18:28:35,941] INFO - HTTP Request: POST https://jeniya.cn/v1/chat/completions "HTTP/1.1 200 OK"
[2026-06-12 18:28:37,037] INFO - HTTP Request: POST https://jeniya.cn/v1/chat/completions "HTTP/1.1 200 OK"
[2026-06-12 18:28:37,773] INFO - HTTP Request: POST https://jeniya.cn/v1/chat/completions "HTTP/1.1 200 OK"
[2026-06-12 18:28:38,977] INFO - HTTP Request: POST https://jeniya.cn/v1/chat/completions "HTTP/1.1 200 OK"
[2026-06-12 18:28:38,978] INFO - HTTP Request: POST https://jeniya.cn/v1/chat/completions "HTTP/1.1 200 OK"
[2026-06-12 18:28:39,002] INFO - HTTP Request: POST https://jeniya.cn/v1/chat/completions "HTTP/1.1 200 OK"
[2026-06-12 18:28:39,118] INFO - HTTP Request: POST https://jeniya.cn/v1/chat/completions "HTTP/1.1 200 OK"
[2026-06-12 18:28:39,456] INFO - HTTP Request: POST https://jeniya.cn/v1/chat/completions "HTTP/1.1 200 OK"
[2026-06-12 18:28:40,637] INFO - HTTP Request: POST https://jeniya.cn/v1/chat/completions "HTTP/1.1 200 OK"
[2026-06-12 18:28:40,706] INFO - HTTP Request: POST https://jeniya.cn/v1/chat/completions "HTTP/1.1 200 OK"
[2026-06-12 18:28:40,823] INFO - HTTP Request: POST https://jeniya.cn/v1/chat/completions "HTTP/1.1 200 OK"
[2026-06-12 18:28:41,991] INFO - HTTP Request: POST https://jeniya.cn/v1/chat/completions "HTTP/1.1 200 OK"
[2026-06-12 18:28:42,776] INFO - HTTP Request: POST https://jeniya.cn/v1/chat/completions "HTTP/1.1 200 OK"
[2026-06-12 18:28:43,328] INFO - HTTP Request: POST https://jeniya.cn/v1/chat/completions "HTTP/1.1 200 OK"
[2026-06-12 18:28:44,659] INFO - HTTP Request: POST https://jeniya.cn/v1/chat/completions "HTTP/1.1 200 OK"
[2026-06-12 18:28:45,208] INFO - HTTP Request: POST https://jeniya.cn/v1/chat/completions "HTTP/1.1 200 OK"
[2026-06-12 18:28:45,565] INFO - HTTP Request: POST https://jeniya.cn/v1/chat/completions "HTTP/1.1 200 OK"
[2026-06-12 18:28:46,500] INFO - HTTP Request: POST https://jeniya.cn/v1/chat/completions "HTTP/1.1 200 OK"
[2026-06-12 18:28:46,802] INFO - HTTP Request: POST https://jeniya.cn/v1/chat/completions "HTTP/1.1 200 OK"
[2026-06-12 18:28:47,239] INFO - HTTP Request: POST https://jeniya.cn/v1/chat/completions "HTTP/1.1 200 OK"
[2026-06-12 18:28:48,245] INFO - HTTP Request: POST https://jeniya.cn/v1/chat/completions "HTTP/1.1 200 OK"
[2026-06-12 18:28:49,018] INFO - HTTP Request: POST https://jeniya.cn/v1/chat/completions "HTTP/1.1 200 OK"
[2026-06-12 18:28:50,646] INFO - HTTP Request: POST https://jeniya.cn/v1/chat/completions "HTTP/1.1 200 OK"
[2026-06-12 18:28:50,807] INFO - HTTP Request: POST https://jeniya.cn/v1/chat/completions "HTTP/1.1 200 OK"
[2026-06-12 18:28:50,972] INFO - HTTP Request: POST https://jeniya.cn/v1/chat/completions "HTTP/1.1 200 OK"
[2026-06-12 18:28:51,993] INFO - HTTP Request: POST https://jeniya.cn/v1/chat/completions "HTTP/1.1 200 OK"
[2026-06-12 18:28:54,376] INFO - HTTP Request: POST https://jeniya.cn/v1/chat/completions "HTTP/1.1 200 OK"
[2026-06-12 18:28:55,246] INFO - HTTP Request: POST https://jeniya.cn/v1/chat/completions "HTTP/1.1 200 OK"
[2026-06-12 18:28:56,697] INFO - HTTP Request: POST https://jeniya.cn/v1/chat/completions "HTTP/1.1 200 OK"
[2026-06-12 18:28:57,354] INFO - HTTP Request: POST https://jeniya.cn/v1/chat/completions "HTTP/1.1 200 OK"
[2026-06-12 18:28:58,263] INFO - HTTP Request: POST https://jeniya.cn/v1/chat/completions "HTTP/1.1 200 OK"
[2026-06-12 18:28:58,516] INFO - HTTP Request: POST https://jeniya.cn/v1/chat/completions "HTTP/1.1 200 OK"
[2026-06-12 18:28:58,782] INFO - HTTP Request: POST https://jeniya.cn/v1/chat/completions "HTTP/1.1 200 OK"
[2026-06-12 18:29:00,338] INFO - HTTP Request: POST https://jeniya.cn/v1/chat/completions "HTTP/1.1 200 OK"
[2026-06-12 18:29:00,680] INFO - HTTP Request: POST https://jeniya.cn/v1/chat/completions "HTTP/1.1 200 OK"
[2026-06-12 18:29:01,674] INFO - HTTP Request: POST https://jeniya.cn/v1/chat/completions "HTTP/1.1 200 OK"
[2026-06-12 18:29:02,525] INFO - HTTP Request: POST https://jeniya.cn/v1/chat/completions "HTTP/1.1 200 OK"
[2026-06-12 18:29:03,074] INFO - HTTP Request: POST https://jeniya.cn/v1/chat/completions "HTTP/1.1 200 OK"
[2026-06-12 18:29:03,328] INFO - HTTP Request: POST https://jeniya.cn/v1/chat/completions "HTTP/1.1 200 OK"
[2026-06-12 18:29:04,304] INFO - HTTP Request: POST https://jeniya.cn/v1/chat/completions "HTTP/1.1 200 OK"
[2026-06-12 18:29:05,730] INFO - HTTP Request: POST https://jeniya.cn/v1/chat/completions "HTTP/1.1 200 OK"
[2026-06-12 18:29:06,530] INFO - HTTP Request: POST https://jeniya.cn/v1/chat/completions "HTTP/1.1 200 OK"
[2026-06-12 18:29:07,855] INFO - HTTP Request: POST https://jeniya.cn/v1/chat/completions "HTTP/1.1 200 OK"
[2026-06-12 18:29:08,496] INFO - HTTP Request: POST https://jeniya.cn/v1/chat/completions "HTTP/1.1 200 OK"
[2026-06-12 18:29:08,498] INFO - HTTP Request: POST https://jeniya.cn/v1/chat/completions "HTTP/1.1 200 OK"
[2026-06-12 18:29:08,767] INFO - HTTP Request: POST https://jeniya.cn/v1/chat/completions "HTTP/1.1 200 OK"
[2026-06-12 18:29:09,599] INFO - HTTP Request: POST https://jeniya.cn/v1/chat/completions "HTTP/1.1 200 OK"
[2026-06-12 18:29:10,342] INFO - HTTP Request: POST https://jeniya.cn/v1/chat/completions "HTTP/1.1 200 OK"
[2026-06-12 18:29:10,461] INFO - HTTP Request: POST https://jeniya.cn/v1/chat/completions "HTTP/1.1 200 OK"
[2026-06-12 18:29:11,315] INFO - HTTP Request: POST https://jeniya.cn/v1/chat/completions "HTTP/1.1 200 OK"
[2026-06-12 18:29:12,531] INFO - HTTP Request: POST https://jeniya.cn/v1/chat/completions "HTTP/1.1 200 OK"
[2026-06-12 18:29:13,227] INFO - HTTP Request: POST https://jeniya.cn/v1/chat/completions "HTTP/1.1 200 OK"
[2026-06-12 18:29:14,404] INFO - HTTP Request: POST https://jeniya.cn/v1/chat/completions "HTTP/1.1 200 OK"
[2026-06-12 18:29:14,454] INFO - HTTP Request: POST https://jeniya.cn/v1/chat/completions "HTTP/1.1 200 OK"
[2026-06-12 18:29:16,145] INFO - Retrying request to /chat/completions in 0.415555 seconds
[2026-06-12 18:29:17,397] INFO - HTTP Request: POST https://jeniya.cn/v1/chat/completions "HTTP/1.1 200 OK"
[2026-06-12 18:29:17,486] INFO - HTTP Request: POST https://jeniya.cn/v1/chat/completions "HTTP/1.1 200 OK"
[2026-06-12 18:29:17,981] INFO - HTTP Request: POST https://jeniya.cn/v1/chat/completions "HTTP/1.1 200 OK"
[2026-06-12 18:29:19,736] INFO - HTTP Request: POST https://jeniya.cn/v1/chat/completions "HTTP/1.1 200 OK"
[2026-06-12 18:29:20,765] INFO - HTTP Request: POST https://jeniya.cn/v1/chat/completions "HTTP/1.1 200 OK"
[2026-06-12 18:29:20,807] INFO - HTTP Request: POST https://jeniya.cn/v1/chat/completions "HTTP/1.1 200 OK"
[2026-06-12 18:29:21,204] INFO - HTTP Request: POST https://jeniya.cn/v1/chat/completions "HTTP/1.1 200 OK"
[2026-06-12 18:29:21,544] INFO - HTTP Request: POST https://jeniya.cn/v1/chat/completions "HTTP/1.1 200 OK"
[2026-06-12 18:29:23,100] INFO - HTTP Request: POST https://jeniya.cn/v1/chat/completions "HTTP/1.1 200 OK"
[2026-06-12 18:29:23,158] INFO - HTTP Request: POST https://jeniya.cn/v1/chat/completions "HTTP/1.1 200 OK"
[2026-06-12 18:29:23,290] INFO - HTTP Request: POST https://jeniya.cn/v1/chat/completions "HTTP/1.1 200 OK"
[2026-06-12 18:29:23,606] INFO - HTTP Request: POST https://jeniya.cn/v1/chat/completions "HTTP/1.1 200 OK"
[2026-06-12 18:29:25,201] INFO - HTTP Request: POST https://jeniya.cn/v1/chat/completions "HTTP/1.1 200 OK"
[2026-06-12 18:29:25,317] INFO - HTTP Request: POST https://jeniya.cn/v1/chat/completions "HTTP/1.1 200 OK"
[2026-06-12 18:29:27,338] INFO - HTTP Request: POST https://jeniya.cn/v1/chat/completions "HTTP/1.1 200 OK"
[2026-06-12 18:29:29,077] INFO - HTTP Request: POST https://jeniya.cn/v1/chat/completions "HTTP/1.1 200 OK"
[2026-06-12 18:29:29,446] INFO - HTTP Request: POST https://jeniya.cn/v1/chat/completions "HTTP/1.1 200 OK"
[2026-06-12 18:29:30,139] INFO - HTTP Request: POST https://jeniya.cn/v1/chat/completions "HTTP/1.1 200 OK"
[2026-06-12 18:29:30,781] INFO - HTTP Request: POST https://jeniya.cn/v1/chat/completions "HTTP/1.1 200 OK"
[2026-06-12 18:29:32,192] INFO - HTTP Request: POST https://jeniya.cn/v1/chat/completions "HTTP/1.1 200 OK"
[2026-06-12 18:29:35,820] INFO - HTTP Request: POST https://jeniya.cn/v1/chat/completions "HTTP/1.1 200 OK"
[2026-06-12 18:29:35,953] INFO - Retrying request to /chat/completions in 0.485918 seconds
[2026-06-12 18:29:36,469] INFO - HTTP Request: POST https://jeniya.cn/v1/chat/completions "HTTP/1.1 200 OK"
[2026-06-12 18:29:37,102] INFO - HTTP Request: POST https://jeniya.cn/v1/chat/completions "HTTP/1.1 200 OK"
[2026-06-12 18:29:37,371] INFO - HTTP Request: POST https://jeniya.cn/v1/chat/completions "HTTP/1.1 200 OK"
[2026-06-12 18:29:38,044] INFO - HTTP Request: POST https://jeniya.cn/v1/chat/completions "HTTP/1.1 200 OK"
[2026-06-12 18:29:38,510] INFO - HTTP Request: POST https://jeniya.cn/v1/chat/completions "HTTP/1.1 200 OK"
[2026-06-12 18:29:38,812] INFO - HTTP Request: POST https://jeniya.cn/v1/chat/completions "HTTP/1.1 200 OK"
[2026-06-12 18:29:42,471] INFO - HTTP Request: POST https://jeniya.cn/v1/chat/completions "HTTP/1.1 200 OK"
[2026-06-12 18:29:42,616] INFO - HTTP Request: POST https://jeniya.cn/v1/chat/completions "HTTP/1.1 200 OK"
[2026-06-12 18:29:42,711] INFO - HTTP Request: POST https://jeniya.cn/v1/chat/completions "HTTP/1.1 200 OK"
[2026-06-12 18:29:43,038] INFO - HTTP Request: POST https://jeniya.cn/v1/chat/completions "HTTP/1.1 200 OK"
[2026-06-12 18:29:43,358] INFO - HTTP Request: POST https://jeniya.cn/v1/chat/completions "HTTP/1.1 200 OK"
[2026-06-12 18:29:44,190] INFO - HTTP Request: POST https://jeniya.cn/v1/chat/completions "HTTP/1.1 200 OK"
[2026-06-12 18:29:45,180] INFO - HTTP Request: POST https://jeniya.cn/v1/chat/completions "HTTP/1.1 200 OK"
[2026-06-12 18:29:46,624] INFO - HTTP Request: POST https://jeniya.cn/v1/chat/completions "HTTP/1.1 200 OK"
[2026-06-12 18:29:48,938] INFO - HTTP Request: POST https://jeniya.cn/v1/chat/completions "HTTP/1.1 200 OK"
[2026-06-12 18:29:50,024] INFO - HTTP Request: POST https://jeniya.cn/v1/chat/completions "HTTP/1.1 200 OK"
[2026-06-12 18:29:52,623] INFO - HTTP Request: POST https://jeniya.cn/v1/chat/completions "HTTP/1.1 200 OK"
[2026-06-12 18:29:53,964] INFO - HTTP Request: POST https://jeniya.cn/v1/chat/completions "HTTP/1.1 200 OK"
[2026-06-12 18:29:53,975] INFO - HTTP Request: POST https://jeniya.cn/v1/chat/completions "HTTP/1.1 200 OK"
[2026-06-12 18:29:54,324] INFO - HTTP Request: POST https://jeniya.cn/v1/chat/completions "HTTP/1.1 200 OK"
[2026-06-12 18:29:54,730] INFO - HTTP Request: POST https://jeniya.cn/v1/chat/completions "HTTP/1.1 200 OK"
[2026-06-12 18:29:56,028] INFO - HTTP Request: POST https://jeniya.cn/v1/chat/completions "HTTP/1.1 200 OK"
[2026-06-12 18:29:56,103] INFO - HTTP Request: POST https://jeniya.cn/v1/chat/completions "HTTP/1.1 200 OK"
[2026-06-12 18:29:57,364] INFO - Retrying request to /chat/completions in 0.442795 seconds
[2026-06-12 18:29:57,879] INFO - HTTP Request: POST https://jeniya.cn/v1/chat/completions "HTTP/1.1 200 OK"
[2026-06-12 18:29:58,259] INFO - HTTP Request: POST https://jeniya.cn/v1/chat/completions "HTTP/1.1 200 OK"
[2026-06-12 18:29:58,994] INFO - HTTP Request: POST https://jeniya.cn/v1/chat/completions "HTTP/1.1 200 OK"
[2026-06-12 18:30:00,096] INFO - HTTP Request: POST https://jeniya.cn/v1/chat/completions "HTTP/1.1 200 OK"
[2026-06-12 18:30:00,213] INFO - HTTP Request: POST https://jeniya.cn/v1/chat/completions "HTTP/1.1 200 OK"
[2026-06-12 18:30:00,807] INFO - HTTP Request: POST https://jeniya.cn/v1/chat/completions "HTTP/1.1 200 OK"
[2026-06-12 18:30:01,891] INFO - HTTP Request: POST https://jeniya.cn/v1/chat/completions "HTTP/1.1 200 OK"
[2026-06-12 18:30:02,059] INFO - HTTP Request: POST https://jeniya.cn/v1/chat/completions "HTTP/1.1 200 OK"
[2026-06-12 18:30:02,521] INFO - HTTP Request: POST https://jeniya.cn/v1/chat/completions "HTTP/1.1 200 OK"
[2026-06-12 18:30:03,875] INFO - HTTP Request: POST https://jeniya.cn/v1/chat/completions "HTTP/1.1 200 OK"
[2026-06-12 18:30:04,113] INFO - HTTP Request: POST https://jeniya.cn/v1/chat/completions "HTTP/1.1 200 OK"
[2026-06-12 18:30:05,688] INFO - HTTP Request: POST https://jeniya.cn/v1/chat/completions "HTTP/1.1 200 OK"
[2026-06-12 18:30:05,872] INFO - HTTP Request: POST https://jeniya.cn/v1/chat/completions "HTTP/1.1 200 OK"
[2026-06-12 18:30:07,141] INFO - HTTP Request: POST https://jeniya.cn/v1/chat/completions "HTTP/1.1 200 OK"
[2026-06-12 18:30:07,667] INFO - HTTP Request: POST https://jeniya.cn/v1/chat/completions "HTTP/1.1 200 OK"
[2026-06-12 18:30:09,079] INFO - HTTP Request: POST https://jeniya.cn/v1/chat/completions "HTTP/1.1 200 OK"
[2026-06-12 18:30:09,113] INFO - HTTP Request: POST https://jeniya.cn/v1/chat/completions "HTTP/1.1 200 OK"
[2026-06-12 18:30:09,143] INFO - HTTP Request: POST https://jeniya.cn/v1/chat/completions "HTTP/1.1 200 OK"
[2026-06-12 18:30:09,393] INFO - HTTP Request: POST https://jeniya.cn/v1/chat/completions "HTTP/1.1 200 OK"
[2026-06-12 18:30:11,061] INFO - HTTP Request: POST https://jeniya.cn/v1/chat/completions "HTTP/1.1 200 OK"
[2026-06-12 18:30:11,567] INFO - HTTP Request: POST https://jeniya.cn/v1/chat/completions "HTTP/1.1 200 OK"
[2026-06-12 18:30:13,103] INFO - HTTP Request: POST https://jeniya.cn/v1/chat/completions "HTTP/1.1 200 OK"
[2026-06-12 18:30:14,846] INFO - HTTP Request: POST https://jeniya.cn/v1/chat/completions "HTTP/1.1 200 OK"
[2026-06-12 18:30:16,326] INFO - HTTP Request: POST https://jeniya.cn/v1/chat/completions "HTTP/1.1 200 OK"
[2026-06-12 18:30:17,483] INFO - Retrying request to /chat/completions in 0.424738 seconds
[2026-06-12 18:30:18,310] INFO - HTTP Request: POST https://jeniya.cn/v1/chat/completions "HTTP/1.1 200 OK"
[2026-06-12 18:30:19,273] INFO - HTTP Request: POST https://jeniya.cn/v1/chat/completions "HTTP/1.1 200 OK"
[2026-06-12 18:30:20,379] INFO - HTTP Request: POST https://jeniya.cn/v1/chat/completions "HTTP/1.1 200 OK"
[2026-06-12 18:30:20,420] INFO - HTTP Request: POST https://jeniya.cn/v1/chat/completions "HTTP/1.1 200 OK"
[2026-06-12 18:30:20,521] INFO - HTTP Request: POST https://jeniya.cn/v1/chat/completions "HTTP/1.1 200 OK"
[2026-06-12 18:30:21,789] INFO - HTTP Request: POST https://jeniya.cn/v1/chat/completions "HTTP/1.1 200 OK"
[2026-06-12 18:30:22,613] INFO - HTTP Request: POST https://jeniya.cn/v1/chat/completions "HTTP/1.1 200 OK"
[2026-06-12 18:30:23,459] INFO - HTTP Request: POST https://jeniya.cn/v1/chat/completions "HTTP/1.1 200 OK"
[2026-06-12 18:30:23,641] INFO - HTTP Request: POST https://jeniya.cn/v1/chat/completions "HTTP/1.1 200 OK"
[2026-06-12 18:30:25,710] INFO - HTTP Request: POST https://jeniya.cn/v1/chat/completions "HTTP/1.1 200 OK"
[2026-06-12 18:30:26,042] INFO - HTTP Request: POST https://jeniya.cn/v1/chat/completions "HTTP/1.1 200 OK"
[2026-06-12 18:30:27,966] INFO - HTTP Request: POST https://jeniya.cn/v1/chat/completions "HTTP/1.1 200 OK"
[2026-06-12 18:30:28,377] INFO - HTTP Request: POST https://jeniya.cn/v1/chat/completions "HTTP/1.1 200 OK"
[2026-06-12 18:30:29,157] INFO - HTTP Request: POST https://jeniya.cn/v1/chat/completions "HTTP/1.1 200 OK"
[2026-06-12 18:30:29,669] INFO - HTTP Request: POST https://jeniya.cn/v1/chat/completions "HTTP/1.1 200 OK"
[2026-06-12 18:30:30,277] INFO - HTTP Request: POST https://jeniya.cn/v1/chat/completions "HTTP/1.1 200 OK"
[2026-06-12 18:30:31,541] INFO - HTTP Request: POST https://jeniya.cn/v1/chat/completions "HTTP/1.1 200 OK"
[2026-06-12 18:30:32,248] INFO - HTTP Request: POST https://jeniya.cn/v1/chat/completions "HTTP/1.1 200 OK"
[2026-06-12 18:30:32,374] INFO - HTTP Request: POST https://jeniya.cn/v1/chat/completions "HTTP/1.1 200 OK"
[2026-06-12 18:30:32,559] INFO - HTTP Request: POST https://jeniya.cn/v1/chat/completions "HTTP/1.1 200 OK"
[2026-06-12 18:30:33,220] INFO - HTTP Request: POST https://jeniya.cn/v1/chat/completions "HTTP/1.1 200 OK"
[2026-06-12 18:30:33,242] INFO - HTTP Request: POST https://jeniya.cn/v1/chat/completions "HTTP/1.1 200 OK"
[2026-06-12 18:30:34,020] INFO - HTTP Request: POST https://jeniya.cn/v1/chat/completions "HTTP/1.1 200 OK"
[2026-06-12 18:30:34,135] INFO - HTTP Request: POST https://jeniya.cn/v1/chat/completions "HTTP/1.1 200 OK"
[2026-06-12 18:30:35,045] INFO - HTTP Request: POST https://jeniya.cn/v1/chat/completions "HTTP/1.1 200 OK"
[2026-06-12 18:30:35,365] INFO - HTTP Request: POST https://jeniya.cn/v1/chat/completions "HTTP/1.1 200 OK"
[2026-06-12 18:30:35,895] INFO - HTTP Request: POST https://jeniya.cn/v1/chat/completions "HTTP/1.1 200 OK"
[2026-06-12 18:30:37,115] INFO - HTTP Request: POST https://jeniya.cn/v1/chat/completions "HTTP/1.1 200 OK"
[2026-06-12 18:30:38,527] INFO - HTTP Request: POST https://jeniya.cn/v1/chat/completions "HTTP/1.1 200 OK"
[2026-06-12 18:30:38,750] INFO - HTTP Request: POST https://jeniya.cn/v1/chat/completions "HTTP/1.1 200 OK"
[2026-06-12 18:30:40,258] INFO - HTTP Request: POST https://jeniya.cn/v1/chat/completions "HTTP/1.1 200 OK"
[2026-06-12 18:30:40,470] INFO - HTTP Request: POST https://jeniya.cn/v1/chat/completions "HTTP/1.1 200 OK"
[2026-06-12 18:30:42,199] INFO - HTTP Request: POST https://jeniya.cn/v1/chat/completions "HTTP/1.1 200 OK"
[2026-06-12 18:30:42,217] INFO - HTTP Request: POST https://jeniya.cn/v1/chat/completions "HTTP/1.1 200 OK"
[2026-06-12 18:30:42,647] INFO - HTTP Request: POST https://jeniya.cn/v1/chat/completions "HTTP/1.1 200 OK"
[2026-06-12 18:30:43,358] INFO - Retrying request to /chat/completions in 0.395622 seconds
[2026-06-12 18:30:46,635] INFO - HTTP Request: POST https://jeniya.cn/v1/chat/completions "HTTP/1.1 200 OK"
[2026-06-12 18:30:48,338] INFO - HTTP Request: POST https://jeniya.cn/v1/chat/completions "HTTP/1.1 200 OK"
[2026-06-12 18:30:52,278] INFO - HTTP Request: POST https://jeniya.cn/v1/chat/completions "HTTP/1.1 200 OK"
[2026-06-12 18:30:52,449] INFO - HTTP Request: POST https://jeniya.cn/v1/chat/completions "HTTP/1.1 200 OK"
[2026-06-12 18:30:54,808] INFO - HTTP Request: POST https://jeniya.cn/v1/chat/completions "HTTP/1.1 200 OK"
[2026-06-12 18:30:55,309] INFO - HTTP Request: POST https://jeniya.cn/v1/chat/completions "HTTP/1.1 200 OK"
[2026-06-12 18:30:56,817] INFO - HTTP Request: POST https://jeniya.cn/v1/chat/completions "HTTP/1.1 200 OK"
[2026-06-12 18:30:56,956] INFO - HTTP Request: POST https://jeniya.cn/v1/chat/completions "HTTP/1.1 200 OK"
[2026-06-12 18:30:57,351] INFO - HTTP Request: POST https://jeniya.cn/v1/chat/completions "HTTP/1.1 200 OK"
[2026-06-12 18:30:57,583] INFO - HTTP Request: POST https://jeniya.cn/v1/chat/completions "HTTP/1.1 200 OK"
[2026-06-12 18:30:57,954] INFO - HTTP Request: POST https://jeniya.cn/v1/chat/completions "HTTP/1.1 200 OK"
[2026-06-12 18:30:59,215] INFO - HTTP Request: POST https://jeniya.cn/v1/chat/completions "HTTP/1.1 200 OK"
[2026-06-12 18:30:59,446] INFO - HTTP Request: POST https://jeniya.cn/v1/chat/completions "HTTP/1.1 200 OK"
[2026-06-12 18:31:01,357] INFO - HTTP Request: POST https://jeniya.cn/v1/chat/completions "HTTP/1.1 200 OK"
[2026-06-12 18:31:02,005] INFO - HTTP Request: POST https://jeniya.cn/v1/chat/completions "HTTP/1.1 200 OK"
[2026-06-12 18:31:02,998] INFO - HTTP Request: POST https://jeniya.cn/v1/chat/completions "HTTP/1.1 200 OK"
[2026-06-12 18:31:06,890] INFO - HTTP Request: POST https://jeniya.cn/v1/chat/completions "HTTP/1.1 200 OK"
[2026-06-12 18:31:07,188] INFO - HTTP Request: POST https://jeniya.cn/v1/chat/completions "HTTP/1.1 200 OK"
[2026-06-12 18:31:08,794] INFO - HTTP Request: POST https://jeniya.cn/v1/chat/completions "HTTP/1.1 200 OK"
[2026-06-12 18:31:09,572] INFO - HTTP Request: POST https://jeniya.cn/v1/chat/completions "HTTP/1.1 200 OK"
[2026-06-12 18:31:09,687] INFO - HTTP Request: POST https://jeniya.cn/v1/chat/completions "HTTP/1.1 200 OK"
[2026-06-12 18:31:11,254] INFO - HTTP Request: POST https://jeniya.cn/v1/chat/completions "HTTP/1.1 200 OK"
[2026-06-12 18:31:11,453] INFO - HTTP Request: POST https://jeniya.cn/v1/chat/completions "HTTP/1.1 200 OK"
[2026-06-12 18:31:16,106] INFO - HTTP Request: POST https://jeniya.cn/v1/chat/completions "HTTP/1.1 200 OK"
[2026-06-12 18:31:17,257] INFO - HTTP Request: POST https://jeniya.cn/v1/chat/completions "HTTP/1.1 200 OK"
[2026-06-12 18:31:18,926] INFO - HTTP Request: POST https://jeniya.cn/v1/chat/completions "HTTP/1.1 200 OK"
[2026-06-12 18:31:20,383] INFO - Retrying request to /chat/completions in 0.396549 seconds
[2026-06-12 18:31:21,491] INFO - HTTP Request: POST https://jeniya.cn/v1/chat/completions "HTTP/1.1 200 OK"
[2026-06-12 18:31:21,770] INFO - HTTP Request: POST https://jeniya.cn/v1/chat/completions "HTTP/1.1 200 OK"
[2026-06-12 18:31:23,337] INFO - HTTP Request: POST https://jeniya.cn/v1/chat/completions "HTTP/1.1 200 OK"
[2026-06-12 18:31:23,387] INFO - HTTP Request: POST https://jeniya.cn/v1/chat/completions "HTTP/1.1 200 OK"
[2026-06-12 18:31:23,779] INFO - HTTP Request: POST https://jeniya.cn/v1/chat/completions "HTTP/1.1 200 OK"
[2026-06-12 18:31:24,881] INFO - HTTP Request: POST https://jeniya.cn/v1/chat/completions "HTTP/1.1 200 OK"
[2026-06-12 18:31:26,326] INFO - HTTP Request: POST https://jeniya.cn/v1/chat/completions "HTTP/1.1 200 OK"
[2026-06-12 18:31:26,645] INFO - HTTP Request: POST https://jeniya.cn/v1/chat/completions "HTTP/1.1 200 OK"
[2026-06-12 18:31:27,567] INFO - HTTP Request: POST https://jeniya.cn/v1/chat/completions "HTTP/1.1 200 OK"
[2026-06-12 18:31:31,029] INFO - HTTP Request: POST https://jeniya.cn/v1/chat/completions "HTTP/1.1 200 OK"
[2026-06-12 18:31:33,446] INFO - HTTP Request: POST https://jeniya.cn/v1/chat/completions "HTTP/1.1 200 OK"
[2026-06-12 18:31:34,432] INFO - HTTP Request: POST https://jeniya.cn/v1/chat/completions "HTTP/1.1 200 OK"
[2026-06-12 18:31:34,944] INFO - HTTP Request: POST https://jeniya.cn/v1/chat/completions "HTTP/1.1 200 OK"
[2026-06-12 18:31:35,815] INFO - HTTP Request: POST https://jeniya.cn/v1/chat/completions "HTTP/1.1 200 OK"
[2026-06-12 18:31:37,051] INFO - HTTP Request: POST https://jeniya.cn/v1/chat/completions "HTTP/1.1 200 OK"
[2026-06-12 18:31:37,205] INFO - HTTP Request: POST https://jeniya.cn/v1/chat/completions "HTTP/1.1 200 OK"
[2026-06-12 18:31:39,959] INFO - HTTP Request: POST https://jeniya.cn/v1/chat/completions "HTTP/1.1 200 OK"
[2026-06-12 18:31:40,314] INFO - HTTP Request: POST https://jeniya.cn/v1/chat/completions "HTTP/1.1 200 OK"
[2026-06-12 18:31:42,338] INFO - HTTP Request: POST https://jeniya.cn/v1/chat/completions "HTTP/1.1 200 OK"
[2026-06-12 18:31:43,091] INFO - HTTP Request: POST https://jeniya.cn/v1/chat/completions "HTTP/1.1 200 OK"
[2026-06-12 18:31:44,171] INFO - HTTP Request: POST https://jeniya.cn/v1/chat/completions "HTTP/1.1 200 OK"
[2026-06-12 18:31:44,833] INFO - HTTP Request: POST https://jeniya.cn/v1/chat/completions "HTTP/1.1 200 OK"
[2026-06-12 18:31:46,375] INFO - HTTP Request: POST https://jeniya.cn/v1/chat/completions "HTTP/1.1 200 OK"
[2026-06-12 18:31:46,889] INFO - HTTP Request: POST https://jeniya.cn/v1/chat/completions "HTTP/1.1 200 OK"
[2026-06-12 18:31:49,354] INFO - HTTP Request: POST https://jeniya.cn/v1/chat/completions "HTTP/1.1 200 OK"
[2026-06-12 18:31:50,319] INFO - HTTP Request: POST https://jeniya.cn/v1/chat/completions "HTTP/1.1 200 OK"
[2026-06-12 18:31:50,469] INFO - HTTP Request: POST https://jeniya.cn/v1/chat/completions "HTTP/1.1 200 OK"
[2026-06-12 18:31:50,605] INFO - HTTP Request: POST https://jeniya.cn/v1/chat/completions "HTTP/1.1 200 OK"
[2026-06-12 18:31:52,492] INFO - HTTP Request: POST https://jeniya.cn/v1/chat/completions "HTTP/1.1 200 OK"
[2026-06-12 18:31:52,602] INFO - HTTP Request: POST https://jeniya.cn/v1/chat/completions "HTTP/1.1 200 OK"
[2026-06-12 18:31:53,929] INFO - HTTP Request: POST https://jeniya.cn/v1/chat/completions "HTTP/1.1 200 OK"
[2026-06-12 18:31:55,661] INFO - HTTP Request: POST https://jeniya.cn/v1/chat/completions "HTTP/1.1 200 OK"
[2026-06-12 18:31:56,545] INFO - HTTP Request: POST https://jeniya.cn/v1/chat/completions "HTTP/1.1 200 OK"
[2026-06-12 18:31:56,613] INFO - HTTP Request: POST https://jeniya.cn/v1/chat/completions "HTTP/1.1 200 OK"
[2026-06-12 18:31:59,186] INFO - HTTP Request: POST https://jeniya.cn/v1/chat/completions "HTTP/1.1 200 OK"
[2026-06-12 18:32:00,968] INFO - HTTP Request: POST https://jeniya.cn/v1/chat/completions "HTTP/1.1 200 OK"
[2026-06-12 18:32:02,099] INFO - HTTP Request: POST https://jeniya.cn/v1/chat/completions "HTTP/1.1 200 OK"
[2026-06-12 18:32:02,710] INFO - HTTP Request: POST https://jeniya.cn/v1/chat/completions "HTTP/1.1 200 OK"
[2026-06-12 18:32:03,127] INFO - HTTP Request: POST https://jeniya.cn/v1/chat/completions "HTTP/1.1 200 OK"
[2026-06-12 18:32:04,826] INFO - HTTP Request: POST https://jeniya.cn/v1/chat/completions "HTTP/1.1 200 OK"
[2026-06-12 18:32:06,945] INFO - HTTP Request: POST https://jeniya.cn/v1/chat/completions "HTTP/1.1 200 OK"
[2026-06-12 18:32:08,738] INFO - HTTP Request: POST https://jeniya.cn/v1/chat/completions "HTTP/1.1 200 OK"
[2026-06-12 18:32:10,656] INFO - HTTP Request: POST https://jeniya.cn/v1/chat/completions "HTTP/1.1 200 OK"
[2026-06-12 18:32:10,656] INFO - HTTP Request: POST https://jeniya.cn/v1/chat/completions "HTTP/1.1 200 OK"
[2026-06-12 18:32:11,623] INFO - HTTP Request: POST https://jeniya.cn/v1/chat/completions "HTTP/1.1 200 OK"
[2026-06-12 18:32:12,530] INFO - HTTP Request: POST https://jeniya.cn/v1/chat/completions "HTTP/1.1 200 OK"
[2026-06-12 18:32:14,406] INFO - HTTP Request: POST https://jeniya.cn/v1/chat/completions "HTTP/1.1 200 OK"
[2026-06-12 18:32:15,213] INFO - HTTP Request: POST https://jeniya.cn/v1/chat/completions "HTTP/1.1 200 OK"
[2026-06-12 18:32:18,111] INFO - HTTP Request: POST https://jeniya.cn/v1/chat/completions "HTTP/1.1 200 OK"
[2026-06-12 18:32:18,476] INFO - HTTP Request: POST https://jeniya.cn/v1/chat/completions "HTTP/1.1 200 OK"
[2026-06-12 18:32:20,301] INFO - HTTP Request: POST https://jeniya.cn/v1/chat/completions "HTTP/1.1 200 OK"
[2026-06-12 18:32:23,390] INFO - Retrying request to /chat/completions in 0.456846 seconds
[2026-06-12 18:32:24,822] INFO - HTTP Request: POST https://jeniya.cn/v1/chat/completions "HTTP/1.1 200 OK"
[2026-06-12 18:32:25,963] INFO - HTTP Request: POST https://jeniya.cn/v1/chat/completions "HTTP/1.1 200 OK"
[2026-06-12 18:32:27,725] INFO - HTTP Request: POST https://jeniya.cn/v1/chat/completions "HTTP/1.1 200 OK"
[2026-06-12 18:32:28,723] INFO - HTTP Request: POST https://jeniya.cn/v1/chat/completions "HTTP/1.1 200 OK"
[2026-06-12 18:32:28,733] INFO - HTTP Request: POST https://jeniya.cn/v1/chat/completions "HTTP/1.1 200 OK"
[2026-06-12 18:32:29,200] INFO - HTTP Request: POST https://jeniya.cn/v1/chat/completions "HTTP/1.1 200 OK"
[2026-06-12 18:32:29,389] INFO - HTTP Request: POST https://jeniya.cn/v1/chat/completions "HTTP/1.1 200 OK"
[2026-06-12 18:32:38,230] INFO - HTTP Request: POST https://jeniya.cn/v1/chat/completions "HTTP/1.1 200 OK"
[2026-06-12 18:32:38,780] INFO - HTTP Request: POST https://jeniya.cn/v1/chat/completions "HTTP/1.1 200 OK"
[2026-06-12 18:32:40,322] INFO - Retrying request to /chat/completions in 0.380032 seconds
[2026-06-12 18:32:40,793] INFO - HTTP Request: POST https://jeniya.cn/v1/chat/completions "HTTP/1.1 200 OK"
[2026-06-12 18:32:41,153] INFO - HTTP Request: POST https://jeniya.cn/v1/chat/completions "HTTP/1.1 200 OK"
[2026-06-12 18:32:49,355] INFO - Retrying request to /chat/completions in 0.423766 seconds
[2026-06-12 18:32:50,284] INFO - HTTP Request: POST https://jeniya.cn/v1/chat/completions "HTTP/1.1 200 OK"
[2026-06-12 18:32:52,066] INFO - HTTP Request: POST https://jeniya.cn/v1/chat/completions "HTTP/1.1 200 OK"
[2026-06-12 18:32:54,221] INFO - HTTP Request: POST https://jeniya.cn/v1/chat/completions "HTTP/1.1 200 OK"
[2026-06-12 18:32:57,880] INFO - HTTP Request: POST https://jeniya.cn/v1/chat/completions "HTTP/1.1 200 OK"
[2026-06-12 18:32:58,474] INFO - HTTP Request: POST https://jeniya.cn/v1/chat/completions "HTTP/1.1 200 OK"
[2026-06-12 18:33:01,219] INFO - HTTP Request: POST https://jeniya.cn/v1/chat/completions "HTTP/1.1 200 OK"
[2026-06-12 18:33:05,956] INFO - HTTP Request: POST https://jeniya.cn/v1/chat/completions "HTTP/1.1 200 OK"
[2026-06-12 18:33:06,071] INFO - HTTP Request: POST https://jeniya.cn/v1/chat/completions "HTTP/1.1 200 OK"
[2026-06-12 18:33:06,840] INFO - HTTP Request: POST https://jeniya.cn/v1/chat/completions "HTTP/1.1 200 OK"
[2026-06-12 18:33:08,216] INFO - HTTP Request: POST https://jeniya.cn/v1/chat/completions "HTTP/1.1 200 OK"
[2026-06-12 18:33:09,277] INFO - HTTP Request: POST https://jeniya.cn/v1/chat/completions "HTTP/1.1 200 OK"
[2026-06-12 18:33:09,977] INFO - HTTP Request: POST https://jeniya.cn/v1/chat/completions "HTTP/1.1 200 OK"
[2026-06-12 18:33:11,113] INFO - HTTP Request: POST https://jeniya.cn/v1/chat/completions "HTTP/1.1 200 OK"
[2026-06-12 18:33:11,226] INFO - HTTP Request: POST https://jeniya.cn/v1/chat/completions "HTTP/1.1 200 OK"
[2026-06-12 18:33:22,343] INFO - HTTP Request: POST https://jeniya.cn/v1/chat/completions "HTTP/1.1 200 OK"
[2026-06-12 18:33:22,989] INFO - HTTP Request: POST https://jeniya.cn/v1/chat/completions "HTTP/1.1 200 OK"
[2026-06-12 18:33:24,215] INFO - HTTP Request: POST https://jeniya.cn/v1/chat/completions "HTTP/1.1 200 OK"
[2026-06-12 18:33:27,341] INFO - HTTP Request: POST https://jeniya.cn/v1/chat/completions "HTTP/1.1 200 OK"
[2026-06-12 18:33:27,727] INFO - Retrying request to /chat/completions in 0.377373 seconds
[2026-06-12 18:33:28,730] INFO - Retrying request to /chat/completions in 0.499315 seconds
[2026-06-12 18:33:29,407] INFO - HTTP Request: POST https://jeniya.cn/v1/chat/completions "HTTP/1.1 200 OK"
[2026-06-12 18:33:31,524] INFO - HTTP Request: POST https://jeniya.cn/v1/chat/completions "HTTP/1.1 200 OK"
[2026-06-12 18:33:31,707] INFO - HTTP Request: POST https://jeniya.cn/v1/chat/completions "HTTP/1.1 200 OK"
[2026-06-12 18:33:32,556] INFO - HTTP Request: POST https://jeniya.cn/v1/chat/completions "HTTP/1.1 200 OK"
[2026-06-12 18:33:33,220] INFO - HTTP Request: POST https://jeniya.cn/v1/chat/completions "HTTP/1.1 200 OK"
[2026-06-12 18:33:33,362] INFO - HTTP Request: POST https://jeniya.cn/v1/chat/completions "HTTP/1.1 200 OK"
[2026-06-12 18:33:34,077] INFO - HTTP Request: POST https://jeniya.cn/v1/chat/completions "HTTP/1.1 200 OK"
[2026-06-12 18:33:35,039] INFO - HTTP Request: POST https://jeniya.cn/v1/chat/completions "HTTP/1.1 200 OK"
[2026-06-12 18:33:35,951] INFO - HTTP Request: POST https://jeniya.cn/v1/chat/completions "HTTP/1.1 200 OK"
[2026-06-12 18:33:36,001] INFO - HTTP Request: POST https://jeniya.cn/v1/chat/completions "HTTP/1.1 200 OK"
[2026-06-12 18:33:37,028] INFO - HTTP Request: POST https://jeniya.cn/v1/chat/completions "HTTP/1.1 200 OK"
[2026-06-12 18:33:38,149] INFO - HTTP Request: POST https://jeniya.cn/v1/chat/completions "HTTP/1.1 200 OK"
[2026-06-12 18:33:39,628] INFO - HTTP Request: POST https://jeniya.cn/v1/chat/completions "HTTP/1.1 200 OK"
[2026-06-12 18:33:40,366] INFO - HTTP Request: POST https://jeniya.cn/v1/chat/completions "HTTP/1.1 200 OK"
[2026-06-12 18:33:40,795] INFO - Retrying request to /chat/completions in 0.415040 seconds
[2026-06-12 18:33:41,149] INFO - Retrying request to /chat/completions in 0.387393 seconds
[2026-06-12 18:33:42,306] INFO - HTTP Request: POST https://jeniya.cn/v1/chat/completions "HTTP/1.1 200 OK"
[2026-06-12 18:33:43,995] INFO - HTTP Request: POST https://jeniya.cn/v1/chat/completions "HTTP/1.1 200 OK"
[2026-06-12 18:33:44,826] INFO - HTTP Request: POST https://jeniya.cn/v1/chat/completions "HTTP/1.1 200 OK"
[2026-06-12 18:33:45,416] INFO - HTTP Request: POST https://jeniya.cn/v1/chat/completions "HTTP/1.1 200 OK"
[2026-06-12 18:33:46,674] INFO - HTTP Request: POST https://jeniya.cn/v1/chat/completions "HTTP/1.1 200 OK"
[2026-06-12 18:33:47,930] INFO - HTTP Request: POST https://jeniya.cn/v1/chat/completions "HTTP/1.1 200 OK"
[2026-06-12 18:33:48,493] INFO - HTTP Request: POST https://jeniya.cn/v1/chat/completions "HTTP/1.1 200 OK"
[2026-06-12 18:33:48,526] INFO - HTTP Request: POST https://jeniya.cn/v1/chat/completions "HTTP/1.1 200 OK"
[2026-06-12 18:33:50,548] INFO - HTTP Request: POST https://jeniya.cn/v1/chat/completions "HTTP/1.1 200 OK"
[2026-06-12 18:33:54,657] INFO - HTTP Request: POST https://jeniya.cn/v1/chat/completions "HTTP/1.1 200 OK"
[2026-06-12 18:33:55,147] INFO - HTTP Request: POST https://jeniya.cn/v1/chat/completions "HTTP/1.1 200 OK"
[2026-06-12 18:33:55,345] INFO - HTTP Request: POST https://jeniya.cn/v1/chat/completions "HTTP/1.1 200 OK"
[2026-06-12 18:33:56,280] INFO - HTTP Request: POST https://jeniya.cn/v1/chat/completions "HTTP/1.1 200 OK"
[2026-06-12 18:33:57,929] INFO - HTTP Request: POST https://jeniya.cn/v1/chat/completions "HTTP/1.1 200 OK"
[2026-06-12 18:33:59,402] INFO - HTTP Request: POST https://jeniya.cn/v1/chat/completions "HTTP/1.1 200 OK"
[2026-06-12 18:34:02,576] INFO - HTTP Request: POST https://jeniya.cn/v1/chat/completions "HTTP/1.1 200 OK"
[2026-06-12 18:34:02,722] INFO - HTTP Request: POST https://jeniya.cn/v1/chat/completions "HTTP/1.1 200 OK"
[2026-06-12 18:34:03,763] INFO - HTTP Request: POST https://jeniya.cn/v1/chat/completions "HTTP/1.1 200 OK"
[2026-06-12 18:34:05,825] INFO - HTTP Request: POST https://jeniya.cn/v1/chat/completions "HTTP/1.1 200 OK"
[2026-06-12 18:34:06,406] INFO - HTTP Request: POST https://jeniya.cn/v1/chat/completions "HTTP/1.1 200 OK"
[2026-06-12 18:34:08,360] INFO - HTTP Request: POST https://jeniya.cn/v1/chat/completions "HTTP/1.1 200 OK"
[2026-06-12 18:34:10,314] INFO - HTTP Request: POST https://jeniya.cn/v1/chat/completions "HTTP/1.1 200 OK"
[2026-06-12 18:34:10,878] INFO - HTTP Request: POST https://jeniya.cn/v1/chat/completions "HTTP/1.1 200 OK"
[2026-06-12 18:34:13,115] INFO - HTTP Request: POST https://jeniya.cn/v1/chat/completions "HTTP/1.1 200 OK"
[2026-06-12 18:34:13,188] INFO - HTTP Request: POST https://jeniya.cn/v1/chat/completions "HTTP/1.1 200 OK"
[2026-06-12 18:34:17,101] INFO - HTTP Request: POST https://jeniya.cn/v1/chat/completions "HTTP/1.1 200 OK"
[2026-06-12 18:34:19,139] INFO - HTTP Request: POST https://jeniya.cn/v1/chat/completions "HTTP/1.1 200 OK"
[2026-06-12 18:34:19,298] INFO - HTTP Request: POST https://jeniya.cn/v1/chat/completions "HTTP/1.1 200 OK"
[2026-06-12 18:34:21,172] INFO - HTTP Request: POST https://jeniya.cn/v1/chat/completions "HTTP/1.1 200 OK"
[2026-06-12 18:34:26,885] INFO - HTTP Request: POST https://jeniya.cn/v1/chat/completions "HTTP/1.1 200 OK"
[2026-06-12 18:34:27,148] INFO - HTTP Request: POST https://jeniya.cn/v1/chat/completions "HTTP/1.1 200 OK"
[2026-06-12 18:34:32,567] INFO - Retrying request to /chat/completions in 0.442578 seconds
[2026-06-12 18:34:33,250] INFO - HTTP Request: POST https://jeniya.cn/v1/chat/completions "HTTP/1.1 200 OK"
[2026-06-12 18:34:34,118] INFO - HTTP Request: POST https://jeniya.cn/v1/chat/completions "HTTP/1.1 200 OK"
[2026-06-12 18:34:35,912] INFO - HTTP Request: POST https://jeniya.cn/v1/chat/completions "HTTP/1.1 200 OK"
[2026-06-12 18:34:36,010] INFO - Retrying request to /chat/completions in 0.435549 seconds
[2026-06-12 18:34:42,923] INFO - HTTP Request: POST https://jeniya.cn/v1/chat/completions "HTTP/1.1 200 OK"
[2026-06-12 18:34:43,524] INFO - HTTP Request: POST https://jeniya.cn/v1/chat/completions "HTTP/1.1 200 OK"
[2026-06-12 18:34:43,996] INFO - Retrying request to /chat/completions in 0.447201 seconds
[2026-06-12 18:34:44,631] INFO - HTTP Request: POST https://jeniya.cn/v1/chat/completions "HTTP/1.1 200 OK"
[2026-06-12 18:34:45,166] INFO - HTTP Request: POST https://jeniya.cn/v1/chat/completions "HTTP/1.1 200 OK"
[2026-06-12 18:34:46,464] INFO - HTTP Request: POST https://jeniya.cn/v1/chat/completions "HTTP/1.1 200 OK"
[2026-06-12 18:34:46,845] INFO - HTTP Request: POST https://jeniya.cn/v1/chat/completions "HTTP/1.1 200 OK"
[2026-06-12 18:34:48,257] INFO - HTTP Request: POST https://jeniya.cn/v1/chat/completions "HTTP/1.1 200 OK"
[2026-06-12 18:34:49,440] INFO - HTTP Request: POST https://jeniya.cn/v1/chat/completions "HTTP/1.1 200 OK"
[2026-06-12 18:34:49,921] INFO - HTTP Request: POST https://jeniya.cn/v1/chat/completions "HTTP/1.1 200 OK"
[2026-06-12 18:34:51,029] INFO - HTTP Request: POST https://jeniya.cn/v1/chat/completions "HTTP/1.1 200 OK"
[2026-06-12 18:34:51,620] INFO - HTTP Request: POST https://jeniya.cn/v1/chat/completions "HTTP/1.1 200 OK"
[2026-06-12 18:34:51,737] INFO - HTTP Request: POST https://jeniya.cn/v1/chat/completions "HTTP/1.1 200 OK"
[2026-06-12 18:34:53,508] INFO - HTTP Request: POST https://jeniya.cn/v1/chat/completions "HTTP/1.1 200 OK"
[2026-06-12 18:34:53,960] INFO - HTTP Request: POST https://jeniya.cn/v1/chat/completions "HTTP/1.1 200 OK"
[2026-06-12 18:34:54,574] INFO - HTTP Request: POST https://jeniya.cn/v1/chat/completions "HTTP/1.1 200 OK"
[2026-06-12 18:34:55,800] INFO - HTTP Request: POST https://jeniya.cn/v1/chat/completions "HTTP/1.1 200 OK"
[2026-06-12 18:34:56,143] INFO - HTTP Request: POST https://jeniya.cn/v1/chat/completions "HTTP/1.1 200 OK"
[2026-06-12 18:34:56,171] INFO - HTTP Request: POST https://jeniya.cn/v1/chat/completions "HTTP/1.1 200 OK"
[2026-06-12 18:34:57,626] INFO - HTTP Request: POST https://jeniya.cn/v1/chat/completions "HTTP/1.1 200 OK"
[2026-06-12 18:34:58,342] INFO - HTTP Request: POST https://jeniya.cn/v1/chat/completions "HTTP/1.1 200 OK"
[2026-06-12 18:35:00,222] INFO - HTTP Request: POST https://jeniya.cn/v1/chat/completions "HTTP/1.1 200 OK"
[2026-06-12 18:35:00,512] INFO - HTTP Request: POST https://jeniya.cn/v1/chat/completions "HTTP/1.1 200 OK"
[2026-06-12 18:35:02,387] INFO - HTTP Request: POST https://jeniya.cn/v1/chat/completions "HTTP/1.1 200 OK"
[2026-06-12 18:35:02,572] INFO - Retrying request to /chat/completions in 0.416307 seconds
[2026-06-12 18:35:04,088] INFO - HTTP Request: POST https://jeniya.cn/v1/chat/completions "HTTP/1.1 200 OK"
[2026-06-12 18:35:05,500] INFO - HTTP Request: POST https://jeniya.cn/v1/chat/completions "HTTP/1.1 200 OK"
[2026-06-12 18:35:06,184] INFO - HTTP Request: POST https://jeniya.cn/v1/chat/completions "HTTP/1.1 200 OK"
[2026-06-12 18:35:07,534] INFO - HTTP Request: POST https://jeniya.cn/v1/chat/completions "HTTP/1.1 200 OK"
[2026-06-12 18:35:08,011] INFO - HTTP Request: POST https://jeniya.cn/v1/chat/completions "HTTP/1.1 200 OK"
[2026-06-12 18:35:08,393] INFO - HTTP Request: POST https://jeniya.cn/v1/chat/completions "HTTP/1.1 200 OK"
[2026-06-12 18:35:09,271] INFO - HTTP Request: POST https://jeniya.cn/v1/chat/completions "HTTP/1.1 200 OK"
[2026-06-12 18:35:10,199] INFO - HTTP Request: POST https://jeniya.cn/v1/chat/completions "HTTP/1.1 200 OK"
[2026-06-12 18:35:10,877] INFO - Retrying request to /chat/completions in 0.419648 seconds
[2026-06-12 18:35:12,532] INFO - HTTP Request: POST https://jeniya.cn/v1/chat/completions "HTTP/1.1 200 OK"
[2026-06-12 18:35:12,774] INFO - HTTP Request: POST https://jeniya.cn/v1/chat/completions "HTTP/1.1 200 OK"
[2026-06-12 18:35:14,138] INFO - HTTP Request: POST https://jeniya.cn/v1/chat/completions "HTTP/1.1 200 OK"
[2026-06-12 18:35:15,822] INFO - HTTP Request: POST https://jeniya.cn/v1/chat/completions "HTTP/1.1 200 OK"
[2026-06-12 18:35:17,589] INFO - HTTP Request: POST https://jeniya.cn/v1/chat/completions "HTTP/1.1 200 OK"
[2026-06-12 18:35:17,648] INFO - HTTP Request: POST https://jeniya.cn/v1/chat/completions "HTTP/1.1 200 OK"
[2026-06-12 18:35:18,519] INFO - HTTP Request: POST https://jeniya.cn/v1/chat/completions "HTTP/1.1 200 OK"
[2026-06-12 18:35:19,300] INFO - HTTP Request: POST https://jeniya.cn/v1/chat/completions "HTTP/1.1 200 OK"
[2026-06-12 18:35:19,451] INFO - HTTP Request: POST https://jeniya.cn/v1/chat/completions "HTTP/1.1 200 OK"
[2026-06-12 18:35:19,627] INFO - HTTP Request: POST https://jeniya.cn/v1/chat/completions "HTTP/1.1 200 OK"
[2026-06-12 18:35:20,988] INFO - HTTP Request: POST https://jeniya.cn/v1/chat/completions "HTTP/1.1 200 OK"
[2026-06-12 18:35:21,291] INFO - HTTP Request: POST https://jeniya.cn/v1/chat/completions "HTTP/1.1 200 OK"
[2026-06-12 18:35:21,401] INFO - HTTP Request: POST https://jeniya.cn/v1/chat/completions "HTTP/1.1 200 OK"
[2026-06-12 18:35:23,212] INFO - HTTP Request: POST https://jeniya.cn/v1/chat/completions "HTTP/1.1 200 OK"
[2026-06-12 18:35:23,855] INFO - HTTP Request: POST https://jeniya.cn/v1/chat/completions "HTTP/1.1 200 OK"
[2026-06-12 18:35:25,421] INFO - HTTP Request: POST https://jeniya.cn/v1/chat/completions "HTTP/1.1 200 OK"
[2026-06-12 18:35:27,653] INFO - HTTP Request: POST https://jeniya.cn/v1/chat/completions "HTTP/1.1 200 OK"
[2026-06-12 18:35:32,734] INFO - HTTP Request: POST https://jeniya.cn/v1/chat/completions "HTTP/1.1 200 OK"
[2026-06-12 18:35:32,941] INFO - HTTP Request: POST https://jeniya.cn/v1/chat/completions "HTTP/1.1 200 OK"
[2026-06-12 18:35:34,464] INFO - HTTP Request: POST https://jeniya.cn/v1/chat/completions "HTTP/1.1 200 OK"
[2026-06-12 18:35:34,877] INFO - HTTP Request: POST https://jeniya.cn/v1/chat/completions "HTTP/1.1 200 OK"
[2026-06-12 18:35:36,990] INFO - HTTP Request: POST https://jeniya.cn/v1/chat/completions "HTTP/1.1 200 OK"
[2026-06-12 18:35:39,671] INFO - HTTP Request: POST https://jeniya.cn/v1/chat/completions "HTTP/1.1 200 OK"
[2026-06-12 18:35:40,874] INFO - HTTP Request: POST https://jeniya.cn/v1/chat/completions "HTTP/1.1 200 OK"
[2026-06-12 18:35:42,672] INFO - HTTP Request: POST https://jeniya.cn/v1/chat/completions "HTTP/1.1 200 OK"
[2026-06-12 18:35:42,844] INFO - HTTP Request: POST https://jeniya.cn/v1/chat/completions "HTTP/1.1 200 OK"
[2026-06-12 18:35:44,227] INFO - HTTP Request: POST https://jeniya.cn/v1/chat/completions "HTTP/1.1 200 OK"
[2026-06-12 18:35:44,648] INFO - HTTP Request: POST https://jeniya.cn/v1/chat/completions "HTTP/1.1 200 OK"
[2026-06-12 18:35:47,220] INFO - HTTP Request: POST https://jeniya.cn/v1/chat/completions "HTTP/1.1 200 OK"
[2026-06-12 18:35:47,437] INFO - HTTP Request: POST https://jeniya.cn/v1/chat/completions "HTTP/1.1 200 OK"
[2026-06-12 18:35:49,153] INFO - HTTP Request: POST https://jeniya.cn/v1/chat/completions "HTTP/1.1 200 OK"
[2026-06-12 18:35:50,345] INFO - HTTP Request: POST https://jeniya.cn/v1/chat/completions "HTTP/1.1 200 OK"
[2026-06-12 18:35:51,027] INFO - HTTP Request: POST https://jeniya.cn/v1/chat/completions "HTTP/1.1 200 OK"
[2026-06-12 18:35:51,748] INFO - Retrying request to /chat/completions in 0.465816 seconds
[2026-06-12 18:35:51,961] INFO - HTTP Request: POST https://jeniya.cn/v1/chat/completions "HTTP/1.1 200 OK"
[2026-06-12 18:35:52,174] INFO - HTTP Request: POST https://jeniya.cn/v1/chat/completions "HTTP/1.1 200 OK"
[2026-06-12 18:35:52,694] INFO - HTTP Request: POST https://jeniya.cn/v1/chat/completions "HTTP/1.1 200 OK"
[2026-06-12 18:35:53,758] INFO - HTTP Request: POST https://jeniya.cn/v1/chat/completions "HTTP/1.1 200 OK"
[2026-06-12 18:35:53,987] INFO - HTTP Request: POST https://jeniya.cn/v1/chat/completions "HTTP/1.1 200 OK"
[2026-06-12 18:35:56,382] INFO - HTTP Request: POST https://jeniya.cn/v1/chat/completions "HTTP/1.1 200 OK"
[2026-06-12 18:35:56,441] INFO - HTTP Request: POST https://jeniya.cn/v1/chat/completions "HTTP/1.1 200 OK"
[2026-06-12 18:35:59,240] INFO - HTTP Request: POST https://jeniya.cn/v1/chat/completions "HTTP/1.1 200 OK"
[2026-06-12 18:35:59,475] INFO - HTTP Request: POST https://jeniya.cn/v1/chat/completions "HTTP/1.1 200 OK"
[2026-06-12 18:36:00,364] INFO - HTTP Request: POST https://jeniya.cn/v1/chat/completions "HTTP/1.1 200 OK"
[2026-06-12 18:36:02,384] INFO - Retrying request to /chat/completions in 0.483800 seconds
[2026-06-12 18:36:07,401] INFO - HTTP Request: POST https://jeniya.cn/v1/chat/completions "HTTP/1.1 200 OK"
[2026-06-12 18:36:10,503] INFO - HTTP Request: POST https://jeniya.cn/v1/chat/completions "HTTP/1.1 200 OK"
[2026-06-12 18:36:12,332] INFO - HTTP Request: POST https://jeniya.cn/v1/chat/completions "HTTP/1.1 200 OK"
[2026-06-12 18:36:16,318] INFO - HTTP Request: POST https://jeniya.cn/v1/chat/completions "HTTP/1.1 200 OK"
[2026-06-12 18:36:18,219] INFO - HTTP Request: POST https://jeniya.cn/v1/chat/completions "HTTP/1.1 200 OK"
[2026-06-12 18:36:20,006] INFO - HTTP Request: POST https://jeniya.cn/v1/chat/completions "HTTP/1.1 200 OK"
[2026-06-12 18:36:22,303] INFO - HTTP Request: POST https://jeniya.cn/v1/chat/completions "HTTP/1.1 200 OK"
[2026-06-12 18:36:24,422] INFO - HTTP Request: POST https://jeniya.cn/v1/chat/completions "HTTP/1.1 200 OK"
[2026-06-12 18:36:25,209] INFO - HTTP Request: POST https://jeniya.cn/v1/chat/completions "HTTP/1.1 200 OK"
[2026-06-12 18:36:26,612] INFO - HTTP Request: POST https://jeniya.cn/v1/chat/completions "HTTP/1.1 200 OK"
[2026-06-12 18:36:31,958] INFO - HTTP Request: POST https://jeniya.cn/v1/chat/completions "HTTP/1.1 200 OK"
[2026-06-12 18:36:36,826] INFO - HTTP Request: POST https://jeniya.cn/v1/chat/completions "HTTP/1.1 200 OK"
[2026-06-12 18:36:40,592] INFO - HTTP Request: POST https://jeniya.cn/v1/chat/completions "HTTP/1.1 200 OK"
[2026-06-12 18:36:41,968] INFO - HTTP Request: POST https://jeniya.cn/v1/chat/completions "HTTP/1.1 200 OK"
[2026-06-12 18:36:42,653] INFO - HTTP Request: POST https://jeniya.cn/v1/chat/completions "HTTP/1.1 200 OK"
[2026-06-12 18:36:43,511] INFO - HTTP Request: POST https://jeniya.cn/v1/chat/completions "HTTP/1.1 200 OK"
[2026-06-12 18:36:45,080] INFO - HTTP Request: POST https://jeniya.cn/v1/chat/completions "HTTP/1.1 200 OK"
[2026-06-12 18:36:49,874] INFO - HTTP Request: POST https://jeniya.cn/v1/chat/completions "HTTP/1.1 200 OK"
[2026-06-12 18:36:52,177] INFO - Retrying request to /chat/completions in 0.378660 seconds
[2026-06-12 18:36:55,100] INFO - HTTP Request: POST https://jeniya.cn/v1/chat/completions "HTTP/1.1 200 OK"
[2026-06-12 18:36:56,437] INFO - Retrying request to /chat/completions in 0.404996 seconds
[2026-06-12 18:36:56,447] INFO - HTTP Request: POST https://jeniya.cn/v1/chat/completions "HTTP/1.1 200 OK"
[2026-06-12 18:36:57,827] INFO - HTTP Request: POST https://jeniya.cn/v1/chat/completions "HTTP/1.1 200 OK"
[2026-06-12 18:36:58,908] INFO - HTTP Request: POST https://jeniya.cn/v1/chat/completions "HTTP/1.1 200 OK"
[2026-06-12 18:37:00,214] INFO - HTTP Request: POST https://jeniya.cn/v1/chat/completions "HTTP/1.1 200 OK"
[2026-06-12 18:37:03,073] INFO - HTTP Request: POST https://jeniya.cn/v1/chat/completions "HTTP/1.1 200 OK"
[2026-06-12 18:37:03,945] INFO - HTTP Request: POST https://jeniya.cn/v1/chat/completions "HTTP/1.1 200 OK"
[2026-06-12 18:37:06,606] INFO - HTTP Request: POST https://jeniya.cn/v1/chat/completions "HTTP/1.1 200 OK"
[2026-06-12 18:37:06,705] INFO - HTTP Request: POST https://jeniya.cn/v1/chat/completions "HTTP/1.1 200 OK"
[2026-06-12 18:37:07,080] INFO - HTTP Request: POST https://jeniya.cn/v1/chat/completions "HTTP/1.1 200 OK"
[2026-06-12 18:37:09,840] INFO - HTTP Request: POST https://jeniya.cn/v1/chat/completions "HTTP/1.1 200 OK"
[2026-06-12 18:37:13,544] INFO - HTTP Request: POST https://jeniya.cn/v1/chat/completions "HTTP/1.1 200 OK"
[2026-06-12 18:37:14,511] INFO - HTTP Request: POST https://jeniya.cn/v1/chat/completions "HTTP/1.1 200 OK"
[2026-06-12 18:37:18,639] INFO - HTTP Request: POST https://jeniya.cn/v1/chat/completions "HTTP/1.1 200 OK"
[2026-06-12 18:37:21,336] INFO - HTTP Request: POST https://jeniya.cn/v1/chat/completions "HTTP/1.1 200 OK"
[2026-06-12 18:37:22,022] INFO - HTTP Request: POST https://jeniya.cn/v1/chat/completions "HTTP/1.1 200 OK"
[2026-06-12 18:37:26,241] INFO - HTTP Request: POST https://jeniya.cn/v1/chat/completions "HTTP/1.1 200 OK"
[2026-06-12 18:37:29,079] INFO - HTTP Request: POST https://jeniya.cn/v1/chat/completions "HTTP/1.1 200 OK"
[2026-06-12 18:37:31,798] INFO - HTTP Request: POST https://jeniya.cn/v1/chat/completions "HTTP/1.1 200 OK"
[2026-06-12 18:37:34,407] INFO - HTTP Request: POST https://jeniya.cn/v1/chat/completions "HTTP/1.1 200 OK"
[2026-06-12 18:37:36,231] INFO - HTTP Request: POST https://jeniya.cn/v1/chat/completions "HTTP/1.1 200 OK"
[2026-06-12 18:37:36,592] INFO - HTTP Request: POST https://jeniya.cn/v1/chat/completions "HTTP/1.1 200 OK"
[2026-06-12 18:37:36,763] INFO - HTTP Request: POST https://jeniya.cn/v1/chat/completions "HTTP/1.1 200 OK"
[2026-06-12 18:37:37,336] INFO - HTTP Request: POST https://jeniya.cn/v1/chat/completions "HTTP/1.1 200 OK"
[2026-06-12 18:37:40,321] INFO - HTTP Request: POST https://jeniya.cn/v1/chat/completions "HTTP/1.1 200 OK"
[2026-06-12 18:37:41,199] INFO - HTTP Request: POST https://jeniya.cn/v1/chat/completions "HTTP/1.1 200 OK"
[2026-06-12 18:37:41,480] INFO - HTTP Request: POST https://jeniya.cn/v1/chat/completions "HTTP/1.1 200 OK"
[2026-06-12 18:37:44,257] INFO - 配置已保存到 D:\code\Subtitle-Translation-Tools\config.json
[2026-06-12 18:37:44,258] INFO - HTTP Request: POST http://testserver/api/config "HTTP/1.1 200 OK"
[2026-06-12 18:37:44,260] INFO - 配置已保存到 D:\code\Subtitle-Translation-Tools\config.json
[2026-06-12 18:37:44,260] INFO - HTTP Request: POST http://testserver/api/config "HTTP/1.1 200 OK"
[2026-06-12 18:37:44,262] INFO - 配置已保存到 D:\code\Subtitle-Translation-Tools\config.json
[2026-06-12 18:37:44,262] INFO - HTTP Request: POST http://testserver/api/config "HTTP/1.1 200 OK"
[2026-06-12 18:37:48,179] INFO - HTTP Request: POST https://jeniya.cn/v1/chat/completions "HTTP/1.1 200 OK"
[2026-06-12 18:37:48,342] INFO - HTTP Request: POST https://jeniya.cn/v1/chat/completions "HTTP/1.1 200 OK"
[2026-06-12 18:37:49,750] INFO - HTTP Request: POST https://jeniya.cn/v1/chat/completions "HTTP/1.1 200 OK"
[2026-06-12 18:37:54,205] INFO - HTTP Request: POST https://jeniya.cn/v1/chat/completions "HTTP/1.1 200 OK"
[2026-06-12 18:37:54,640] INFO - HTTP Request: POST https://jeniya.cn/v1/chat/completions "HTTP/1.1 200 OK"
[2026-06-12 18:38:03,072] INFO - Retrying request to /chat/completions in 0.456494 seconds
[2026-06-12 18:38:04,395] INFO - HTTP Request: POST https://jeniya.cn/v1/chat/completions "HTTP/1.1 200 OK"
[2026-06-12 18:38:04,644] INFO - HTTP Request: POST https://jeniya.cn/v1/chat/completions "HTTP/1.1 200 OK"
[2026-06-12 18:38:05,943] INFO - HTTP Request: POST https://jeniya.cn/v1/chat/completions "HTTP/1.1 200 OK"
[2026-06-12 18:38:05,977] INFO - HTTP Request: POST https://jeniya.cn/v1/chat/completions "HTTP/1.1 200 OK"
[2026-06-12 18:38:06,020] INFO - HTTP Request: POST https://jeniya.cn/v1/chat/completions "HTTP/1.1 200 OK"
[2026-06-12 18:38:10,570] INFO - HTTP Request: POST https://jeniya.cn/v1/chat/completions "HTTP/1.1 200 OK"
[2026-06-12 18:38:16,731] INFO - HTTP Request: POST https://jeniya.cn/v1/chat/completions "HTTP/1.1 200 OK"
[2026-06-12 18:38:19,397] INFO - HTTP Request: POST https://jeniya.cn/v1/chat/completions "HTTP/1.1 200 OK"
[2026-06-12 18:38:20,981] INFO - HTTP Request: POST https://jeniya.cn/v1/chat/completions "HTTP/1.1 200 OK"
[2026-06-12 18:38:21,957] INFO - HTTP Request: POST https://jeniya.cn/v1/chat/completions "HTTP/1.1 200 OK"
[2026-06-12 18:38:25,283] INFO - HTTP Request: POST https://jeniya.cn/v1/chat/completions "HTTP/1.1 200 OK"
[2026-06-12 18:38:30,035] INFO - HTTP Request: POST https://jeniya.cn/v1/chat/completions "HTTP/1.1 200 OK"
[2026-06-12 18:38:31,353] INFO - HTTP Request: POST https://jeniya.cn/v1/chat/completions "HTTP/1.1 200 OK"
[2026-06-12 18:38:33,301] INFO - HTTP Request: POST https://jeniya.cn/v1/chat/completions "HTTP/1.1 200 OK"
[2026-06-12 18:38:33,347] INFO - HTTP Request: POST https://jeniya.cn/v1/chat/completions "HTTP/1.1 200 OK"
[2026-06-12 18:38:35,106] INFO - HTTP Request: POST https://jeniya.cn/v1/chat/completions "HTTP/1.1 200 OK"
[2026-06-12 18:38:41,202] INFO - Retrying request to /chat/completions in 0.427400 seconds
[2026-06-12 18:38:41,481] INFO - Retrying request to /chat/completions in 0.496917 seconds
[2026-06-12 18:38:41,624] INFO - HTTP Request: POST https://jeniya.cn/v1/chat/completions "HTTP/1.1 200 OK"
[2026-06-12 18:38:43,176] INFO - HTTP Request: POST https://jeniya.cn/v1/chat/completions "HTTP/1.1 200 OK"
[2026-06-12 18:38:43,521] INFO - HTTP Request: POST https://jeniya.cn/v1/chat/completions "HTTP/1.1 200 OK"
[2026-06-12 18:38:44,121] INFO - HTTP Request: POST https://jeniya.cn/v1/chat/completions "HTTP/1.1 200 OK"
[2026-06-12 18:38:49,605] INFO - HTTP Request: POST https://jeniya.cn/v1/chat/completions "HTTP/1.1 200 OK"
[2026-06-12 18:38:52,266] INFO - HTTP Request: POST https://jeniya.cn/v1/chat/completions "HTTP/1.1 200 OK"
[2026-06-12 18:38:53,964] INFO - HTTP Request: POST https://jeniya.cn/v1/chat/completions "HTTP/1.1 200 OK"
[2026-06-12 18:38:58,408] INFO - HTTP Request: POST https://jeniya.cn/v1/chat/completions "HTTP/1.1 200 OK"
[2026-06-12 18:38:58,425] INFO - HTTP Request: POST https://jeniya.cn/v1/chat/completions "HTTP/1.1 200 OK"
[2026-06-12 18:39:00,007] INFO - HTTP Request: POST https://jeniya.cn/v1/chat/completions "HTTP/1.1 200 OK"
[2026-06-12 18:39:00,237] INFO - HTTP Request: POST https://jeniya.cn/v1/chat/completions "HTTP/1.1 200 OK"
[2026-06-12 18:39:03,153] INFO - HTTP Request: POST https://jeniya.cn/v1/chat/completions "HTTP/1.1 200 OK"
[2026-06-12 18:39:07,233] INFO - HTTP Request: POST https://jeniya.cn/v1/chat/completions "HTTP/1.1 200 OK"
[2026-06-12 18:39:10,071] INFO - HTTP Request: POST https://jeniya.cn/v1/chat/completions "HTTP/1.1 200 OK"
[2026-06-12 18:39:10,139] INFO - HTTP Request: POST https://jeniya.cn/v1/chat/completions "HTTP/1.1 200 OK"
[2026-06-12 18:39:12,081] INFO - HTTP Request: POST https://jeniya.cn/v1/chat/completions "HTTP/1.1 200 OK"
[2026-06-12 18:39:13,552] INFO - HTTP Request: POST https://jeniya.cn/v1/chat/completions "HTTP/1.1 200 OK"
[2026-06-12 18:39:14,794] INFO - HTTP Request: POST https://jeniya.cn/v1/chat/completions "HTTP/1.1 200 OK"
[2026-06-12 18:39:15,393] INFO - HTTP Request: POST https://jeniya.cn/v1/chat/completions "HTTP/1.1 200 OK"
[2026-06-12 18:39:18,136] INFO - HTTP Request: POST https://jeniya.cn/v1/chat/completions "HTTP/1.1 200 OK"
[2026-06-12 18:39:23,436] INFO - HTTP Request: POST https://jeniya.cn/v1/chat/completions "HTTP/1.1 200 OK"
[2026-06-12 18:39:24,535] INFO - HTTP Request: POST https://jeniya.cn/v1/chat/completions "HTTP/1.1 200 OK"
[2026-06-12 18:39:25,311] INFO - HTTP Request: POST https://jeniya.cn/v1/chat/completions "HTTP/1.1 200 OK"
[2026-06-12 18:39:27,544] INFO - HTTP Request: POST https://jeniya.cn/v1/chat/completions "HTTP/1.1 200 OK"
[2026-06-12 18:39:27,802] INFO - HTTP Request: POST https://jeniya.cn/v1/chat/completions "HTTP/1.1 200 OK"
[2026-06-12 18:39:29,330] INFO - HTTP Request: POST https://jeniya.cn/v1/chat/completions "HTTP/1.1 200 OK"
[2026-06-12 18:39:32,892] INFO - HTTP Request: POST https://jeniya.cn/v1/chat/completions "HTTP/1.1 200 OK"
[2026-06-12 18:39:33,085] INFO - HTTP Request: POST https://jeniya.cn/v1/chat/completions "HTTP/1.1 200 OK"
[2026-06-12 18:39:35,034] INFO - HTTP Request: POST https://jeniya.cn/v1/chat/completions "HTTP/1.1 200 OK"
[2026-06-12 18:39:35,209] INFO - HTTP Request: POST https://jeniya.cn/v1/chat/completions "HTTP/1.1 200 OK"
[2026-06-12 18:39:41,251] INFO - HTTP Request: POST https://jeniya.cn/v1/chat/completions "HTTP/1.1 200 OK"
[2026-06-12 18:39:42,710] INFO - HTTP Request: POST https://jeniya.cn/v1/chat/completions "HTTP/1.1 200 OK"
[2026-06-12 18:39:42,906] INFO - HTTP Request: POST https://jeniya.cn/v1/chat/completions "HTTP/1.1 200 OK"
[2026-06-12 18:39:44,884] INFO - HTTP Request: POST https://jeniya.cn/v1/chat/completions "HTTP/1.1 200 OK"
[2026-06-12 18:39:45,576] INFO - HTTP Request: POST https://jeniya.cn/v1/chat/completions "HTTP/1.1 200 OK"
[2026-06-12 18:39:46,090] INFO - HTTP Request: POST https://jeniya.cn/v1/chat/completions "HTTP/1.1 200 OK"
[2026-06-12 18:39:48,803] INFO - HTTP Request: POST https://jeniya.cn/v1/chat/completions "HTTP/1.1 200 OK"
[2026-06-12 18:39:49,822] INFO - HTTP Request: POST https://jeniya.cn/v1/chat/completions "HTTP/1.1 200 OK"
[2026-06-12 18:39:55,556] INFO - HTTP Request: POST https://jeniya.cn/v1/chat/completions "HTTP/1.1 200 OK"
[2026-06-12 18:39:56,934] INFO - HTTP Request: POST https://jeniya.cn/v1/chat/completions "HTTP/1.1 200 OK"
[2026-06-12 18:39:58,623] INFO - HTTP Request: POST https://jeniya.cn/v1/chat/completions "HTTP/1.1 200 OK"
[2026-06-12 18:39:58,772] INFO - HTTP Request: POST https://jeniya.cn/v1/chat/completions "HTTP/1.1 200 OK"
[2026-06-12 18:40:00,800] INFO - HTTP Request: POST https://jeniya.cn/v1/chat/completions "HTTP/1.1 200 OK"
[2026-06-12 18:40:03,356] INFO - HTTP Request: POST https://jeniya.cn/v1/chat/completions "HTTP/1.1 200 OK"
[2026-06-12 18:40:03,404] INFO - HTTP Request: POST https://jeniya.cn/v1/chat/completions "HTTP/1.1 200 OK"
[2026-06-12 18:40:10,527] INFO - HTTP Request: POST https://jeniya.cn/v1/chat/completions "HTTP/1.1 200 OK"
[2026-06-12 18:40:13,210] INFO - HTTP Request: POST https://jeniya.cn/v1/chat/completions "HTTP/1.1 200 OK"
[2026-06-12 18:40:16,369] INFO - HTTP Request: POST https://jeniya.cn/v1/chat/completions "HTTP/1.1 200 OK"
[2026-06-12 18:40:16,369] INFO - HTTP Request: POST https://jeniya.cn/v1/chat/completions "HTTP/1.1 200 OK"
[2026-06-12 18:40:17,002] INFO - HTTP Request: POST https://jeniya.cn/v1/chat/completions "HTTP/1.1 200 OK"
[2026-06-12 18:40:17,968] INFO - HTTP Request: POST https://jeniya.cn/v1/chat/completions "HTTP/1.1 200 OK"
[2026-06-12 18:40:18,104] INFO - HTTP Request: POST https://jeniya.cn/v1/chat/completions "HTTP/1.1 200 OK"
[2026-06-12 18:40:19,239] INFO - HTTP Request: POST https://jeniya.cn/v1/chat/completions "HTTP/1.1 200 OK"
[2026-06-12 18:40:19,763] INFO - HTTP Request: POST https://jeniya.cn/v1/chat/completions "HTTP/1.1 200 OK"
[2026-06-12 18:40:20,612] INFO - HTTP Request: POST https://jeniya.cn/v1/chat/completions "HTTP/1.1 200 OK"
[2026-06-12 18:40:25,746] INFO - HTTP Request: POST https://jeniya.cn/v1/chat/completions "HTTP/1.1 200 OK"
[2026-06-12 18:40:26,359] INFO - HTTP Request: POST https://jeniya.cn/v1/chat/completions "HTTP/1.1 200 OK"
[2026-06-12 18:40:33,575] INFO - HTTP Request: POST https://jeniya.cn/v1/chat/completions "HTTP/1.1 200 OK"
[2026-06-12 18:40:34,880] INFO - HTTP Request: POST https://jeniya.cn/v1/chat/completions "HTTP/1.1 200 OK"
[2026-06-12 18:40:37,546] INFO - HTTP Request: POST https://jeniya.cn/v1/chat/completions "HTTP/1.1 200 OK"
[2026-06-12 18:40:37,678] INFO - HTTP Request: POST https://jeniya.cn/v1/chat/completions "HTTP/1.1 200 OK"
[2026-06-12 18:40:37,964] INFO - HTTP Request: POST https://jeniya.cn/v1/chat/completions "HTTP/1.1 200 OK"
[2026-06-12 18:40:37,966] INFO - HTTP Request: POST https://jeniya.cn/v1/chat/completions "HTTP/1.1 200 OK"
[2026-06-12 18:40:38,401] INFO - HTTP Request: POST https://jeniya.cn/v1/chat/completions "HTTP/1.1 200 OK"
[2026-06-12 18:40:41,429] INFO - HTTP Request: POST https://jeniya.cn/v1/chat/completions "HTTP/1.1 200 OK"
[2026-06-12 18:40:49,834] INFO - HTTP Request: POST https://jeniya.cn/v1/chat/completions "HTTP/1.1 200 OK"
[2026-06-12 18:40:52,764] INFO - HTTP Request: POST https://jeniya.cn/v1/chat/completions "HTTP/1.1 200 OK"
[2026-06-12 18:40:52,846] INFO - HTTP Request: POST https://jeniya.cn/v1/chat/completions "HTTP/1.1 200 OK"
[2026-06-12 18:40:54,278] INFO - HTTP Request: POST https://jeniya.cn/v1/chat/completions "HTTP/1.1 200 OK"
[2026-06-12 18:40:55,384] INFO - HTTP Request: POST https://jeniya.cn/v1/chat/completions "HTTP/1.1 200 OK"
[2026-06-12 18:40:55,400] INFO - HTTP Request: POST https://jeniya.cn/v1/chat/completions "HTTP/1.1 200 OK"
[2026-06-12 18:41:01,639] INFO - HTTP Request: POST https://jeniya.cn/v1/chat/completions "HTTP/1.1 200 OK"
[2026-06-12 18:41:02,812] INFO - HTTP Request: POST https://jeniya.cn/v1/chat/completions "HTTP/1.1 200 OK"
[2026-06-12 18:41:05,244] INFO - HTTP Request: POST https://jeniya.cn/v1/chat/completions "HTTP/1.1 200 OK"
[2026-06-12 18:41:05,510] INFO - HTTP Request: POST https://jeniya.cn/v1/chat/completions "HTTP/1.1 200 OK"
[2026-06-12 18:41:08,183] INFO - HTTP Request: POST https://jeniya.cn/v1/chat/completions "HTTP/1.1 200 OK"
[2026-06-12 18:41:08,659] INFO - HTTP Request: POST https://jeniya.cn/v1/chat/completions "HTTP/1.1 200 OK"
[2026-06-12 18:41:08,945] INFO - HTTP Request: POST https://jeniya.cn/v1/chat/completions "HTTP/1.1 200 OK"
[2026-06-12 18:41:17,613] INFO - HTTP Request: POST https://jeniya.cn/v1/chat/completions "HTTP/1.1 200 OK"
[2026-06-12 18:41:20,059] INFO - HTTP Request: POST https://jeniya.cn/v1/chat/completions "HTTP/1.1 200 OK"
[2026-06-12 18:41:21,633] INFO - HTTP Request: POST https://jeniya.cn/v1/chat/completions "HTTP/1.1 200 OK"
[2026-06-12 18:41:22,191] INFO - HTTP Request: POST https://jeniya.cn/v1/chat/completions "HTTP/1.1 200 OK"
[2026-06-12 18:41:23,034] INFO - HTTP Request: POST https://jeniya.cn/v1/chat/completions "HTTP/1.1 200 OK"
[2026-06-12 18:41:23,266] INFO - HTTP Request: POST https://jeniya.cn/v1/chat/completions "HTTP/1.1 200 OK"
[2026-06-12 18:41:25,336] INFO - HTTP Request: POST https://jeniya.cn/v1/chat/completions "HTTP/1.1 200 OK"
[2026-06-12 18:41:33,176] INFO - HTTP Request: POST https://jeniya.cn/v1/chat/completions "HTTP/1.1 200 OK"
[2026-06-12 18:41:33,247] INFO - HTTP Request: POST https://jeniya.cn/v1/chat/completions "HTTP/1.1 200 OK"
[2026-06-12 18:41:33,578] INFO - Retrying request to /chat/completions in 0.398845 seconds
[2026-06-12 18:41:37,697] INFO - HTTP Request: POST https://jeniya.cn/v1/chat/completions "HTTP/1.1 200 OK"
[2026-06-12 18:41:37,933] INFO - HTTP Request: POST https://jeniya.cn/v1/chat/completions "HTTP/1.1 200 OK"
[2026-06-12 18:41:39,007] INFO - HTTP Request: POST https://jeniya.cn/v1/chat/completions "HTTP/1.1 200 OK"
[2026-06-12 18:41:41,545] INFO - HTTP Request: POST https://jeniya.cn/v1/chat/completions "HTTP/1.1 200 OK"
[2026-06-12 18:41:47,414] INFO - HTTP Request: POST https://jeniya.cn/v1/chat/completions "HTTP/1.1 200 OK"
[2026-06-12 18:41:48,034] INFO - HTTP Request: POST https://jeniya.cn/v1/chat/completions "HTTP/1.1 200 OK"
[2026-06-12 18:41:53,339] INFO - HTTP Request: POST https://jeniya.cn/v1/chat/completions "HTTP/1.1 200 OK"
[2026-06-12 18:41:57,515] INFO - HTTP Request: POST https://jeniya.cn/v1/chat/completions "HTTP/1.1 200 OK"
[2026-06-12 18:41:58,399] INFO - HTTP Request: POST https://jeniya.cn/v1/chat/completions "HTTP/1.1 200 OK"
[2026-06-12 18:42:00,399] INFO - HTTP Request: POST https://jeniya.cn/v1/chat/completions "HTTP/1.1 200 OK"
[2026-06-12 18:42:02,865] INFO - HTTP Request: POST https://jeniya.cn/v1/chat/completions "HTTP/1.1 200 OK"
[2026-06-12 18:42:03,252] INFO - HTTP Request: POST https://jeniya.cn/v1/chat/completions "HTTP/1.1 200 OK"
[2026-06-12 18:42:03,805] INFO - HTTP Request: POST https://jeniya.cn/v1/chat/completions "HTTP/1.1 200 OK"
[2026-06-12 18:42:14,424] INFO - HTTP Request: POST https://jeniya.cn/v1/chat/completions "HTTP/1.1 200 OK"
[2026-06-12 18:42:15,922] INFO - HTTP Request: POST https://jeniya.cn/v1/chat/completions "HTTP/1.1 200 OK"
[2026-06-12 18:42:17,010] INFO - HTTP Request: POST https://jeniya.cn/v1/chat/completions "HTTP/1.1 200 OK"
[2026-06-12 18:42:18,200] INFO - HTTP Request: POST https://jeniya.cn/v1/chat/completions "HTTP/1.1 200 OK"
[2026-06-12 18:42:20,010] INFO - HTTP Request: POST https://jeniya.cn/v1/chat/completions "HTTP/1.1 200 OK"
[2026-06-12 18:42:20,553] INFO - HTTP Request: POST https://jeniya.cn/v1/chat/completions "HTTP/1.1 200 OK"
[2026-06-12 18:42:22,917] INFO - HTTP Request: POST https://jeniya.cn/v1/chat/completions "HTTP/1.1 200 OK"
[2026-06-12 18:42:24,285] INFO - HTTP Request: POST https://jeniya.cn/v1/chat/completions "HTTP/1.1 200 OK"
[2026-06-12 18:42:27,141] INFO - HTTP Request: POST https://jeniya.cn/v1/chat/completions "HTTP/1.1 200 OK"
[2026-06-12 18:42:27,445] INFO - HTTP Request: POST https://jeniya.cn/v1/chat/completions "HTTP/1.1 200 OK"
[2026-06-12 18:42:27,656] INFO - HTTP Request: POST https://jeniya.cn/v1/chat/completions "HTTP/1.1 200 OK"
[2026-06-12 18:42:34,624] INFO - HTTP Request: POST https://jeniya.cn/v1/chat/completions "HTTP/1.1 200 OK"
[2026-06-12 18:42:34,726] INFO - HTTP Request: POST https://jeniya.cn/v1/chat/completions "HTTP/1.1 200 OK"
[2026-06-12 18:42:36,372] INFO - HTTP Request: POST https://jeniya.cn/v1/chat/completions "HTTP/1.1 200 OK"
[2026-06-12 18:42:37,979] INFO - HTTP Request: POST https://jeniya.cn/v1/chat/completions "HTTP/1.1 200 OK"
[2026-06-12 18:42:38,725] INFO - HTTP Request: POST https://jeniya.cn/v1/chat/completions "HTTP/1.1 200 OK"
[2026-06-12 18:42:39,007] INFO - HTTP Request: POST https://jeniya.cn/v1/chat/completions "HTTP/1.1 200 OK"
[2026-06-12 18:42:45,545] INFO - HTTP Request: POST https://jeniya.cn/v1/chat/completions "HTTP/1.1 200 OK"
[2026-06-12 18:42:46,314] INFO - HTTP Request: POST https://jeniya.cn/v1/chat/completions "HTTP/1.1 200 OK"
[2026-06-12 18:42:46,669] INFO - HTTP Request: POST https://jeniya.cn/v1/chat/completions "HTTP/1.1 200 OK"
[2026-06-12 18:42:47,953] INFO - HTTP Request: POST https://jeniya.cn/v1/chat/completions "HTTP/1.1 200 OK"
[2026-06-12 18:42:50,125] INFO - HTTP Request: POST https://jeniya.cn/v1/chat/completions "HTTP/1.1 200 OK"
[2026-06-12 18:42:53,184] INFO - HTTP Request: POST https://jeniya.cn/v1/chat/completions "HTTP/1.1 200 OK"
[2026-06-12 18:42:54,183] INFO - HTTP Request: POST https://jeniya.cn/v1/chat/completions "HTTP/1.1 200 OK"
[2026-06-12 18:42:56,906] INFO - HTTP Request: POST https://jeniya.cn/v1/chat/completions "HTTP/1.1 200 OK"
[2026-06-12 18:42:57,798] INFO - HTTP Request: POST https://jeniya.cn/v1/chat/completions "HTTP/1.1 200 OK"
[2026-06-12 18:43:00,724] INFO - HTTP Request: POST https://jeniya.cn/v1/chat/completions "HTTP/1.1 200 OK"
[2026-06-12 18:43:02,204] INFO - HTTP Request: POST https://jeniya.cn/v1/chat/completions "HTTP/1.1 200 OK"
[2026-06-12 18:43:05,234] INFO - HTTP Request: POST https://jeniya.cn/v1/chat/completions "HTTP/1.1 200 OK"
[2026-06-12 18:43:07,233] INFO - HTTP Request: POST https://jeniya.cn/v1/chat/completions "HTTP/1.1 200 OK"
[2026-06-12 18:43:08,712] INFO - HTTP Request: POST https://jeniya.cn/v1/chat/completions "HTTP/1.1 200 OK"
[2026-06-12 18:43:14,616] INFO - HTTP Request: POST https://jeniya.cn/v1/chat/completions "HTTP/1.1 200 OK"
[2026-06-12 18:43:16,856] INFO - HTTP Request: POST https://jeniya.cn/v1/chat/completions "HTTP/1.1 200 OK"
[2026-06-12 18:43:23,659] INFO - HTTP Request: POST https://jeniya.cn/v1/chat/completions "HTTP/1.1 200 OK"
[2026-06-12 18:43:24,276] INFO - HTTP Request: POST https://jeniya.cn/v1/chat/completions "HTTP/1.1 200 OK"
[2026-06-12 18:43:25,651] INFO - HTTP Request: POST https://jeniya.cn/v1/chat/completions "HTTP/1.1 200 OK"
[2026-06-12 18:43:30,386] INFO - HTTP Request: POST https://jeniya.cn/v1/chat/completions "HTTP/1.1 200 OK"
[2026-06-12 18:43:36,709] INFO - HTTP Request: POST https://jeniya.cn/v1/chat/completions "HTTP/1.1 200 OK"
[2026-06-12 18:43:39,494] INFO - HTTP Request: POST https://jeniya.cn/v1/chat/completions "HTTP/1.1 200 OK"
[2026-06-12 18:43:41,109] INFO - HTTP Request: POST https://jeniya.cn/v1/chat/completions "HTTP/1.1 200 OK"
[2026-06-12 18:43:44,692] INFO - HTTP Request: POST https://jeniya.cn/v1/chat/completions "HTTP/1.1 200 OK"
[2026-06-12 18:43:45,675] INFO - HTTP Request: POST https://jeniya.cn/v1/chat/completions "HTTP/1.1 200 OK"
[2026-06-12 18:43:46,679] INFO - Retrying request to /chat/completions in 0.436001 seconds
[2026-06-12 18:43:50,024] INFO - HTTP Request: POST https://jeniya.cn/v1/chat/completions "HTTP/1.1 200 OK"
[2026-06-12 18:43:52,146] INFO - HTTP Request: POST https://jeniya.cn/v1/chat/completions "HTTP/1.1 200 OK"
[2026-06-12 18:43:52,401] INFO - HTTP Request: POST https://jeniya.cn/v1/chat/completions "HTTP/1.1 200 OK"
[2026-06-12 18:43:55,577] INFO - HTTP Request: POST https://jeniya.cn/v1/chat/completions "HTTP/1.1 200 OK"
[2026-06-12 18:43:58,132] INFO - HTTP Request: POST https://jeniya.cn/v1/chat/completions "HTTP/1.1 200 OK"
[2026-06-12 18:43:58,152] INFO - HTTP Request: POST https://jeniya.cn/v1/chat/completions "HTTP/1.1 200 OK"
[2026-06-12 18:44:02,212] INFO - Retrying request to /chat/completions in 0.401466 seconds
[2026-06-12 18:44:05,232] INFO - HTTP Request: POST https://jeniya.cn/v1/chat/completions "HTTP/1.1 200 OK"
[2026-06-12 18:44:05,329] INFO - HTTP Request: POST https://jeniya.cn/v1/chat/completions "HTTP/1.1 200 OK"
[2026-06-12 18:44:05,389] INFO - HTTP Request: POST https://jeniya.cn/v1/chat/completions "HTTP/1.1 200 OK"
[2026-06-12 18:44:07,682] INFO - HTTP Request: POST https://jeniya.cn/v1/chat/completions "HTTP/1.1 200 OK"
[2026-06-12 18:44:09,421] INFO - HTTP Request: POST https://jeniya.cn/v1/chat/completions "HTTP/1.1 200 OK"
[2026-06-12 18:44:10,792] INFO - HTTP Request: POST https://jeniya.cn/v1/chat/completions "HTTP/1.1 200 OK"
[2026-06-12 18:44:15,942] INFO - HTTP Request: POST https://jeniya.cn/v1/chat/completions "HTTP/1.1 200 OK"
[2026-06-12 18:44:22,149] INFO - HTTP Request: POST https://jeniya.cn/v1/chat/completions "HTTP/1.1 200 OK"
[2026-06-12 18:44:25,097] INFO - HTTP Request: POST https://jeniya.cn/v1/chat/completions "HTTP/1.1 200 OK"
[2026-06-12 18:44:26,110] INFO - HTTP Request: POST https://jeniya.cn/v1/chat/completions "HTTP/1.1 200 OK"
[2026-06-12 18:44:27,810] INFO - HTTP Request: POST https://jeniya.cn/v1/chat/completions "HTTP/1.1 200 OK"
[2026-06-12 18:44:27,820] INFO - HTTP Request: POST https://jeniya.cn/v1/chat/completions "HTTP/1.1 200 OK"
[2026-06-12 18:44:30,671] INFO - HTTP Request: POST https://jeniya.cn/v1/chat/completions "HTTP/1.1 200 OK"
[2026-06-12 18:44:34,061] INFO - HTTP Request: POST https://jeniya.cn/v1/chat/completions "HTTP/1.1 200 OK"
[2026-06-12 18:44:34,482] INFO - HTTP Request: POST https://jeniya.cn/v1/chat/completions "HTTP/1.1 200 OK"
[2026-06-12 18:44:39,877] INFO - HTTP Request: POST https://jeniya.cn/v1/chat/completions "HTTP/1.1 200 OK"
[2026-06-12 18:44:41,781] INFO - HTTP Request: POST https://jeniya.cn/v1/chat/completions "HTTP/1.1 200 OK"
[2026-06-12 18:44:42,778] INFO - HTTP Request: POST https://jeniya.cn/v1/chat/completions "HTTP/1.1 200 OK"
[2026-06-12 18:44:47,119] INFO - HTTP Request: POST https://jeniya.cn/v1/chat/completions "HTTP/1.1 200 OK"
[2026-06-12 18:44:49,744] INFO - HTTP Request: POST https://jeniya.cn/v1/chat/completions "HTTP/1.1 200 OK"
[2026-06-12 18:44:50,027] INFO - Retrying request to /chat/completions in 0.439359 seconds
[2026-06-12 18:44:50,088] INFO - HTTP Request: POST https://jeniya.cn/v1/chat/completions "HTTP/1.1 200 OK"
[2026-06-12 18:45:00,253] INFO - HTTP Request: POST https://jeniya.cn/v1/chat/completions "HTTP/1.1 200 OK"
[2026-06-12 18:45:01,472] INFO - HTTP Request: POST https://jeniya.cn/v1/chat/completions "HTTP/1.1 200 OK"
[2026-06-12 18:45:02,804] INFO - HTTP Request: POST https://jeniya.cn/v1/chat/completions "HTTP/1.1 200 OK"
[2026-06-12 18:45:03,314] INFO - HTTP Request: POST https://jeniya.cn/v1/chat/completions "HTTP/1.1 200 OK"
[2026-06-12 18:45:05,305] INFO - HTTP Request: POST https://jeniya.cn/v1/chat/completions "HTTP/1.1 200 OK"
[2026-06-12 18:45:06,721] INFO - HTTP Request: POST https://jeniya.cn/v1/chat/completions "HTTP/1.1 200 OK"
[2026-06-12 18:45:09,285] INFO - HTTP Request: POST https://jeniya.cn/v1/chat/completions "HTTP/1.1 200 OK"
[2026-06-12 18:45:13,398] INFO - HTTP Request: POST https://jeniya.cn/v1/chat/completions "HTTP/1.1 200 OK"
[2026-06-12 18:45:13,405] INFO - HTTP Request: POST https://jeniya.cn/v1/chat/completions "HTTP/1.1 200 OK"
[2026-06-12 18:45:13,972] INFO - HTTP Request: POST https://jeniya.cn/v1/chat/completions "HTTP/1.1 200 OK"
[2026-06-12 18:45:14,625] INFO - HTTP Request: POST https://jeniya.cn/v1/chat/completions "HTTP/1.1 200 OK"
[2026-06-12 18:45:17,212] INFO - HTTP Request: POST https://jeniya.cn/v1/chat/completions "HTTP/1.1 200 OK"
[2026-06-12 18:45:17,941] INFO - HTTP Request: POST https://jeniya.cn/v1/chat/completions "HTTP/1.1 200 OK"
[2026-06-12 18:45:20,756] INFO - HTTP Request: POST https://jeniya.cn/v1/chat/completions "HTTP/1.1 200 OK"
[2026-06-12 18:45:27,750] INFO - HTTP Request: POST https://jeniya.cn/v1/chat/completions "HTTP/1.1 200 OK"
[2026-06-12 18:45:31,766] INFO - HTTP Request: POST https://jeniya.cn/v1/chat/completions "HTTP/1.1 200 OK"
[2026-06-12 18:45:34,059] INFO - Retrying request to /chat/completions in 0.446926 seconds
[2026-06-12 18:45:35,366] INFO - HTTP Request: POST https://jeniya.cn/v1/chat/completions "HTTP/1.1 200 OK"
[2026-06-12 18:45:40,621] INFO - HTTP Request: POST https://jeniya.cn/v1/chat/completions "HTTP/1.1 200 OK"
[2026-06-12 18:45:42,034] INFO - HTTP Request: POST https://jeniya.cn/v1/chat/completions "HTTP/1.1 200 OK"
[2026-06-12 18:45:46,872] INFO - HTTP Request: POST https://jeniya.cn/v1/chat/completions "HTTP/1.1 200 OK"
[2026-06-12 18:45:49,245] INFO - HTTP Request: POST https://jeniya.cn/v1/chat/completions "HTTP/1.1 200 OK"
[2026-06-12 18:45:50,129] INFO - HTTP Request: POST https://jeniya.cn/v1/chat/completions "HTTP/1.1 200 OK"
[2026-06-12 18:45:51,040] INFO - Retrying request to /chat/completions in 0.935884 seconds
[2026-06-12 18:45:58,422] INFO - HTTP Request: POST https://jeniya.cn/v1/chat/completions "HTTP/1.1 200 OK"
[2026-06-12 18:46:02,776] INFO - HTTP Request: POST https://jeniya.cn/v1/chat/completions "HTTP/1.1 200 OK"
[2026-06-12 18:46:03,984] INFO - HTTP Request: POST https://jeniya.cn/v1/chat/completions "HTTP/1.1 200 OK"
[2026-06-12 18:46:13,394] INFO - HTTP Request: POST https://jeniya.cn/v1/chat/completions "HTTP/1.1 200 OK"
[2026-06-12 18:46:17,211] INFO - Retrying request to /chat/completions in 0.495569 seconds
[2026-06-12 18:46:18,580] INFO - HTTP Request: POST https://jeniya.cn/v1/chat/completions "HTTP/1.1 200 OK"
[2026-06-12 18:46:26,283] INFO - HTTP Request: POST https://jeniya.cn/v1/chat/completions "HTTP/1.1 200 OK"
[2026-06-12 18:46:26,712] INFO - HTTP Request: POST https://jeniya.cn/v1/chat/completions "HTTP/1.1 200 OK"
[2026-06-12 18:46:31,519] INFO - HTTP Request: POST https://jeniya.cn/v1/chat/completions "HTTP/1.1 200 OK"
[2026-06-12 18:46:32,108] INFO - HTTP Request: POST https://jeniya.cn/v1/chat/completions "HTTP/1.1 200 OK"
[2026-06-12 18:46:40,631] INFO - Retrying request to /chat/completions in 0.475171 seconds
[2026-06-12 18:46:48,165] INFO - HTTP Request: POST https://jeniya.cn/v1/chat/completions "HTTP/1.1 200 OK"
[2026-06-12 18:46:50,232] INFO - HTTP Request: POST https://jeniya.cn/v1/chat/completions "HTTP/1.1 200 OK"
[2026-06-12 18:46:50,492] INFO - HTTP Request: POST https://jeniya.cn/v1/chat/completions "HTTP/1.1 200 OK"
[2026-06-12 18:46:52,044] INFO - HTTP Request: POST https://jeniya.cn/v1/chat/completions "HTTP/1.1 200 OK"
[2026-06-12 18:46:52,261] INFO - HTTP Request: POST https://jeniya.cn/v1/chat/completions "HTTP/1.1 200 OK"
[2026-06-12 18:46:56,367] INFO - HTTP Request: POST https://jeniya.cn/v1/chat/completions "HTTP/1.1 200 OK"
[2026-06-12 18:46:58,435] INFO - Retrying request to /chat/completions in 0.460175 seconds
[2026-06-12 18:47:06,633] INFO - HTTP Request: POST https://jeniya.cn/v1/chat/completions "HTTP/1.1 200 OK"
[2026-06-12 18:47:08,552] INFO - HTTP Request: POST https://jeniya.cn/v1/chat/completions "HTTP/1.1 200 OK"
[2026-06-12 18:47:08,790] INFO - HTTP Request: POST https://jeniya.cn/v1/chat/completions "HTTP/1.1 200 OK"
[2026-06-12 18:47:13,225] INFO - HTTP Request: POST https://jeniya.cn/v1/chat/completions "HTTP/1.1 200 OK"
[2026-06-12 18:47:13,467] INFO - HTTP Request: POST https://jeniya.cn/v1/chat/completions "HTTP/1.1 200 OK"
[2026-06-12 18:47:18,566] INFO - HTTP Request: POST https://jeniya.cn/v1/chat/completions "HTTP/1.1 200 OK"
[2026-06-12 18:47:18,613] INFO - HTTP Request: POST https://jeniya.cn/v1/chat/completions "HTTP/1.1 200 OK"
[2026-06-12 18:47:21,212] INFO - HTTP Request: POST https://jeniya.cn/v1/chat/completions "HTTP/1.1 200 OK"
[2026-06-12 18:47:23,227] INFO - HTTP Request: POST https://jeniya.cn/v1/chat/completions "HTTP/1.1 200 OK"
[2026-06-12 18:47:26,750] INFO - HTTP Request: POST https://jeniya.cn/v1/chat/completions "HTTP/1.1 200 OK"
[2026-06-12 18:47:33,637] INFO - HTTP Request: POST https://jeniya.cn/v1/chat/completions "HTTP/1.1 200 OK"
[2026-06-12 18:47:34,099] INFO - HTTP Request: POST https://jeniya.cn/v1/chat/completions "HTTP/1.1 200 OK"
[2026-06-12 18:47:34,669] INFO - HTTP Request: POST https://jeniya.cn/v1/chat/completions "HTTP/1.1 200 OK"
[2026-06-12 18:47:37,797] INFO - HTTP Request: POST https://jeniya.cn/v1/chat/completions "HTTP/1.1 200 OK"
[2026-06-12 18:47:38,689] INFO - HTTP Request: POST https://jeniya.cn/v1/chat/completions "HTTP/1.1 200 OK"
[2026-06-12 18:47:41,692] INFO - Retrying request to /chat/completions in 0.850543 seconds
[2026-06-12 18:47:42,030] INFO - HTTP Request: POST https://jeniya.cn/v1/chat/completions "HTTP/1.1 200 OK"
[2026-06-12 18:47:43,289] INFO - HTTP Request: POST https://jeniya.cn/v1/chat/completions "HTTP/1.1 200 OK"
[2026-06-12 18:47:43,833] INFO - HTTP Request: POST https://jeniya.cn/v1/chat/completions "HTTP/1.1 200 OK"
[2026-06-12 18:47:48,175] INFO - Retrying request to /chat/completions in 0.422883 seconds
[2026-06-12 18:47:51,884] INFO - HTTP Request: POST https://jeniya.cn/v1/chat/completions "HTTP/1.1 200 OK"
[2026-06-12 18:47:56,090] INFO - HTTP Request: POST https://jeniya.cn/v1/chat/completions "HTTP/1.1 200 OK"
[2026-06-12 18:47:59,621] INFO - HTTP Request: POST https://jeniya.cn/v1/chat/completions "HTTP/1.1 200 OK"
[2026-06-12 18:48:02,094] INFO - HTTP Request: POST https://jeniya.cn/v1/chat/completions "HTTP/1.1 200 OK"
[2026-06-12 18:48:03,358] INFO - HTTP Request: POST https://jeniya.cn/v1/chat/completions "HTTP/1.1 200 OK"
[2026-06-12 18:48:30,802] INFO - HTTP Request: POST https://jeniya.cn/v1/chat/completions "HTTP/1.1 200 OK"
[2026-06-12 18:48:39,652] INFO - HTTP Request: POST https://jeniya.cn/v1/chat/completions "HTTP/1.1 200 OK"
[2026-06-12 22:18:16,928] INFO - Config loaded from D:\code\Subtitle-Translation-Tools\config.json
[2026-06-12 22:18:30,797] INFO - 启动网页服务: http://127.0.0.1:8000
[2026-06-12 22:18:38,196] INFO - Config loaded from D:\code\Subtitle-Translation-Tools\config.json
[2026-06-12 22:18:43,908] INFO - Config loaded from D:\code\Subtitle-Translation-Tools\config.json
[2026-06-12 22:19:09,863] INFO - Config loaded from D:\code\Subtitle-Translation-Tools\config.json
[2026-06-12 22:19:12,762] INFO - HTTP Request: POST https://jeniya.cn/v1/chat/completions "HTTP/1.1 200 OK"
[2026-06-12 22:19:12,766] INFO - 剧情背景分析完成（3343 字）:
**《剧情背景档案》**

【作品类型】
本片为典型的“时间停止”题材剧情向AV，融合了强烈的乱伦（母、姐、祖母）、内衣恋物、家族集体侵犯、隐秘 impregnation（受孕）等要素。整体基调是“在绝对不会被发现的安全环境下对最亲近的女性进行彻底亵玩”的黑暗系爽片，叙事结构采用“遗物开启→逐步解锁每位女性→最终集体受孕→爷爷转世”的线性推进模式。前半段以主角自言自语的独白与实验性玩弄为主，中段进入对每位家庭成员的“个别攻略”，后段转向多人浴室与集体性交，并以“让爷爷转世”为名义将乱伦行为正当化，属于剧情服务于性戏的典型时间停止系作品。全片几乎没有真实意义上的抵抗或剧情冲突，所有女性在时间停止状态下均处于“被动的肉便器”状态，强调“绝对支配感”与“家族禁忌的彻底践踏”。

【场景分割】
场景1（0%～12%）：老旧日式住宅客厅｜主角（孙子/哥哥）单独｜发现爷爷遗物与“时间停止手表”，通过信件了解手表用法，首次实验性停止时间并对姐姐与奶奶的内衣进行嗅闻、穿着、射精等恋物行为。对白基调为自言自语+兴奋独白，带有强烈的“终于能为所欲为”的解放感。

场景2（12%～28%）：同一住宅内多个房间（客厅→母亲卧室）｜主角单独 vs 静止的妈妈｜主角对妈妈的塑身内衣、胸部、嘴唇进行深入玩弄，首次舌吻、指交、在内衣上射精，并用手表“解除”后观察反应。基调为前戏+本番前独白，主角情绪从紧张到彻底沉浸，呻吟与自言自语大幅增加。

场景3（28%～45%）：厨房与洗漱台｜主角 vs 静止的姐姐（さとみ）｜早餐场景中停止时间，对姐姐进行“牙刷play”（用舌头清理口腔、牙刷插入、颜射、用精液刷牙），随后解除时间观察其无意识反应。基调为日常对话突然转为极端变态的调教独白，强调“把日常空间变成性玩具”的反差感。

场景4（45%～58%）：姐姐房间与客厅｜主角 vs 静止的姐姐｜对正在化妆的姐姐进行卸妆、拍摄耻辱照片、在其脸上射精、掀裙内射等行为，并用照片威胁（实际不会被发现）。基调为调情挑逗转为彻底的凌辱式独白，主角开始享受“把端庄姐姐变成淫乱肉便器”的优越感。

场景5（58%～68%）：客厅与奶奶房间｜主角 vs 静止的奶奶｜对奶奶进行胸部玩弄、乳交、颜射，感叹其意外丰满的身材。基调为惊讶+兴奋的独白，主角首次对“年长肉体”产生强烈兴趣。

场景6（68%～82%）：厨房｜主角 vs 静止的妈妈｜经典“裸体围裙”场景，对妈妈进行全身舔舐、口交、站立位性交、内射。基调为极度兴奋的赞叹与本番呻吟为主，对白大幅减少，沉浸感最强的一段。

场景7（82%～90%）：家庭浴室｜主角 vs 静止的妈妈、姐姐、奶奶（多人）｜成功让全家女性一起洗澡，对三人的胸部、阴部进行轮流玩弄、乳交、指交、多人胸部夹击。基调为“终于集齐后宫”的极度兴奋独白，呻吟与喘息占主导。

场景8（90%～97%）：客厅与厨房｜主角 vs 全家女性｜最终阶段，使用混入“受孕药物”的牛奶让女性饮用，随后对妈妈、姐姐、奶奶依次进行中出，明确以“让爷爷转世”为目的进行集体受孕行为。基调从本番高潮转为事后独白与反转揭示。

场景9（97%～100%）：住宅全景总结｜主角单独旁白｜全家女性事后出现妊娠反应，主角意识到“成功让她们全部怀孕”，以满足爷爷遗愿收尾。对白基调为满足后的自言自语与轻微的后日谈。

【人物档案】
- 主角（孙子/哥哥，台词中自称“聪”“悟空”“哥哥”“孙子”）：身份为家中唯一年轻男性，爷爷的孙子。性格极度好色、胆大心细、恋母恋姐，同时带有轻微恋物癖与支配欲。说话习惯是大量自言自语，兴奋时会重复“啊～～”“太厉害了”“超舒服”，常用“反正时间停着所以没问题吧”来自我合理化。口头禅包括“停下！”“解除”“时间停了啊”“爷爷好厉害”。对家庭成员的称呼固定为“妈妈”“姐姐”“奶奶”，极少直呼名字，带有强烈独占欲。

- 妈妈：家中核心主妇，身材最丰满，性格温柔贤惠。被主角视为“最喜欢的人”，几乎所有高潮场景都留到最后。主角对其称呼始终是“妈妈”“最爱的妈妈”，语气充满恋慕与淫靡。

- 姐姐（さとみ/Satomi，台词中也被称为“姐姐”“聪”）：年龄最接近主角的成熟女性，平时较为强势、爱美、注重形象（化妆、LINE）。主角对其称呼为“姐姐”，玩弄时常带有“把端庄姐姐弄脏”的施虐快感。姐姐在时间停止前后的台词显示其性格较为活泼但略带毒舌。

- 奶奶：已故爷爷的妻子，身材意外地丰满（巨乳、不下垂），性格在正常时间线里较为慈祥。主角最初对其抱有“皱巴巴的老太婆”偏见，但在实际接触后极度沉迷，称呼固定为“奶奶”，常说“没想到奶奶这么厉害”“比妈妈还舒服”等惊叹句。

- 爷爷（已故，仅通过手表与信件影响剧情）：真正幕后黑手，性格变态、好色、执着于血脉延续。给孙子留下手表并暗示“让家族女性怀孕让我转世”。主角对其称呼为“爷爷”，语气从最初的怀念逐渐变为“感谢爷爷”“爷爷最棒了”的共犯感。

彼此称呼关系：
主角对妈妈永远叫“妈妈”，对姐姐叫“姐姐”，对奶奶叫“奶奶”。女性之间正常称呼（妈妈叫姐姐为“聪”“さとみ”，叫奶奶为“妈妈”或“奶奶”）。爷爷只在信件和主角独白中被提及。

【语气与文体】
主角整体语气从开头的“拘谨尝试”→“兴奋颤抖”→“彻底沉浸的变态支配者”逐步升级。前期自言自语较多，带有紧张与道德顾虑（“希望不会遭报应”）；中期完全放开，语气变得粗俗且兴奋（大量“啊～～”“太厉害了”“超舒服”）；后期则带有哲学式的自洽（“这是为了让爷爷转世”）。呻吟与对白比例变化明显：0-30%以说明性对白为主，30%-85%呻吟与喘息逐渐压倒对白，85%以后几乎全是高潮呻吟与事后满足的低语。

女性角色在时间停止状态下无主动对白，所有声音均为时间停止前后的“残留对话”或主角幻想叠加。正常状态下的女性语气：妈妈温柔、姐姐活泼中带刺、奶奶慈祥。主角在对静止女性说话时，语气会从温柔（对妈妈）转为侮辱性（对姐姐）再转为惊叹（对奶奶），情绪随场景从“偷偷摸摸”到“理所当然地侵犯”再到“集体后宫”的完全堕落。

【统一用语表】
- 时间停止手表：统一称为“这个手表”“时间停止的手表”“爷爷的手表”，指令固定为“Stop”（停止）与“解除”（恢复）。
- 核心概念：“时间停着的时候做的事，全都不会被发现”“反正时间停着所以没问题吧”“爷爷的遗愿”“让爷爷转世”。
- 性行为相关：妈妈的阴道统一称“妈妈的那里”“妈妈里面”“最舒服的妈妈那里”；姐姐称“姐姐的里面”“紧绷感”；奶奶称“奶奶的皱巴巴的屄”“老太婆的下面”“奶奶的巨乳”。
- 内衣/服装：统一使用“塑身内衣”“茶叶袋（茶包，指内裤）”“裸体围裙”“白裤子”。
- 射精：统一用“射出来了”“在内衣上射了好多”“中出”“让它传到妈妈的心里去”。
- 怀孕相关：统一使用“99.9%确定怀孕了”“子宫热热的”“生理期没来”“我们不知不觉中都被入侵了”。

【易错提醒】
1. 人称指代极易混乱：主角经常在同一句台词中切换“妈妈”“姐姐”“奶奶”与“我”“哥哥”，润色时必须根据百分比位置判断当前正在侵犯的是谁。
2. 语气强度极难拿捏：很多“别说奇怪的话”“讨厌”“停下来吧”实际是时间停止前的正常家庭对话，并非真正抗拒，切勿误判为娇嗔或拒绝。
3. 采访段（实际为独白）与本番段容易混淆：主角大量自言自语听起来像旁白，但其实是正在进行中的行为描述，需根据百分比严格区分当前场景。
4. 前后呼应关键台词：“我把它留到最后了”（指把妈妈留在最后高潮），“最爱的妈妈是……”，“爷爷要我满足他的欲望”等，必须在全片保持一致的淫靡满足感。
5. “姐姐”有时指さとみ，有时可能混淆其他女性，需根据场景百分比（尤其是牙刷play与化妆play明确为姐姐）严格区分。
6. 后期“受孕药物”与“爷爷转世”剧情突然出现，润色时需保持从“单纯性欲”到“被爷爷操控的家族繁殖计划”的诡异转折感，不能当成单纯的H剧情处理。

本档案为后续逐句润色提供完整世界观、人物心理轨迹与场景定位，确保每句台词在全片脉络中情感与逻辑一致。
[2026-06-12 22:19:15,184] INFO - HTTP Request: POST https://jeniya.cn/v1/chat/completions "HTTP/1.1 200 OK"
[2026-06-12 22:19:16,246] INFO - HTTP Request: POST https://jeniya.cn/v1/chat/completions "HTTP/1.1 200 OK"
[2026-06-12 22:19:17,077] INFO - HTTP Request: POST https://jeniya.cn/v1/chat/completions "HTTP/1.1 200 OK"
[2026-06-12 22:19:19,091] INFO - HTTP Request: POST https://jeniya.cn/v1/chat/completions "HTTP/1.1 200 OK"
[2026-06-12 22:19:19,461] INFO - HTTP Request: POST https://jeniya.cn/v1/chat/completions "HTTP/1.1 200 OK"
[2026-06-12 22:19:20,934] INFO - HTTP Request: POST https://jeniya.cn/v1/chat/completions "HTTP/1.1 200 OK"
[2026-06-12 22:19:20,998] INFO - HTTP Request: POST https://jeniya.cn/v1/chat/completions "HTTP/1.1 200 OK"
[2026-06-12 22:19:21,718] INFO - HTTP Request: POST https://jeniya.cn/v1/chat/completions "HTTP/1.1 200 OK"
[2026-06-12 22:19:22,079] INFO - HTTP Request: POST https://jeniya.cn/v1/chat/completions "HTTP/1.1 200 OK"
[2026-06-12 22:19:23,189] INFO - HTTP Request: POST https://jeniya.cn/v1/chat/completions "HTTP/1.1 200 OK"
[2026-06-12 22:19:24,054] INFO - HTTP Request: POST https://jeniya.cn/v1/chat/completions "HTTP/1.1 200 OK"
[2026-06-12 22:19:24,583] INFO - HTTP Request: POST https://jeniya.cn/v1/chat/completions "HTTP/1.1 200 OK"
[2026-06-12 22:19:25,903] INFO - HTTP Request: POST https://jeniya.cn/v1/chat/completions "HTTP/1.1 200 OK"
[2026-06-12 22:19:26,720] INFO - HTTP Request: POST https://jeniya.cn/v1/chat/completions "HTTP/1.1 200 OK"
[2026-06-12 22:19:27,411] INFO - HTTP Request: POST https://jeniya.cn/v1/chat/completions "HTTP/1.1 200 OK"
[2026-06-12 22:19:27,727] INFO - HTTP Request: POST https://jeniya.cn/v1/chat/completions "HTTP/1.1 200 OK"
[2026-06-12 22:19:28,432] INFO - HTTP Request: POST https://jeniya.cn/v1/chat/completions "HTTP/1.1 200 OK"
[2026-06-12 22:19:28,831] INFO - HTTP Request: POST https://jeniya.cn/v1/chat/completions "HTTP/1.1 200 OK"
[2026-06-12 22:19:28,998] INFO - HTTP Request: POST https://jeniya.cn/v1/chat/completions "HTTP/1.1 200 OK"
[2026-06-12 22:19:30,825] INFO - HTTP Request: POST https://jeniya.cn/v1/chat/completions "HTTP/1.1 200 OK"
[2026-06-12 22:19:30,972] INFO - HTTP Request: POST https://jeniya.cn/v1/chat/completions "HTTP/1.1 200 OK"
[2026-06-12 22:19:33,164] INFO - HTTP Request: POST https://jeniya.cn/v1/chat/completions "HTTP/1.1 200 OK"
[2026-06-12 22:19:34,876] INFO - HTTP Request: POST https://jeniya.cn/v1/chat/completions "HTTP/1.1 200 OK"
[2026-06-12 22:19:35,125] INFO - HTTP Request: POST https://jeniya.cn/v1/chat/completions "HTTP/1.1 200 OK"
[2026-06-12 22:19:35,791] INFO - HTTP Request: POST https://jeniya.cn/v1/chat/completions "HTTP/1.1 200 OK"
[2026-06-12 22:19:36,941] INFO - HTTP Request: POST https://jeniya.cn/v1/chat/completions "HTTP/1.1 200 OK"
[2026-06-12 22:19:38,453] INFO - HTTP Request: POST https://jeniya.cn/v1/chat/completions "HTTP/1.1 200 OK"
[2026-06-12 22:19:39,143] INFO - HTTP Request: POST https://jeniya.cn/v1/chat/completions "HTTP/1.1 200 OK"
[2026-06-12 22:19:39,731] INFO - HTTP Request: POST https://jeniya.cn/v1/chat/completions "HTTP/1.1 200 OK"
[2026-06-12 22:19:40,326] INFO - HTTP Request: POST https://jeniya.cn/v1/chat/completions "HTTP/1.1 200 OK"
[2026-06-12 22:19:41,017] INFO - HTTP Request: POST https://jeniya.cn/v1/chat/completions "HTTP/1.1 200 OK"
[2026-06-12 22:19:42,118] INFO - HTTP Request: POST https://jeniya.cn/v1/chat/completions "HTTP/1.1 200 OK"
[2026-06-12 22:19:44,329] INFO - HTTP Request: POST https://jeniya.cn/v1/chat/completions "HTTP/1.1 200 OK"
[2026-06-12 22:19:46,331] INFO - HTTP Request: POST https://jeniya.cn/v1/chat/completions "HTTP/1.1 200 OK"
[2026-06-12 22:19:46,896] INFO - HTTP Request: POST https://jeniya.cn/v1/chat/completions "HTTP/1.1 200 OK"
[2026-06-12 22:19:47,445] INFO - HTTP Request: POST https://jeniya.cn/v1/chat/completions "HTTP/1.1 200 OK"
[2026-06-12 22:19:48,075] INFO - HTTP Request: POST https://jeniya.cn/v1/chat/completions "HTTP/1.1 200 OK"
[2026-06-12 22:19:48,573] INFO - HTTP Request: POST https://jeniya.cn/v1/chat/completions "HTTP/1.1 200 OK"
[2026-06-12 22:19:49,537] INFO - HTTP Request: POST https://jeniya.cn/v1/chat/completions "HTTP/1.1 200 OK"
[2026-06-12 22:19:50,465] INFO - HTTP Request: POST https://jeniya.cn/v1/chat/completions "HTTP/1.1 200 OK"
[2026-06-12 22:19:51,455] INFO - HTTP Request: POST https://jeniya.cn/v1/chat/completions "HTTP/1.1 200 OK"
[2026-06-12 22:19:55,678] INFO - HTTP Request: POST https://jeniya.cn/v1/chat/completions "HTTP/1.1 200 OK"
[2026-06-12 22:19:55,684] INFO - HTTP Request: POST https://jeniya.cn/v1/chat/completions "HTTP/1.1 200 OK"
[2026-06-12 22:19:59,063] INFO - HTTP Request: POST https://jeniya.cn/v1/chat/completions "HTTP/1.1 200 OK"
[2026-06-12 22:19:59,794] INFO - HTTP Request: POST https://jeniya.cn/v1/chat/completions "HTTP/1.1 200 OK"
[2026-06-12 22:20:02,611] INFO - HTTP Request: POST https://jeniya.cn/v1/chat/completions "HTTP/1.1 200 OK"
[2026-06-12 22:20:02,749] INFO - HTTP Request: POST https://jeniya.cn/v1/chat/completions "HTTP/1.1 200 OK"
[2026-06-12 22:20:08,509] INFO - HTTP Request: POST https://jeniya.cn/v1/chat/completions "HTTP/1.1 200 OK"
[2026-06-12 22:20:08,694] INFO - HTTP Request: POST https://jeniya.cn/v1/chat/completions "HTTP/1.1 200 OK"
[2026-06-12 22:20:10,510] INFO - HTTP Request: POST https://jeniya.cn/v1/chat/completions "HTTP/1.1 200 OK"
[2026-06-12 22:20:11,324] INFO - HTTP Request: POST https://jeniya.cn/v1/chat/completions "HTTP/1.1 200 OK"
[2026-06-12 22:20:12,548] INFO - HTTP Request: POST https://jeniya.cn/v1/chat/completions "HTTP/1.1 200 OK"
[2026-06-12 22:20:13,730] INFO - HTTP Request: POST https://jeniya.cn/v1/chat/completions "HTTP/1.1 200 OK"
[2026-06-12 22:20:14,527] INFO - HTTP Request: POST https://jeniya.cn/v1/chat/completions "HTTP/1.1 200 OK"
[2026-06-12 22:20:15,552] INFO - HTTP Request: POST https://jeniya.cn/v1/chat/completions "HTTP/1.1 200 OK"
[2026-06-12 22:20:16,589] INFO - HTTP Request: POST https://jeniya.cn/v1/chat/completions "HTTP/1.1 200 OK"
[2026-06-12 22:20:17,296] INFO - HTTP Request: POST https://jeniya.cn/v1/chat/completions "HTTP/1.1 200 OK"
[2026-06-12 22:20:17,364] INFO - HTTP Request: POST https://jeniya.cn/v1/chat/completions "HTTP/1.1 200 OK"
[2026-06-12 22:20:18,362] INFO - HTTP Request: POST https://jeniya.cn/v1/chat/completions "HTTP/1.1 200 OK"
[2026-06-12 22:20:18,608] INFO - HTTP Request: POST https://jeniya.cn/v1/chat/completions "HTTP/1.1 200 OK"
[2026-06-12 22:20:18,725] INFO - HTTP Request: POST https://jeniya.cn/v1/chat/completions "HTTP/1.1 200 OK"
[2026-06-12 22:20:20,300] INFO - HTTP Request: POST https://jeniya.cn/v1/chat/completions "HTTP/1.1 200 OK"
[2026-06-12 22:20:21,015] INFO - HTTP Request: POST https://jeniya.cn/v1/chat/completions "HTTP/1.1 200 OK"
[2026-06-12 22:20:21,575] INFO - HTTP Request: POST https://jeniya.cn/v1/chat/completions "HTTP/1.1 200 OK"
[2026-06-12 22:20:23,664] INFO - HTTP Request: POST https://jeniya.cn/v1/chat/completions "HTTP/1.1 200 OK"
[2026-06-12 22:20:23,729] INFO - HTTP Request: POST https://jeniya.cn/v1/chat/completions "HTTP/1.1 200 OK"
[2026-06-12 22:20:25,517] INFO - HTTP Request: POST https://jeniya.cn/v1/chat/completions "HTTP/1.1 200 OK"
[2026-06-12 22:20:26,085] INFO - HTTP Request: POST https://jeniya.cn/v1/chat/completions "HTTP/1.1 200 OK"
[2026-06-12 22:20:27,741] INFO - Retrying request to /chat/completions in 0.488028 seconds
[2026-06-12 22:20:28,660] INFO - HTTP Request: POST https://jeniya.cn/v1/chat/completions "HTTP/1.1 200 OK"
[2026-06-12 22:20:28,838] INFO - Retrying request to /chat/completions in 0.464825 seconds
[2026-06-12 22:20:29,236] INFO - HTTP Request: POST https://jeniya.cn/v1/chat/completions "HTTP/1.1 200 OK"
[2026-06-12 22:20:30,988] INFO - Retrying request to /chat/completions in 0.482673 seconds
[2026-06-12 22:20:31,057] INFO - HTTP Request: POST https://jeniya.cn/v1/chat/completions "HTTP/1.1 200 OK"
[2026-06-12 22:20:32,113] INFO - HTTP Request: POST https://jeniya.cn/v1/chat/completions "HTTP/1.1 200 OK"
[2026-06-12 22:20:32,141] INFO - HTTP Request: POST https://jeniya.cn/v1/chat/completions "HTTP/1.1 200 OK"
[2026-06-12 22:20:32,560] INFO - HTTP Request: POST https://jeniya.cn/v1/chat/completions "HTTP/1.1 200 OK"
[2026-06-12 22:20:32,777] INFO - HTTP Request: POST https://jeniya.cn/v1/chat/completions "HTTP/1.1 200 OK"
[2026-06-12 22:20:35,160] INFO - HTTP Request: POST https://jeniya.cn/v1/chat/completions "HTTP/1.1 200 OK"
[2026-06-12 22:20:37,084] INFO - HTTP Request: POST https://jeniya.cn/v1/chat/completions "HTTP/1.1 200 OK"
[2026-06-12 22:20:39,122] INFO - HTTP Request: POST https://jeniya.cn/v1/chat/completions "HTTP/1.1 200 OK"
[2026-06-12 22:20:39,884] INFO - HTTP Request: POST https://jeniya.cn/v1/chat/completions "HTTP/1.1 200 OK"
[2026-06-12 22:20:40,536] INFO - HTTP Request: POST https://jeniya.cn/v1/chat/completions "HTTP/1.1 200 OK"
[2026-06-12 22:20:40,678] INFO - HTTP Request: POST https://jeniya.cn/v1/chat/completions "HTTP/1.1 200 OK"
[2026-06-12 22:20:42,073] INFO - HTTP Request: POST https://jeniya.cn/v1/chat/completions "HTTP/1.1 200 OK"
[2026-06-12 22:20:43,862] INFO - HTTP Request: POST https://jeniya.cn/v1/chat/completions "HTTP/1.1 200 OK"
[2026-06-12 22:20:43,873] INFO - HTTP Request: POST https://jeniya.cn/v1/chat/completions "HTTP/1.1 200 OK"
[2026-06-12 22:20:44,425] INFO - HTTP Request: POST https://jeniya.cn/v1/chat/completions "HTTP/1.1 200 OK"
[2026-06-12 22:20:45,685] INFO - HTTP Request: POST https://jeniya.cn/v1/chat/completions "HTTP/1.1 200 OK"
[2026-06-12 22:20:45,840] INFO - HTTP Request: POST https://jeniya.cn/v1/chat/completions "HTTP/1.1 200 OK"
[2026-06-12 22:20:47,830] INFO - HTTP Request: POST https://jeniya.cn/v1/chat/completions "HTTP/1.1 200 OK"
[2026-06-12 22:20:50,023] INFO - HTTP Request: POST https://jeniya.cn/v1/chat/completions "HTTP/1.1 200 OK"
[2026-06-12 22:20:50,672] INFO - HTTP Request: POST https://jeniya.cn/v1/chat/completions "HTTP/1.1 200 OK"
[2026-06-12 22:20:51,104] INFO - HTTP Request: POST https://jeniya.cn/v1/chat/completions "HTTP/1.1 200 OK"
[2026-06-12 22:20:52,424] INFO - HTTP Request: POST https://jeniya.cn/v1/chat/completions "HTTP/1.1 200 OK"
[2026-06-12 22:20:52,804] INFO - HTTP Request: POST https://jeniya.cn/v1/chat/completions "HTTP/1.1 200 OK"
[2026-06-12 22:20:54,007] INFO - HTTP Request: POST https://jeniya.cn/v1/chat/completions "HTTP/1.1 200 OK"
[2026-06-12 22:20:54,920] INFO - HTTP Request: POST https://jeniya.cn/v1/chat/completions "HTTP/1.1 200 OK"
[2026-06-12 22:20:55,715] INFO - HTTP Request: POST https://jeniya.cn/v1/chat/completions "HTTP/1.1 200 OK"
[2026-06-12 22:20:56,689] INFO - HTTP Request: POST https://jeniya.cn/v1/chat/completions "HTTP/1.1 200 OK"
[2026-06-12 22:20:57,225] INFO - HTTP Request: POST https://jeniya.cn/v1/chat/completions "HTTP/1.1 200 OK"
[2026-06-12 22:20:59,036] INFO - HTTP Request: POST https://jeniya.cn/v1/chat/completions "HTTP/1.1 200 OK"
[2026-06-12 22:21:01,344] INFO - HTTP Request: POST https://jeniya.cn/v1/chat/completions "HTTP/1.1 200 OK"
[2026-06-12 22:21:01,479] INFO - HTTP Request: POST https://jeniya.cn/v1/chat/completions "HTTP/1.1 200 OK"
[2026-06-12 22:21:02,752] INFO - Retrying request to /chat/completions in 0.429827 seconds
[2026-06-12 22:21:02,889] INFO - HTTP Request: POST https://jeniya.cn/v1/chat/completions "HTTP/1.1 200 OK"
[2026-06-12 22:21:03,505] INFO - HTTP Request: POST https://jeniya.cn/v1/chat/completions "HTTP/1.1 200 OK"
[2026-06-12 22:21:05,904] INFO - HTTP Request: POST https://jeniya.cn/v1/chat/completions "HTTP/1.1 200 OK"
[2026-06-12 22:21:07,139] INFO - HTTP Request: POST https://jeniya.cn/v1/chat/completions "HTTP/1.1 200 OK"
[2026-06-12 22:21:07,333] INFO - HTTP Request: POST https://jeniya.cn/v1/chat/completions "HTTP/1.1 200 OK"
[2026-06-12 22:21:07,785] INFO - HTTP Request: POST https://jeniya.cn/v1/chat/completions "HTTP/1.1 200 OK"
[2026-06-12 22:21:09,588] INFO - HTTP Request: POST https://jeniya.cn/v1/chat/completions "HTTP/1.1 200 OK"
[2026-06-12 22:21:09,655] INFO - HTTP Request: POST https://jeniya.cn/v1/chat/completions "HTTP/1.1 200 OK"
[2026-06-12 22:21:10,558] INFO - HTTP Request: POST https://jeniya.cn/v1/chat/completions "HTTP/1.1 200 OK"
[2026-06-12 22:21:11,395] INFO - HTTP Request: POST https://jeniya.cn/v1/chat/completions "HTTP/1.1 200 OK"
[2026-06-12 22:21:11,423] INFO - HTTP Request: POST https://jeniya.cn/v1/chat/completions "HTTP/1.1 200 OK"
[2026-06-12 22:21:13,368] INFO - HTTP Request: POST https://jeniya.cn/v1/chat/completions "HTTP/1.1 200 OK"
[2026-06-12 22:21:13,382] INFO - HTTP Request: POST https://jeniya.cn/v1/chat/completions "HTTP/1.1 200 OK"
[2026-06-12 22:21:15,310] INFO - HTTP Request: POST https://jeniya.cn/v1/chat/completions "HTTP/1.1 200 OK"
[2026-06-12 22:21:15,339] INFO - HTTP Request: POST https://jeniya.cn/v1/chat/completions "HTTP/1.1 200 OK"
[2026-06-12 22:21:17,241] INFO - HTTP Request: POST https://jeniya.cn/v1/chat/completions "HTTP/1.1 200 OK"
[2026-06-12 22:21:19,089] INFO - HTTP Request: POST https://jeniya.cn/v1/chat/completions "HTTP/1.1 200 OK"
[2026-06-12 22:21:22,274] INFO - HTTP Request: POST https://jeniya.cn/v1/chat/completions "HTTP/1.1 200 OK"
[2026-06-12 22:21:22,467] INFO - HTTP Request: POST https://jeniya.cn/v1/chat/completions "HTTP/1.1 200 OK"
[2026-06-12 22:21:22,585] INFO - HTTP Request: POST https://jeniya.cn/v1/chat/completions "HTTP/1.1 200 OK"
[2026-06-12 22:21:24,514] INFO - HTTP Request: POST https://jeniya.cn/v1/chat/completions "HTTP/1.1 200 OK"
[2026-06-12 22:21:25,435] INFO - HTTP Request: POST https://jeniya.cn/v1/chat/completions "HTTP/1.1 200 OK"
[2026-06-12 22:21:25,526] INFO - Retrying request to /chat/completions in 0.437930 seconds
[2026-06-12 22:21:26,406] INFO - HTTP Request: POST https://jeniya.cn/v1/chat/completions "HTTP/1.1 200 OK"
[2026-06-12 22:21:28,362] INFO - HTTP Request: POST https://jeniya.cn/v1/chat/completions "HTTP/1.1 200 OK"
[2026-06-12 22:21:28,736] INFO - HTTP Request: POST https://jeniya.cn/v1/chat/completions "HTTP/1.1 200 OK"
[2026-06-12 22:21:33,660] INFO - HTTP Request: POST https://jeniya.cn/v1/chat/completions "HTTP/1.1 200 OK"
[2026-06-12 22:21:35,808] INFO - HTTP Request: POST https://jeniya.cn/v1/chat/completions "HTTP/1.1 200 OK"
[2026-06-12 22:21:37,641] INFO - HTTP Request: POST https://jeniya.cn/v1/chat/completions "HTTP/1.1 200 OK"
[2026-06-12 22:21:37,725] INFO - HTTP Request: POST https://jeniya.cn/v1/chat/completions "HTTP/1.1 200 OK"
[2026-06-12 22:21:39,136] INFO - Retrying request to /chat/completions in 0.484603 seconds
[2026-06-12 22:21:40,684] INFO - Retrying request to /chat/completions in 0.408659 seconds
[2026-06-12 22:21:42,074] INFO - HTTP Request: POST https://jeniya.cn/v1/chat/completions "HTTP/1.1 200 OK"
[2026-06-12 22:21:44,930] INFO - HTTP Request: POST https://jeniya.cn/v1/chat/completions "HTTP/1.1 200 OK"
[2026-06-12 22:21:45,345] INFO - HTTP Request: POST https://jeniya.cn/v1/chat/completions "HTTP/1.1 200 OK"
[2026-06-12 22:21:46,939] INFO - HTTP Request: POST https://jeniya.cn/v1/chat/completions "HTTP/1.1 200 OK"
[2026-06-12 22:21:47,322] INFO - HTTP Request: POST https://jeniya.cn/v1/chat/completions "HTTP/1.1 200 OK"
[2026-06-12 22:21:47,496] INFO - HTTP Request: POST https://jeniya.cn/v1/chat/completions "HTTP/1.1 200 OK"
[2026-06-12 22:21:51,893] INFO - HTTP Request: POST https://jeniya.cn/v1/chat/completions "HTTP/1.1 200 OK"
[2026-06-12 22:21:53,549] INFO - HTTP Request: POST https://jeniya.cn/v1/chat/completions "HTTP/1.1 200 OK"
[2026-06-12 22:21:55,996] INFO - HTTP Request: POST https://jeniya.cn/v1/chat/completions "HTTP/1.1 200 OK"
[2026-06-12 22:21:56,489] INFO - HTTP Request: POST https://jeniya.cn/v1/chat/completions "HTTP/1.1 200 OK"
[2026-06-12 22:21:57,142] INFO - HTTP Request: POST https://jeniya.cn/v1/chat/completions "HTTP/1.1 200 OK"
[2026-06-12 22:22:01,023] INFO - HTTP Request: POST https://jeniya.cn/v1/chat/completions "HTTP/1.1 200 OK"
[2026-06-12 22:22:01,357] INFO - Retrying request to /chat/completions in 0.448362 seconds
[2026-06-12 22:22:01,697] INFO - HTTP Request: POST https://jeniya.cn/v1/chat/completions "HTTP/1.1 200 OK"
[2026-06-12 22:22:01,819] INFO - HTTP Request: POST https://jeniya.cn/v1/chat/completions "HTTP/1.1 200 OK"
[2026-06-12 22:22:06,774] INFO - HTTP Request: POST https://jeniya.cn/v1/chat/completions "HTTP/1.1 200 OK"
[2026-06-12 22:22:07,405] INFO - HTTP Request: POST https://jeniya.cn/v1/chat/completions "HTTP/1.1 200 OK"
[2026-06-12 22:22:09,506] INFO - HTTP Request: POST https://jeniya.cn/v1/chat/completions "HTTP/1.1 200 OK"
[2026-06-12 22:22:10,152] INFO - HTTP Request: POST https://jeniya.cn/v1/chat/completions "HTTP/1.1 200 OK"
[2026-06-12 22:22:10,502] INFO - HTTP Request: POST https://jeniya.cn/v1/chat/completions "HTTP/1.1 200 OK"
[2026-06-12 22:22:10,574] INFO - Retrying request to /chat/completions in 0.433928 seconds
[2026-06-12 22:22:11,312] INFO - HTTP Request: POST https://jeniya.cn/v1/chat/completions "HTTP/1.1 200 OK"
[2026-06-12 22:22:11,408] INFO - Retrying request to /chat/completions in 0.396319 seconds
[2026-06-12 22:22:12,196] INFO - HTTP Request: POST https://jeniya.cn/v1/chat/completions "HTTP/1.1 200 OK"
[2026-06-12 22:22:13,346] INFO - HTTP Request: POST https://jeniya.cn/v1/chat/completions "HTTP/1.1 200 OK"
[2026-06-12 22:22:13,695] INFO - HTTP Request: POST https://jeniya.cn/v1/chat/completions "HTTP/1.1 200 OK"
[2026-06-12 22:22:14,364] INFO - HTTP Request: POST https://jeniya.cn/v1/chat/completions "HTTP/1.1 200 OK"
[2026-06-12 22:22:14,946] INFO - HTTP Request: POST https://jeniya.cn/v1/chat/completions "HTTP/1.1 200 OK"
[2026-06-12 22:22:16,328] INFO - HTTP Request: POST https://jeniya.cn/v1/chat/completions "HTTP/1.1 200 OK"
[2026-06-12 22:22:16,438] INFO - HTTP Request: POST https://jeniya.cn/v1/chat/completions "HTTP/1.1 200 OK"
[2026-06-12 22:22:22,889] INFO - HTTP Request: POST https://jeniya.cn/v1/chat/completions "HTTP/1.1 200 OK"
[2026-06-12 22:22:22,999] INFO - HTTP Request: POST https://jeniya.cn/v1/chat/completions "HTTP/1.1 200 OK"
[2026-06-12 22:22:23,691] INFO - HTTP Request: POST https://jeniya.cn/v1/chat/completions "HTTP/1.1 200 OK"
[2026-06-12 22:22:24,653] INFO - HTTP Request: POST https://jeniya.cn/v1/chat/completions "HTTP/1.1 200 OK"
[2026-06-12 22:22:25,919] INFO - HTTP Request: POST https://jeniya.cn/v1/chat/completions "HTTP/1.1 200 OK"
[2026-06-12 22:22:26,068] INFO - HTTP Request: POST https://jeniya.cn/v1/chat/completions "HTTP/1.1 200 OK"
[2026-06-12 22:22:26,816] INFO - HTTP Request: POST https://jeniya.cn/v1/chat/completions "HTTP/1.1 200 OK"
[2026-06-12 22:22:26,969] INFO - HTTP Request: POST https://jeniya.cn/v1/chat/completions "HTTP/1.1 200 OK"
[2026-06-12 22:22:27,691] INFO - HTTP Request: POST https://jeniya.cn/v1/chat/completions "HTTP/1.1 200 OK"
[2026-06-12 22:22:28,092] INFO - HTTP Request: POST https://jeniya.cn/v1/chat/completions "HTTP/1.1 200 OK"
[2026-06-12 22:22:29,887] INFO - HTTP Request: POST https://jeniya.cn/v1/chat/completions "HTTP/1.1 200 OK"
[2026-06-12 22:22:30,866] INFO - HTTP Request: POST https://jeniya.cn/v1/chat/completions "HTTP/1.1 200 OK"
[2026-06-12 22:22:31,528] INFO - HTTP Request: POST https://jeniya.cn/v1/chat/completions "HTTP/1.1 200 OK"
[2026-06-12 22:22:33,034] INFO - HTTP Request: POST https://jeniya.cn/v1/chat/completions "HTTP/1.1 200 OK"
[2026-06-12 22:22:33,103] INFO - HTTP Request: POST https://jeniya.cn/v1/chat/completions "HTTP/1.1 200 OK"
[2026-06-12 22:22:33,415] INFO - HTTP Request: POST https://jeniya.cn/v1/chat/completions "HTTP/1.1 200 OK"
[2026-06-12 22:22:35,499] INFO - HTTP Request: POST https://jeniya.cn/v1/chat/completions "HTTP/1.1 200 OK"
[2026-06-12 22:22:35,726] INFO - HTTP Request: POST https://jeniya.cn/v1/chat/completions "HTTP/1.1 200 OK"
[2026-06-12 22:22:37,945] INFO - HTTP Request: POST https://jeniya.cn/v1/chat/completions "HTTP/1.1 200 OK"
[2026-06-12 22:22:38,635] INFO - HTTP Request: POST https://jeniya.cn/v1/chat/completions "HTTP/1.1 200 OK"
[2026-06-12 22:22:39,419] INFO - HTTP Request: POST https://jeniya.cn/v1/chat/completions "HTTP/1.1 200 OK"
[2026-06-12 22:22:39,785] INFO - HTTP Request: POST https://jeniya.cn/v1/chat/completions "HTTP/1.1 200 OK"
[2026-06-12 22:22:41,784] INFO - HTTP Request: POST https://jeniya.cn/v1/chat/completions "HTTP/1.1 200 OK"
[2026-06-12 22:22:42,826] INFO - HTTP Request: POST https://jeniya.cn/v1/chat/completions "HTTP/1.1 200 OK"
[2026-06-12 22:22:45,293] INFO - HTTP Request: POST https://jeniya.cn/v1/chat/completions "HTTP/1.1 200 OK"
[2026-06-12 22:22:45,514] INFO - HTTP Request: POST https://jeniya.cn/v1/chat/completions "HTTP/1.1 200 OK"
[2026-06-12 22:22:46,197] INFO - HTTP Request: POST https://jeniya.cn/v1/chat/completions "HTTP/1.1 200 OK"
[2026-06-12 22:22:47,133] INFO - HTTP Request: POST https://jeniya.cn/v1/chat/completions "HTTP/1.1 200 OK"
[2026-06-12 22:22:47,970] INFO - HTTP Request: POST https://jeniya.cn/v1/chat/completions "HTTP/1.1 200 OK"
[2026-06-12 22:22:49,587] INFO - HTTP Request: POST https://jeniya.cn/v1/chat/completions "HTTP/1.1 200 OK"
[2026-06-12 22:22:49,800] INFO - HTTP Request: POST https://jeniya.cn/v1/chat/completions "HTTP/1.1 200 OK"
[2026-06-12 22:22:49,868] INFO - HTTP Request: POST https://jeniya.cn/v1/chat/completions "HTTP/1.1 200 OK"
[2026-06-12 22:22:55,242] INFO - HTTP Request: POST https://jeniya.cn/v1/chat/completions "HTTP/1.1 200 OK"
[2026-06-12 22:22:58,414] INFO - HTTP Request: POST https://jeniya.cn/v1/chat/completions "HTTP/1.1 200 OK"
[2026-06-12 22:23:07,255] INFO - HTTP Request: POST https://jeniya.cn/v1/chat/completions "HTTP/1.1 200 OK"
[2026-06-12 22:23:07,666] INFO - HTTP Request: POST https://jeniya.cn/v1/chat/completions "HTTP/1.1 200 OK"
[2026-06-12 22:23:10,162] INFO - Retrying request to /chat/completions in 0.432786 seconds
[2026-06-12 22:23:12,378] INFO - Retrying request to /chat/completions in 0.771350 seconds
[2026-06-12 22:23:21,149] INFO - HTTP Request: POST https://jeniya.cn/v1/chat/completions "HTTP/1.1 200 OK"
[2026-06-12 22:23:22,895] INFO - Retrying request to /chat/completions in 0.383403 seconds
[2026-06-12 22:23:30,044] INFO - HTTP Request: POST https://jeniya.cn/v1/chat/completions "HTTP/1.1 200 OK"
[2026-06-12 22:23:31,854] INFO - HTTP Request: POST https://jeniya.cn/v1/chat/completions "HTTP/1.1 200 OK"
[2026-06-12 22:23:36,655] INFO - HTTP Request: POST https://jeniya.cn/v1/chat/completions "HTTP/1.1 200 OK"
[2026-06-12 22:23:39,523] INFO - HTTP Request: POST https://jeniya.cn/v1/chat/completions "HTTP/1.1 200 OK"
[2026-06-12 22:23:41,114] INFO - HTTP Request: POST https://jeniya.cn/v1/chat/completions "HTTP/1.1 200 OK"
[2026-06-12 22:23:42,366] INFO - HTTP Request: POST https://jeniya.cn/v1/chat/completions "HTTP/1.1 200 OK"
[2026-06-12 22:23:46,200] INFO - Retrying request to /chat/completions in 0.449327 seconds
[2026-06-12 22:23:47,983] INFO - Retrying request to /chat/completions in 0.494591 seconds
[2026-06-12 22:23:48,713] INFO - HTTP Request: POST https://jeniya.cn/v1/chat/completions "HTTP/1.1 200 OK"
[2026-06-12 22:23:49,816] INFO - Retrying request to /chat/completions in 0.498744 seconds
[2026-06-12 22:23:50,063] INFO - HTTP Request: POST https://jeniya.cn/v1/chat/completions "HTTP/1.1 200 OK"
[2026-06-12 22:23:54,717] INFO - HTTP Request: POST https://jeniya.cn/v1/chat/completions "HTTP/1.1 200 OK"
[2026-06-12 22:23:55,474] INFO - HTTP Request: POST https://jeniya.cn/v1/chat/completions "HTTP/1.1 200 OK"
[2026-06-12 22:24:03,515] INFO - HTTP Request: POST https://jeniya.cn/v1/chat/completions "HTTP/1.1 200 OK"
[2026-06-12 22:24:07,262] INFO - Retrying request to /chat/completions in 0.444857 seconds
[2026-06-12 22:24:20,250] INFO - HTTP Request: POST https://jeniya.cn/v1/chat/completions "HTTP/1.1 200 OK"
[2026-06-12 22:24:24,119] INFO - HTTP Request: POST https://jeniya.cn/v1/chat/completions "HTTP/1.1 200 OK"
[2026-06-12 22:24:31,641] INFO - HTTP Request: POST https://jeniya.cn/v1/chat/completions "HTTP/1.1 200 OK"
[2026-06-12 22:24:34,775] INFO - HTTP Request: POST https://jeniya.cn/v1/chat/completions "HTTP/1.1 200 OK"
[2026-06-12 22:24:39,534] INFO - Retrying request to /chat/completions in 0.444590 seconds
[2026-06-12 22:24:41,128] INFO - Retrying request to /chat/completions in 0.498685 seconds
[2026-06-12 22:24:42,376] INFO - Retrying request to /chat/completions in 0.420550 seconds
[2026-06-12 22:24:43,864] INFO - HTTP Request: POST https://jeniya.cn/v1/chat/completions "HTTP/1.1 200 OK"
[2026-06-12 22:24:47,045] INFO - HTTP Request: POST https://jeniya.cn/v1/chat/completions "HTTP/1.1 200 OK"
[2026-06-12 22:24:48,718] INFO - Retrying request to /chat/completions in 0.482308 seconds
[2026-06-12 22:24:50,071] INFO - Retrying request to /chat/completions in 0.448854 seconds
[2026-06-12 22:24:54,731] INFO - Retrying request to /chat/completions in 0.466321 seconds
[2026-06-12 22:24:55,230] INFO - HTTP Request: POST https://jeniya.cn/v1/chat/completions "HTTP/1.1 200 OK"
[2026-06-12 22:24:59,504] INFO - HTTP Request: POST https://jeniya.cn/v1/chat/completions "HTTP/1.1 200 OK"
[2026-06-12 22:25:01,324] INFO - HTTP Request: POST https://jeniya.cn/v1/chat/completions "HTTP/1.1 200 OK"
[2026-06-12 22:25:03,430] INFO - HTTP Request: POST https://jeniya.cn/v1/chat/completions "HTTP/1.1 200 OK"
[2026-06-12 22:25:06,396] INFO - HTTP Request: POST https://jeniya.cn/v1/chat/completions "HTTP/1.1 200 OK"
[2026-06-12 22:25:08,452] INFO - HTTP Request: POST https://jeniya.cn/v1/chat/completions "HTTP/1.1 200 OK"
[2026-06-12 22:25:09,483] INFO - Retrying request to /chat/completions in 0.775582 seconds
[2026-06-12 22:25:12,907] INFO - HTTP Request: POST https://jeniya.cn/v1/chat/completions "HTTP/1.1 200 OK"
[2026-06-12 22:25:13,257] INFO - HTTP Request: POST https://jeniya.cn/v1/chat/completions "HTTP/1.1 200 OK"
[2026-06-12 22:25:14,279] INFO - HTTP Request: POST https://jeniya.cn/v1/chat/completions "HTTP/1.1 200 OK"
[2026-06-12 22:25:15,502] INFO - HTTP Request: POST https://jeniya.cn/v1/chat/completions "HTTP/1.1 200 OK"
[2026-06-12 22:25:16,188] INFO - HTTP Request: POST https://jeniya.cn/v1/chat/completions "HTTP/1.1 200 OK"
[2026-06-12 22:25:16,965] INFO - HTTP Request: POST https://jeniya.cn/v1/chat/completions "HTTP/1.1 200 OK"
[2026-06-12 22:25:18,003] INFO - HTTP Request: POST https://jeniya.cn/v1/chat/completions "HTTP/1.1 200 OK"
[2026-06-12 22:25:18,779] INFO - HTTP Request: POST https://jeniya.cn/v1/chat/completions "HTTP/1.1 200 OK"
[2026-06-12 22:25:19,264] INFO - HTTP Request: POST https://jeniya.cn/v1/chat/completions "HTTP/1.1 200 OK"
[2026-06-12 22:25:19,563] INFO - HTTP Request: POST https://jeniya.cn/v1/chat/completions "HTTP/1.1 200 OK"
[2026-06-12 22:25:20,533] INFO - HTTP Request: POST https://jeniya.cn/v1/chat/completions "HTTP/1.1 200 OK"
[2026-06-12 22:25:20,707] INFO - HTTP Request: POST https://jeniya.cn/v1/chat/completions "HTTP/1.1 200 OK"
[2026-06-12 22:25:21,027] INFO - HTTP Request: POST https://jeniya.cn/v1/chat/completions "HTTP/1.1 200 OK"
[2026-06-12 22:25:22,515] INFO - HTTP Request: POST https://jeniya.cn/v1/chat/completions "HTTP/1.1 200 OK"
[2026-06-12 22:25:22,854] INFO - HTTP Request: POST https://jeniya.cn/v1/chat/completions "HTTP/1.1 200 OK"
[2026-06-12 22:25:24,130] INFO - Retrying request to /chat/completions in 0.424862 seconds
[2026-06-12 22:25:24,644] INFO - HTTP Request: POST https://jeniya.cn/v1/chat/completions "HTTP/1.1 200 OK"
[2026-06-12 22:25:25,643] INFO - HTTP Request: POST https://jeniya.cn/v1/chat/completions "HTTP/1.1 200 OK"
[2026-06-12 22:25:25,919] INFO - HTTP Request: POST https://jeniya.cn/v1/chat/completions "HTTP/1.1 200 OK"
[2026-06-12 22:25:32,184] INFO - HTTP Request: POST https://jeniya.cn/v1/chat/completions "HTTP/1.1 200 OK"
[2026-06-12 22:25:32,640] INFO - HTTP Request: POST https://jeniya.cn/v1/chat/completions "HTTP/1.1 200 OK"
[2026-06-12 22:25:32,839] INFO - HTTP Request: POST https://jeniya.cn/v1/chat/completions "HTTP/1.1 200 OK"
[2026-06-12 22:25:32,901] INFO - HTTP Request: POST https://jeniya.cn/v1/chat/completions "HTTP/1.1 200 OK"
[2026-06-12 22:25:34,365] INFO - HTTP Request: POST https://jeniya.cn/v1/chat/completions "HTTP/1.1 200 OK"
[2026-06-12 22:25:34,694] INFO - HTTP Request: POST https://jeniya.cn/v1/chat/completions "HTTP/1.1 200 OK"
[2026-06-12 22:25:34,968] INFO - HTTP Request: POST https://jeniya.cn/v1/chat/completions "HTTP/1.1 200 OK"
[2026-06-12 22:25:34,988] INFO - HTTP Request: POST https://jeniya.cn/v1/chat/completions "HTTP/1.1 200 OK"
[2026-06-12 22:25:36,819] INFO - HTTP Request: POST https://jeniya.cn/v1/chat/completions "HTTP/1.1 200 OK"
[2026-06-12 22:25:37,485] INFO - HTTP Request: POST https://jeniya.cn/v1/chat/completions "HTTP/1.1 200 OK"
[2026-06-12 22:25:37,487] INFO - HTTP Request: POST https://jeniya.cn/v1/chat/completions "HTTP/1.1 200 OK"
[2026-06-12 22:25:40,620] INFO - HTTP Request: POST https://jeniya.cn/v1/chat/completions "HTTP/1.1 200 OK"
[2026-06-12 22:25:41,130] INFO - HTTP Request: POST https://jeniya.cn/v1/chat/completions "HTTP/1.1 200 OK"
[2026-06-12 22:25:42,940] INFO - HTTP Request: POST https://jeniya.cn/v1/chat/completions "HTTP/1.1 200 OK"
[2026-06-12 22:25:43,369] INFO - Retrying request to /chat/completions in 0.992429 seconds
[2026-06-12 22:25:45,653] INFO - HTTP Request: POST https://jeniya.cn/v1/chat/completions "HTTP/1.1 200 OK"
[2026-06-12 22:25:48,671] INFO - HTTP Request: POST https://jeniya.cn/v1/chat/completions "HTTP/1.1 200 OK"
[2026-06-12 22:25:54,572] INFO - HTTP Request: POST https://jeniya.cn/v1/chat/completions "HTTP/1.1 200 OK"
[2026-06-12 22:25:54,876] INFO - HTTP Request: POST https://jeniya.cn/v1/chat/completions "HTTP/1.1 200 OK"
[2026-06-12 22:25:55,406] INFO - HTTP Request: POST https://jeniya.cn/v1/chat/completions "HTTP/1.1 200 OK"
[2026-06-12 22:25:56,121] INFO - HTTP Request: POST https://jeniya.cn/v1/chat/completions "HTTP/1.1 200 OK"
[2026-06-12 22:25:56,211] INFO - HTTP Request: POST https://jeniya.cn/v1/chat/completions "HTTP/1.1 200 OK"
[2026-06-12 22:25:59,657] INFO - HTTP Request: POST https://jeniya.cn/v1/chat/completions "HTTP/1.1 200 OK"
[2026-06-12 22:26:01,328] INFO - Retrying request to /chat/completions in 0.454288 seconds
[2026-06-12 22:26:05,268] INFO - HTTP Request: POST https://jeniya.cn/v1/chat/completions "HTTP/1.1 200 OK"
[2026-06-12 22:26:10,010] INFO - HTTP Request: POST https://jeniya.cn/v1/chat/completions "HTTP/1.1 200 OK"
[2026-06-12 22:26:14,216] INFO - HTTP Request: POST https://jeniya.cn/v1/chat/completions "HTTP/1.1 200 OK"
[2026-06-12 22:26:15,063] INFO - HTTP Request: POST https://jeniya.cn/v1/chat/completions "HTTP/1.1 200 OK"
[2026-06-12 22:26:18,540] INFO - HTTP Request: POST https://jeniya.cn/v1/chat/completions "HTTP/1.1 200 OK"
[2026-06-12 22:26:21,033] INFO - Retrying request to /chat/completions in 0.385544 seconds
[2026-06-12 22:26:22,015] INFO - HTTP Request: POST https://jeniya.cn/v1/chat/completions "HTTP/1.1 200 OK"
[2026-06-12 22:26:22,524] INFO - Retrying request to /chat/completions in 0.429076 seconds
[2026-06-12 22:26:22,809] INFO - HTTP Request: POST https://jeniya.cn/v1/chat/completions "HTTP/1.1 200 OK"
[2026-06-12 22:26:24,624] INFO - HTTP Request: POST https://jeniya.cn/v1/chat/completions "HTTP/1.1 200 OK"
[2026-06-12 22:26:25,684] INFO - HTTP Request: POST https://jeniya.cn/v1/chat/completions "HTTP/1.1 200 OK"
[2026-06-12 22:26:26,562] INFO - Retrying request to /chat/completions in 0.911596 seconds
[2026-06-12 22:26:26,769] INFO - HTTP Request: POST https://jeniya.cn/v1/chat/completions "HTTP/1.1 200 OK"
[2026-06-12 22:26:26,863] INFO - HTTP Request: POST https://jeniya.cn/v1/chat/completions "HTTP/1.1 200 OK"
[2026-06-12 22:26:27,513] INFO - HTTP Request: POST https://jeniya.cn/v1/chat/completions "HTTP/1.1 200 OK"
[2026-06-12 22:26:29,738] INFO - HTTP Request: POST https://jeniya.cn/v1/chat/completions "HTTP/1.1 200 OK"
[2026-06-12 22:26:31,636] INFO - HTTP Request: POST https://jeniya.cn/v1/chat/completions "HTTP/1.1 200 OK"
[2026-06-12 22:26:33,926] INFO - HTTP Request: POST https://jeniya.cn/v1/chat/completions "HTTP/1.1 200 OK"
[2026-06-12 22:26:35,336] INFO - HTTP Request: POST https://jeniya.cn/v1/chat/completions "HTTP/1.1 200 OK"
[2026-06-12 22:26:38,694] INFO - HTTP Request: POST https://jeniya.cn/v1/chat/completions "HTTP/1.1 200 OK"
[2026-06-12 22:26:39,327] INFO - HTTP Request: POST https://jeniya.cn/v1/chat/completions "HTTP/1.1 200 OK"
[2026-06-12 22:26:39,331] INFO - HTTP Request: POST https://jeniya.cn/v1/chat/completions "HTTP/1.1 200 OK"
[2026-06-12 22:26:39,442] INFO - HTTP Request: POST https://jeniya.cn/v1/chat/completions "HTTP/1.1 200 OK"
[2026-06-12 22:26:40,267] INFO - HTTP Request: POST https://jeniya.cn/v1/chat/completions "HTTP/1.1 200 OK"
[2026-06-12 22:26:40,634] INFO - Retrying request to /chat/completions in 0.435259 seconds
[2026-06-12 22:26:41,496] INFO - HTTP Request: POST https://jeniya.cn/v1/chat/completions "HTTP/1.1 200 OK"
[2026-06-12 22:26:44,784] INFO - HTTP Request: POST https://jeniya.cn/v1/chat/completions "HTTP/1.1 200 OK"
[2026-06-12 22:26:45,025] INFO - HTTP Request: POST https://jeniya.cn/v1/chat/completions "HTTP/1.1 200 OK"
[2026-06-12 22:26:45,934] INFO - HTTP Request: POST https://jeniya.cn/v1/chat/completions "HTTP/1.1 200 OK"
[2026-06-12 22:26:46,866] INFO - HTTP Request: POST https://jeniya.cn/v1/chat/completions "HTTP/1.1 200 OK"
[2026-06-12 22:26:48,691] INFO - HTTP Request: POST https://jeniya.cn/v1/chat/completions "HTTP/1.1 200 OK"
[2026-06-12 22:26:50,092] INFO - HTTP Request: POST https://jeniya.cn/v1/chat/completions "HTTP/1.1 200 OK"
[2026-06-12 22:26:54,351] INFO - HTTP Request: POST https://jeniya.cn/v1/chat/completions "HTTP/1.1 200 OK"
[2026-06-12 22:26:56,097] INFO - HTTP Request: POST https://jeniya.cn/v1/chat/completions "HTTP/1.1 200 OK"
[2026-06-12 22:26:56,126] INFO - Retrying request to /chat/completions in 0.485836 seconds
[2026-06-12 22:26:56,470] INFO - HTTP Request: POST https://jeniya.cn/v1/chat/completions "HTTP/1.1 200 OK"
[2026-06-12 22:26:59,857] INFO - HTTP Request: POST https://jeniya.cn/v1/chat/completions "HTTP/1.1 200 OK"
[2026-06-12 22:27:06,768] INFO - HTTP Request: POST https://jeniya.cn/v1/chat/completions "HTTP/1.1 200 OK"
[2026-06-12 22:27:09,818] INFO - HTTP Request: POST https://jeniya.cn/v1/chat/completions "HTTP/1.1 200 OK"
[2026-06-12 22:27:10,558] INFO - HTTP Request: POST https://jeniya.cn/v1/chat/completions "HTTP/1.1 200 OK"
[2026-06-12 22:27:14,974] INFO - HTTP Request: POST https://jeniya.cn/v1/chat/completions "HTTP/1.1 200 OK"
[2026-06-12 22:27:15,594] INFO - HTTP Request: POST https://jeniya.cn/v1/chat/completions "HTTP/1.1 200 OK"
[2026-06-12 22:27:16,102] INFO - HTTP Request: POST https://jeniya.cn/v1/chat/completions "HTTP/1.1 200 OK"
[2026-06-12 22:27:18,524] INFO - HTTP Request: POST https://jeniya.cn/v1/chat/completions "HTTP/1.1 200 OK"
[2026-06-12 22:27:31,244] INFO - HTTP Request: POST https://jeniya.cn/v1/chat/completions "HTTP/1.1 200 OK"
[2026-06-12 22:27:31,410] INFO - HTTP Request: POST https://jeniya.cn/v1/chat/completions "HTTP/1.1 200 OK"
[2026-06-12 22:27:34,562] INFO - HTTP Request: POST https://jeniya.cn/v1/chat/completions "HTTP/1.1 200 OK"
[2026-06-12 22:27:35,569] INFO - HTTP Request: POST https://jeniya.cn/v1/chat/completions "HTTP/1.1 200 OK"
[2026-06-12 22:27:36,684] INFO - HTTP Request: POST https://jeniya.cn/v1/chat/completions "HTTP/1.1 200 OK"
[2026-06-12 22:27:37,434] INFO - HTTP Request: POST https://jeniya.cn/v1/chat/completions "HTTP/1.1 200 OK"
[2026-06-12 22:27:41,509] INFO - Retrying request to /chat/completions in 0.419948 seconds
[2026-06-12 22:27:45,937] INFO - Retrying request to /chat/completions in 0.435983 seconds
[2026-06-12 22:27:51,603] INFO - HTTP Request: POST https://jeniya.cn/v1/chat/completions "HTTP/1.1 200 OK"
[2026-06-12 22:27:55,134] INFO - HTTP Request: POST https://jeniya.cn/v1/chat/completions "HTTP/1.1 200 OK"
[2026-06-12 22:28:01,421] INFO - HTTP Request: POST https://jeniya.cn/v1/chat/completions "HTTP/1.1 200 OK"
[2026-06-12 22:28:04,249] INFO - HTTP Request: POST https://jeniya.cn/v1/chat/completions "HTTP/1.1 200 OK"
[2026-06-12 22:28:08,486] INFO - HTTP Request: POST https://jeniya.cn/v1/chat/completions "HTTP/1.1 200 OK"
[2026-06-12 22:28:14,992] INFO - Retrying request to /chat/completions in 0.436684 seconds
[2026-06-12 22:28:15,005] INFO - HTTP Request: POST https://jeniya.cn/v1/chat/completions "HTTP/1.1 200 OK"
[2026-06-12 22:28:16,104] INFO - Retrying request to /chat/completions in 0.434851 seconds
[2026-06-12 22:28:17,001] INFO - HTTP Request: POST https://jeniya.cn/v1/chat/completions "HTTP/1.1 200 OK"
[2026-06-12 22:28:19,472] INFO - HTTP Request: POST https://jeniya.cn/v1/chat/completions "HTTP/1.1 200 OK"
[2026-06-12 22:28:21,865] INFO - HTTP Request: POST https://jeniya.cn/v1/chat/completions "HTTP/1.1 200 OK"
[2026-06-12 22:28:25,290] INFO - HTTP Request: POST https://jeniya.cn/v1/chat/completions "HTTP/1.1 200 OK"
[2026-06-12 22:28:26,877] INFO - HTTP Request: POST https://jeniya.cn/v1/chat/completions "HTTP/1.1 200 OK"
[2026-06-12 22:28:27,098] INFO - HTTP Request: POST https://jeniya.cn/v1/chat/completions "HTTP/1.1 200 OK"
[2026-06-12 22:28:34,576] INFO - Retrying request to /chat/completions in 0.483495 seconds
[2026-06-12 22:28:38,979] INFO - HTTP Request: POST https://jeniya.cn/v1/chat/completions "HTTP/1.1 200 OK"
[2026-06-12 22:28:40,598] INFO - HTTP Request: POST https://jeniya.cn/v1/chat/completions "HTTP/1.1 200 OK"
[2026-06-12 22:28:42,889] INFO - Retrying request to /chat/completions in 0.895696 seconds
[2026-06-12 22:28:43,452] INFO - HTTP Request: POST https://jeniya.cn/v1/chat/completions "HTTP/1.1 200 OK"
[2026-06-12 22:28:45,101] INFO - HTTP Request: POST https://jeniya.cn/v1/chat/completions "HTTP/1.1 200 OK"
[2026-06-12 22:28:46,661] INFO - HTTP Request: POST https://jeniya.cn/v1/chat/completions "HTTP/1.1 200 OK"
[2026-06-12 22:28:47,270] INFO - HTTP Request: POST https://jeniya.cn/v1/chat/completions "HTTP/1.1 200 OK"
[2026-06-12 22:28:50,387] INFO - HTTP Request: POST https://jeniya.cn/v1/chat/completions "HTTP/1.1 200 OK"
[2026-06-12 22:28:57,037] INFO - HTTP Request: POST https://jeniya.cn/v1/chat/completions "HTTP/1.1 200 OK"
[2026-06-12 22:29:03,025] INFO - HTTP Request: POST https://jeniya.cn/v1/chat/completions "HTTP/1.1 200 OK"
[2026-06-12 22:29:04,685] INFO - HTTP Request: POST https://jeniya.cn/v1/chat/completions "HTTP/1.1 200 OK"
[2026-06-12 22:29:05,724] INFO - HTTP Request: POST https://jeniya.cn/v1/chat/completions "HTTP/1.1 200 OK"
[2026-06-12 22:29:08,132] INFO - HTTP Request: POST https://jeniya.cn/v1/chat/completions "HTTP/1.1 200 OK"
[2026-06-12 22:29:09,227] INFO - HTTP Request: POST https://jeniya.cn/v1/chat/completions "HTTP/1.1 200 OK"
[2026-06-12 22:29:10,518] INFO - HTTP Request: POST https://jeniya.cn/v1/chat/completions "HTTP/1.1 200 OK"
[2026-06-12 22:29:13,873] INFO - HTTP Request: POST https://jeniya.cn/v1/chat/completions "HTTP/1.1 200 OK"
[2026-06-12 22:29:18,984] INFO - HTTP Request: POST https://jeniya.cn/v1/chat/completions "HTTP/1.1 200 OK"
[2026-06-12 22:29:25,296] INFO - Retrying request to /chat/completions in 0.401946 seconds
[2026-06-12 22:29:26,571] INFO - HTTP Request: POST https://jeniya.cn/v1/chat/completions "HTTP/1.1 200 OK"
[2026-06-12 22:29:27,103] INFO - Retrying request to /chat/completions in 0.459888 seconds
[2026-06-12 22:29:27,627] INFO - HTTP Request: POST https://jeniya.cn/v1/chat/completions "HTTP/1.1 200 OK"
[2026-06-12 22:29:28,215] INFO - HTTP Request: POST https://jeniya.cn/v1/chat/completions "HTTP/1.1 200 OK"
[2026-06-12 22:29:29,424] INFO - HTTP Request: POST https://jeniya.cn/v1/chat/completions "HTTP/1.1 200 OK"
[2026-06-12 22:29:38,989] INFO - Retrying request to /chat/completions in 0.400781 seconds
[2026-06-12 22:29:40,335] INFO - HTTP Request: POST https://jeniya.cn/v1/chat/completions "HTTP/1.1 200 OK"
[2026-06-12 22:29:44,360] INFO - WebSocket 客户端断开
[2026-06-12 22:29:45,225] INFO - HTTP Request: POST https://jeniya.cn/v1/chat/completions "HTTP/1.1 200 OK"
[2026-06-12 22:29:47,763] INFO - HTTP Request: POST https://jeniya.cn/v1/chat/completions "HTTP/1.1 200 OK"
[2026-06-12 22:29:56,159] INFO - HTTP Request: POST https://jeniya.cn/v1/chat/completions "HTTP/1.1 200 OK"
[2026-06-12 22:30:03,919] INFO - HTTP Request: POST https://jeniya.cn/v1/chat/completions "HTTP/1.1 200 OK"
[2026-06-12 22:30:04,513] INFO - HTTP Request: POST https://jeniya.cn/v1/chat/completions "HTTP/1.1 200 OK"
[2026-06-12 22:30:05,338] INFO - HTTP Request: POST https://jeniya.cn/v1/chat/completions "HTTP/1.1 200 OK"
[2026-06-12 22:30:06,790] INFO - HTTP Request: POST https://jeniya.cn/v1/chat/completions "HTTP/1.1 200 OK"
[2026-06-12 22:30:08,953] INFO - HTTP Request: POST https://jeniya.cn/v1/chat/completions "HTTP/1.1 200 OK"
[2026-06-12 22:30:10,877] INFO - HTTP Request: POST https://jeniya.cn/v1/chat/completions "HTTP/1.1 200 OK"
[2026-06-12 22:30:16,349] INFO - HTTP Request: POST https://jeniya.cn/v1/chat/completions "HTTP/1.1 200 OK"
[2026-06-12 22:30:17,765] INFO - HTTP Request: POST https://jeniya.cn/v1/chat/completions "HTTP/1.1 200 OK"
[2026-06-12 22:30:18,995] INFO - Retrying request to /chat/completions in 0.408866 seconds
[2026-06-12 22:30:19,001] INFO - HTTP Request: POST https://jeniya.cn/v1/chat/completions "HTTP/1.1 200 OK"
[2026-06-12 22:30:21,625] INFO - HTTP Request: POST https://jeniya.cn/v1/chat/completions "HTTP/1.1 200 OK"
[2026-06-12 22:30:26,681] INFO - Retrying request to /chat/completions in 0.936429 seconds
[2026-06-12 22:30:28,232] INFO - Retrying request to /chat/completions in 0.396447 seconds
[2026-06-12 22:30:28,520] INFO - HTTP Request: POST https://jeniya.cn/v1/chat/completions "HTTP/1.1 200 OK"
[2026-06-12 22:30:35,010] INFO - HTTP Request: POST https://jeniya.cn/v1/chat/completions "HTTP/1.1 200 OK"
[2026-06-12 22:30:40,348] INFO - Retrying request to /chat/completions in 0.477793 seconds
[2026-06-12 22:30:40,512] INFO - HTTP Request: POST https://jeniya.cn/v1/chat/completions "HTTP/1.1 200 OK"
[2026-06-12 22:30:46,152] INFO - HTTP Request: POST https://jeniya.cn/v1/chat/completions "HTTP/1.1 200 OK"
[2026-06-12 22:30:53,635] INFO - HTTP Request: POST https://jeniya.cn/v1/chat/completions "HTTP/1.1 200 OK"
[2026-06-12 22:30:54,740] INFO - HTTP Request: POST https://jeniya.cn/v1/chat/completions "HTTP/1.1 200 OK"
[2026-06-12 22:30:56,815] INFO - HTTP Request: POST https://jeniya.cn/v1/chat/completions "HTTP/1.1 200 OK"
[2026-06-12 22:30:57,085] INFO - HTTP Request: POST https://jeniya.cn/v1/chat/completions "HTTP/1.1 200 OK"
[2026-06-12 22:31:00,218] INFO - HTTP Request: POST https://jeniya.cn/v1/chat/completions "HTTP/1.1 200 OK"
[2026-06-12 22:31:05,904] INFO - HTTP Request: POST https://jeniya.cn/v1/chat/completions "HTTP/1.1 200 OK"
[2026-06-12 22:31:16,365] INFO - Retrying request to /chat/completions in 0.406831 seconds
[2026-06-12 22:31:19,300] INFO - HTTP Request: POST https://jeniya.cn/v1/chat/completions "HTTP/1.1 200 OK"
[2026-06-12 22:31:19,989] INFO - Retrying request to /chat/completions in 0.775325 seconds
[2026-06-12 22:31:21,274] INFO - HTTP Request: POST https://jeniya.cn/v1/chat/completions "HTTP/1.1 200 OK"
[2026-06-12 22:31:21,466] INFO - HTTP Request: POST https://jeniya.cn/v1/chat/completions "HTTP/1.1 200 OK"
[2026-06-12 22:31:21,640] INFO - Retrying request to /chat/completions in 0.388195 seconds
[2026-06-12 22:31:22,190] INFO - HTTP Request: POST https://jeniya.cn/v1/chat/completions "HTTP/1.1 200 OK"
[2026-06-12 22:31:24,410] INFO - HTTP Request: POST https://jeniya.cn/v1/chat/completions "HTTP/1.1 200 OK"
[2026-06-12 22:31:29,471] INFO - HTTP Request: POST https://jeniya.cn/v1/chat/completions "HTTP/1.1 200 OK"
[2026-06-12 22:31:31,203] INFO - HTTP Request: POST https://jeniya.cn/v1/chat/completions "HTTP/1.1 200 OK"
[2026-06-12 22:31:35,143] INFO - HTTP Request: POST https://jeniya.cn/v1/chat/completions "HTTP/1.1 200 OK"
[2026-06-12 22:31:37,672] INFO - HTTP Request: POST https://jeniya.cn/v1/chat/completions "HTTP/1.1 200 OK"
[2026-06-12 22:31:41,571] INFO - Retrying request to /chat/completions in 0.917602 seconds
[2026-06-12 22:31:41,595] INFO - HTTP Request: POST https://jeniya.cn/v1/chat/completions "HTTP/1.1 200 OK"
[2026-06-12 22:31:46,992] INFO - HTTP Request: POST https://jeniya.cn/v1/chat/completions "HTTP/1.1 200 OK"
[2026-06-12 22:31:47,062] INFO - HTTP Request: POST https://jeniya.cn/v1/chat/completions "HTTP/1.1 200 OK"
[2026-06-12 22:31:47,961] INFO - HTTP Request: POST https://jeniya.cn/v1/chat/completions "HTTP/1.1 200 OK"
[2026-06-12 22:31:50,824] INFO - HTTP Request: POST https://jeniya.cn/v1/chat/completions "HTTP/1.1 200 OK"
[2026-06-12 22:31:56,798] INFO - HTTP Request: POST https://jeniya.cn/v1/chat/completions "HTTP/1.1 200 OK"
[2026-06-12 22:32:01,346] INFO - HTTP Request: POST https://jeniya.cn/v1/chat/completions "HTTP/1.1 200 OK"
[2026-06-12 22:32:01,821] INFO - HTTP Request: POST https://jeniya.cn/v1/chat/completions "HTTP/1.1 200 OK"
[2026-06-12 22:32:06,159] INFO - HTTP Request: POST https://jeniya.cn/v1/chat/completions "HTTP/1.1 200 OK"
[2026-06-12 22:32:07,898] INFO - HTTP Request: POST https://jeniya.cn/v1/chat/completions "HTTP/1.1 200 OK"
[2026-06-12 22:32:12,787] INFO - HTTP Request: POST https://jeniya.cn/v1/chat/completions "HTTP/1.1 200 OK"
[2026-06-12 22:32:13,923] INFO - HTTP Request: POST https://jeniya.cn/v1/chat/completions "HTTP/1.1 200 OK"
[2026-06-12 22:32:21,558] INFO - HTTP Request: POST https://jeniya.cn/v1/chat/completions "HTTP/1.1 200 OK"
[2026-06-12 22:32:23,652] INFO - HTTP Request: POST https://jeniya.cn/v1/chat/completions "HTTP/1.1 200 OK"
[2026-06-12 22:32:26,149] INFO - HTTP Request: POST https://jeniya.cn/v1/chat/completions "HTTP/1.1 200 OK"
[2026-06-12 22:32:28,362] INFO - HTTP Request: POST https://jeniya.cn/v1/chat/completions "HTTP/1.1 200 OK"
[2026-06-12 22:32:33,666] INFO - HTTP Request: POST https://jeniya.cn/v1/chat/completions "HTTP/1.1 200 OK"
[2026-06-12 22:32:34,964] INFO - HTTP Request: POST https://jeniya.cn/v1/chat/completions "HTTP/1.1 200 OK"
[2026-06-12 22:32:38,400] INFO - HTTP Request: POST https://jeniya.cn/v1/chat/completions "HTTP/1.1 200 OK"
[2026-06-12 22:32:49,775] INFO - HTTP Request: POST https://jeniya.cn/v1/chat/completions "HTTP/1.1 200 OK"
[2026-06-12 22:32:52,443] INFO - HTTP Request: POST https://jeniya.cn/v1/chat/completions "HTTP/1.1 200 OK"
[2026-06-12 22:32:58,993] INFO - HTTP Request: POST https://jeniya.cn/v1/chat/completions "HTTP/1.1 200 OK"
[2026-06-12 22:33:01,352] INFO - Retrying request to /chat/completions in 0.499353 seconds
[2026-06-12 22:33:01,832] INFO - Retrying request to /chat/completions in 0.474107 seconds
[2026-06-12 22:33:03,635] INFO - HTTP Request: POST https://jeniya.cn/v1/chat/completions "HTTP/1.1 200 OK"
[2026-06-12 22:33:05,876] INFO - HTTP Request: POST https://jeniya.cn/v1/chat/completions "HTTP/1.1 200 OK"
[2026-06-12 22:33:06,161] INFO - HTTP Request: POST https://jeniya.cn/v1/chat/completions "HTTP/1.1 200 OK"
[2026-06-12 22:33:08,915] INFO - HTTP Request: POST https://jeniya.cn/v1/chat/completions "HTTP/1.1 200 OK"
[2026-06-12 22:33:13,938] INFO - Retrying request to /chat/completions in 0.431841 seconds
[2026-06-12 22:33:13,992] INFO - HTTP Request: POST https://jeniya.cn/v1/chat/completions "HTTP/1.1 200 OK"
[2026-06-12 22:33:15,062] INFO - HTTP Request: POST https://jeniya.cn/v1/chat/completions "HTTP/1.1 200 OK"
[2026-06-12 22:33:19,869] INFO - HTTP Request: POST https://jeniya.cn/v1/chat/completions "HTTP/1.1 200 OK"
[2026-06-12 22:33:20,458] INFO - HTTP Request: POST https://jeniya.cn/v1/chat/completions "HTTP/1.1 200 OK"
[2026-06-12 22:33:29,931] INFO - HTTP Request: POST https://jeniya.cn/v1/chat/completions "HTTP/1.1 200 OK"
[2026-06-12 22:33:33,048] INFO - HTTP Request: POST https://jeniya.cn/v1/chat/completions "HTTP/1.1 200 OK"
[2026-06-12 22:33:33,193] INFO - HTTP Request: POST https://jeniya.cn/v1/chat/completions "HTTP/1.1 200 OK"
[2026-06-12 22:33:33,672] INFO - Retrying request to /chat/completions in 0.441745 seconds
[2026-06-12 22:33:43,535] INFO - HTTP Request: POST https://jeniya.cn/v1/chat/completions "HTTP/1.1 200 OK"
[2026-06-12 22:33:51,616] INFO - HTTP Request: POST https://jeniya.cn/v1/chat/completions "HTTP/1.1 200 OK"
[2026-06-12 22:33:56,814] INFO - HTTP Request: POST https://jeniya.cn/v1/chat/completions "HTTP/1.1 200 OK"
[2026-06-12 22:33:57,812] INFO - HTTP Request: POST https://jeniya.cn/v1/chat/completions "HTTP/1.1 200 OK"
[2026-06-12 22:34:00,843] INFO - HTTP Request: POST https://jeniya.cn/v1/chat/completions "HTTP/1.1 200 OK"
[2026-06-12 22:34:02,810] INFO - Retrying request to /chat/completions in 0.898472 seconds
[2026-06-12 22:34:08,918] INFO - Retrying request to /chat/completions in 0.378178 seconds
[2026-06-12 22:34:14,942] INFO - Retrying request to /chat/completions in 0.936109 seconds
[2026-06-12 22:34:15,442] INFO - HTTP Request: POST https://jeniya.cn/v1/chat/completions "HTTP/1.1 200 OK"
[2026-06-12 22:34:15,840] INFO - HTTP Request: POST https://jeniya.cn/v1/chat/completions "HTTP/1.1 200 OK"
[2026-06-12 22:34:18,734] INFO - HTTP Request: POST https://jeniya.cn/v1/chat/completions "HTTP/1.1 200 OK"
[2026-06-12 22:34:22,667] INFO - HTTP Request: POST https://jeniya.cn/v1/chat/completions "HTTP/1.1 200 OK"
[2026-06-12 22:34:33,380] INFO - HTTP Request: POST https://jeniya.cn/v1/chat/completions "HTTP/1.1 200 OK"
[2026-06-12 22:34:34,687] INFO - Retrying request to /chat/completions in 0.811456 seconds
[2026-06-12 22:34:35,989] INFO - HTTP Request: POST https://jeniya.cn/v1/chat/completions "HTTP/1.1 200 OK"
[2026-06-12 22:34:41,006] INFO - HTTP Request: POST https://jeniya.cn/v1/chat/completions "HTTP/1.1 200 OK"
[2026-06-12 22:34:42,468] INFO - HTTP Request: POST https://jeniya.cn/v1/chat/completions "HTTP/1.1 200 OK"
[2026-06-12 22:34:43,540] INFO - Retrying request to /chat/completions in 0.451464 seconds
[2026-06-12 22:34:43,678] INFO - HTTP Request: POST https://jeniya.cn/v1/chat/completions "HTTP/1.1 200 OK"
[2026-06-12 22:34:44,378] INFO - HTTP Request: POST https://jeniya.cn/v1/chat/completions "HTTP/1.1 200 OK"
[2026-06-12 22:34:52,912] INFO - HTTP Request: POST https://jeniya.cn/v1/chat/completions "HTTP/1.1 200 OK"
[2026-06-12 22:35:00,937] INFO - HTTP Request: POST https://jeniya.cn/v1/chat/completions "HTTP/1.1 200 OK"
[2026-06-12 22:35:00,968] INFO - HTTP Request: POST https://jeniya.cn/v1/chat/completions "HTTP/1.1 200 OK"
[2026-06-12 22:35:01,327] INFO - HTTP Request: POST https://jeniya.cn/v1/chat/completions "HTTP/1.1 200 OK"
[2026-06-12 22:35:03,926] INFO - HTTP Request: POST https://jeniya.cn/v1/chat/completions "HTTP/1.1 200 OK"
[2026-06-12 22:35:09,873] INFO - Retrying request to /chat/completions in 0.848274 seconds
[2026-06-12 22:35:10,354] INFO - HTTP Request: POST https://jeniya.cn/v1/chat/completions "HTTP/1.1 200 OK"
[2026-06-12 22:35:23,975] INFO - HTTP Request: POST https://jeniya.cn/v1/chat/completions "HTTP/1.1 200 OK"
[2026-06-12 22:35:25,877] INFO - HTTP Request: POST https://jeniya.cn/v1/chat/completions "HTTP/1.1 200 OK"
[2026-06-12 22:35:26,011] INFO - HTTP Request: POST https://jeniya.cn/v1/chat/completions "HTTP/1.1 200 OK"
[2026-06-12 22:35:26,679] INFO - HTTP Request: POST https://jeniya.cn/v1/chat/completions "HTTP/1.1 200 OK"
[2026-06-12 22:35:43,495] INFO - HTTP Request: POST https://jeniya.cn/v1/chat/completions "HTTP/1.1 200 OK"
[2026-06-12 22:35:43,695] INFO - Retrying request to /chat/completions in 0.488345 seconds
[2026-06-12 22:35:44,211] INFO - HTTP Request: POST https://jeniya.cn/v1/chat/completions "HTTP/1.1 200 OK"
[2026-06-12 22:35:45,144] INFO - Retrying request to /chat/completions in 0.869846 seconds
[2026-06-12 22:35:48,060] INFO - HTTP Request: POST https://jeniya.cn/v1/chat/completions "HTTP/1.1 200 OK"
[2026-06-12 22:35:55,163] INFO - HTTP Request: POST https://jeniya.cn/v1/chat/completions "HTTP/1.1 200 OK"
[2026-06-12 22:36:00,951] INFO - Retrying request to /chat/completions in 0.489983 seconds
[2026-06-12 22:36:05,447] INFO - HTTP Request: POST https://jeniya.cn/v1/chat/completions "HTTP/1.1 200 OK"
[2026-06-12 22:36:06,301] INFO - HTTP Request: POST https://jeniya.cn/v1/chat/completions "HTTP/1.1 200 OK"
[2026-06-12 22:36:06,374] INFO - HTTP Request: POST https://jeniya.cn/v1/chat/completions "HTTP/1.1 200 OK"
[2026-06-12 22:36:07,838] INFO - HTTP Request: POST https://jeniya.cn/v1/chat/completions "HTTP/1.1 200 OK"
[2026-06-12 22:36:18,915] INFO - HTTP Request: POST https://jeniya.cn/v1/chat/completions "HTTP/1.1 200 OK"
[2026-06-12 22:36:23,981] INFO - Retrying request to /chat/completions in 0.444367 seconds
[2026-06-12 22:36:26,017] INFO - Retrying request to /chat/completions in 0.494385 seconds
[2026-06-12 22:36:27,586] INFO - HTTP Request: POST https://jeniya.cn/v1/chat/completions "HTTP/1.1 200 OK"
[2026-06-12 22:36:38,868] INFO - HTTP Request: POST https://jeniya.cn/v1/chat/completions "HTTP/1.1 200 OK"
[2026-06-12 22:36:39,121] INFO - HTTP Request: POST https://jeniya.cn/v1/chat/completions "HTTP/1.1 200 OK"
[2026-06-12 22:36:45,159] INFO - HTTP Request: POST https://jeniya.cn/v1/chat/completions "HTTP/1.1 200 OK"
[2026-06-12 22:36:49,908] INFO - HTTP Request: POST https://jeniya.cn/v1/chat/completions "HTTP/1.1 200 OK"
[2026-06-12 22:36:51,434] INFO - HTTP Request: POST https://jeniya.cn/v1/chat/completions "HTTP/1.1 200 OK"
[2026-06-12 22:37:00,009] INFO - HTTP Request: POST https://jeniya.cn/v1/chat/completions "HTTP/1.1 200 OK"
[2026-06-12 22:37:02,042] INFO - Retrying request to /chat/completions in 0.839957 seconds
[2026-06-12 22:37:06,954] INFO - HTTP Request: POST https://jeniya.cn/v1/chat/completions "HTTP/1.1 200 OK"
[2026-06-12 22:37:13,872] INFO - HTTP Request: POST https://jeniya.cn/v1/chat/completions "HTTP/1.1 200 OK"
[2026-06-12 22:37:17,722] INFO - HTTP Request: POST https://jeniya.cn/v1/chat/completions "HTTP/1.1 200 OK"
[2026-06-12 22:37:18,925] INFO - Retrying request to /chat/completions in 0.442709 seconds
[2026-06-12 22:37:22,425] INFO - HTTP Request: POST https://jeniya.cn/v1/chat/completions "HTTP/1.1 200 OK"
[2026-06-12 22:37:23,342] INFO - HTTP Request: POST https://jeniya.cn/v1/chat/completions "HTTP/1.1 200 OK"
[2026-06-12 22:37:26,748] INFO - HTTP Request: POST https://jeniya.cn/v1/chat/completions "HTTP/1.1 200 OK"
[2026-06-12 22:37:36,089] INFO - HTTP Request: POST https://jeniya.cn/v1/chat/completions "HTTP/1.1 200 OK"
[2026-06-12 22:37:39,137] INFO - Retrying request to /chat/completions in 0.449465 seconds
[2026-06-12 22:37:39,392] INFO - HTTP Request: POST https://jeniya.cn/v1/chat/completions "HTTP/1.1 200 OK"
[2026-06-12 22:37:44,118] INFO - HTTP Request: POST https://jeniya.cn/v1/chat/completions "HTTP/1.1 200 OK"
[2026-06-12 22:37:45,818] INFO - HTTP Request: POST https://jeniya.cn/v1/chat/completions "HTTP/1.1 200 OK"
[2026-06-12 22:37:49,909] INFO - Retrying request to /chat/completions in 0.451519 seconds
[2026-06-12 22:37:54,602] INFO - HTTP Request: POST https://jeniya.cn/v1/chat/completions "HTTP/1.1 200 OK"
[2026-06-12 22:37:57,625] INFO - HTTP Request: POST https://jeniya.cn/v1/chat/completions "HTTP/1.1 200 OK"
[2026-06-12 22:38:00,420] INFO - 媒体已上传: RCTD-442.mp4 (4689.3 MB)
[2026-06-12 22:38:00,432] INFO - Config loaded from D:\code\Subtitle-Translation-Tools\config.json
[2026-06-12 22:38:25,241] INFO - HTTP Request: POST https://jeniya.cn/v1/chat/completions "HTTP/1.1 200 OK"
[2026-06-12 22:38:25,242] INFO - HTTP Request: POST https://jeniya.cn/v1/chat/completions "HTTP/1.1 200 OK"
[2026-06-12 22:38:25,242] INFO - HTTP Request: POST https://jeniya.cn/v1/chat/completions "HTTP/1.1 200 OK"
[2026-06-12 22:38:25,242] INFO - HTTP Request: POST https://jeniya.cn/v1/chat/completions "HTTP/1.1 200 OK"
[2026-06-12 22:38:25,243] INFO - HTTP Request: POST https://jeniya.cn/v1/chat/completions "HTTP/1.1 200 OK"
[2026-06-12 22:38:25,243] INFO - HTTP Request: POST https://jeniya.cn/v1/chat/completions "HTTP/1.1 200 OK"
[2026-06-12 22:38:25,244] INFO - HTTP Request: POST https://jeniya.cn/v1/chat/completions "HTTP/1.1 200 OK"
[2026-06-12 22:38:25,250] INFO - Retrying request to /chat/completions in 0.450488 seconds
[2026-06-12 22:38:32,550] INFO - HTTP Request: POST https://jeniya.cn/v1/chat/completions "HTTP/1.1 200 OK"
[2026-06-12 22:38:37,478] INFO - 加载 Demucs 模型 htdemucs …
[2026-06-12 22:38:40,543] INFO - HTTP Request: POST https://jeniya.cn/v1/chat/completions "HTTP/1.1 200 OK"
[2026-06-12 22:38:42,886] INFO - HTTP Request: POST https://jeniya.cn/v1/chat/completions "HTTP/1.1 200 OK"
[2026-06-12 22:38:43,637] INFO - HTTP Request: POST https://jeniya.cn/v1/chat/completions "HTTP/1.1 200 OK"
[2026-06-12 22:38:44,654] INFO - HTTP Request: POST https://jeniya.cn/v1/chat/completions "HTTP/1.1 200 OK"
[2026-06-12 22:38:47,430] INFO - HTTP Request: POST https://jeniya.cn/v1/chat/completions "HTTP/1.1 200 OK"
[2026-06-12 22:38:48,332] INFO - HTTP Request: POST https://jeniya.cn/v1/chat/completions "HTTP/1.1 200 OK"
[2026-06-12 22:38:48,350] INFO - HTTP Request: POST https://jeniya.cn/v1/chat/completions "HTTP/1.1 200 OK"
[2026-06-12 22:38:53,125] INFO - HTTP Request: POST https://jeniya.cn/v1/chat/completions "HTTP/1.1 200 OK"
[2026-06-12 22:38:54,103] INFO - HTTP Request: POST https://jeniya.cn/v1/chat/completions "HTTP/1.1 200 OK"
[2026-06-12 22:38:56,741] INFO - HTTP Request: POST https://jeniya.cn/v1/chat/completions "HTTP/1.1 200 OK"
[2026-06-12 22:38:58,963] INFO - HTTP Request: POST https://jeniya.cn/v1/chat/completions "HTTP/1.1 200 OK"
[2026-06-12 22:39:00,299] INFO - HTTP Request: POST https://jeniya.cn/v1/chat/completions "HTTP/1.1 200 OK"
[2026-06-12 22:39:06,774] INFO - HTTP Request: POST https://jeniya.cn/v1/chat/completions "HTTP/1.1 200 OK"
[2026-06-12 22:39:07,889] INFO - HTTP Request: POST https://jeniya.cn/v1/chat/completions "HTTP/1.1 200 OK"
[2026-06-12 22:39:09,395] INFO - HTTP Request: POST https://jeniya.cn/v1/chat/completions "HTTP/1.1 200 OK"
[2026-06-12 22:39:09,790] INFO - HTTP Request: POST https://jeniya.cn/v1/chat/completions "HTTP/1.1 200 OK"
[2026-06-12 22:39:12,246] INFO - HTTP Request: POST https://jeniya.cn/v1/chat/completions "HTTP/1.1 200 OK"
[2026-06-12 22:39:15,589] INFO - HTTP Request: POST https://jeniya.cn/v1/chat/completions "HTTP/1.1 200 OK"
[2026-06-12 22:39:19,839] INFO - HTTP Request: POST https://jeniya.cn/v1/chat/completions "HTTP/1.1 200 OK"
[2026-06-12 22:39:22,148] INFO - HTTP Request: POST https://jeniya.cn/v1/chat/completions "HTTP/1.1 200 OK"
[2026-06-12 22:39:27,184] INFO - HTTP Request: POST https://jeniya.cn/v1/chat/completions "HTTP/1.1 200 OK"
[2026-06-12 22:39:28,030] INFO - HTTP Request: POST https://jeniya.cn/v1/chat/completions "HTTP/1.1 200 OK"
[2026-06-12 22:39:28,607] INFO - HTTP Request: POST https://jeniya.cn/v1/chat/completions "HTTP/1.1 200 OK"
[2026-06-12 22:39:31,970] INFO - HTTP Request: POST https://jeniya.cn/v1/chat/completions "HTTP/1.1 200 OK"
[2026-06-12 22:39:32,046] INFO - HTTP Request: POST https://jeniya.cn/v1/chat/completions "HTTP/1.1 200 OK"
[2026-06-12 22:39:32,360] INFO - HTTP Request: POST https://jeniya.cn/v1/chat/completions "HTTP/1.1 200 OK"
[2026-06-12 22:39:35,061] INFO - HTTP Request: POST https://jeniya.cn/v1/chat/completions "HTTP/1.1 200 OK"
[2026-06-12 22:39:35,805] INFO - HTTP Request: POST https://jeniya.cn/v1/chat/completions "HTTP/1.1 200 OK"
[2026-06-12 22:39:44,457] INFO - HTTP Request: POST https://jeniya.cn/v1/chat/completions "HTTP/1.1 200 OK"
[2026-06-12 22:39:48,334] INFO - Retrying request to /chat/completions in 0.392732 seconds
[2026-06-12 22:39:48,947] INFO - HTTP Request: POST https://jeniya.cn/v1/chat/completions "HTTP/1.1 200 OK"
[2026-06-12 22:39:49,100] INFO - HTTP Request: POST https://jeniya.cn/v1/chat/completions "HTTP/1.1 200 OK"
[2026-06-12 22:39:49,768] INFO - HTTP Request: POST https://jeniya.cn/v1/chat/completions "HTTP/1.1 200 OK"
[2026-06-12 22:39:50,634] INFO - HTTP Request: POST https://jeniya.cn/v1/chat/completions "HTTP/1.1 200 OK"
[2026-06-12 22:39:51,888] INFO - HTTP Request: POST https://jeniya.cn/v1/chat/completions "HTTP/1.1 200 OK"
[2026-06-12 22:39:56,745] INFO - Retrying request to /chat/completions in 0.428328 seconds
[2026-06-12 22:40:00,140] INFO - HTTP Request: POST https://jeniya.cn/v1/chat/completions "HTTP/1.1 200 OK"
[2026-06-12 22:40:04,694] INFO - HTTP Request: POST https://jeniya.cn/v1/chat/completions "HTTP/1.1 200 OK"
[2026-06-12 22:40:08,983] INFO - HTTP Request: POST https://jeniya.cn/v1/chat/completions "HTTP/1.1 200 OK"
[2026-06-12 22:40:12,076] INFO - HTTP Request: POST https://jeniya.cn/v1/chat/completions "HTTP/1.1 200 OK"
[2026-06-12 22:40:14,148] INFO - HTTP Request: POST https://jeniya.cn/v1/chat/completions "HTTP/1.1 200 OK"
[2026-06-12 22:40:15,839] INFO - HTTP Request: POST https://jeniya.cn/v1/chat/completions "HTTP/1.1 200 OK"
[2026-06-12 22:40:17,226] INFO - HTTP Request: POST https://jeniya.cn/v1/chat/completions "HTTP/1.1 200 OK"
[2026-06-12 22:40:19,203] INFO - HTTP Request: POST https://jeniya.cn/v1/chat/completions "HTTP/1.1 200 OK"
[2026-06-12 22:40:22,073] INFO - HTTP Request: POST https://jeniya.cn/v1/chat/completions "HTTP/1.1 200 OK"
[2026-06-12 22:40:26,404] INFO - HTTP Request: POST https://jeniya.cn/v1/chat/completions "HTTP/1.1 200 OK"
[2026-06-12 22:40:27,177] INFO - HTTP Request: POST https://jeniya.cn/v1/chat/completions "HTTP/1.1 200 OK"
[2026-06-12 22:40:29,114] INFO - 加载 Whisper 模型 large-v3 (device=auto) …
[2026-06-12 22:40:30,143] INFO - HTTP Request: GET https://huggingface.co/api/models/Systran/faster-whisper-large-v3/revision/main "HTTP/1.1 200 OK"
[2026-06-12 22:40:32,372] INFO - Retrying request to /chat/completions in 0.413659 seconds
[2026-06-12 22:40:33,032] INFO - HTTP Request: POST https://jeniya.cn/v1/chat/completions "HTTP/1.1 200 OK"
[2026-06-12 22:40:33,757] INFO - HTTP Request: POST https://jeniya.cn/v1/chat/completions "HTTP/1.1 200 OK"
[2026-06-12 22:40:39,142] INFO - Processing audio with duration 01:44:04.267
[2026-06-12 22:40:48,857] INFO - HTTP Request: POST https://jeniya.cn/v1/chat/completions "HTTP/1.1 200 OK"
[2026-06-12 22:40:49,596] INFO - VAD filter removed 01:28:56.971 of audio
[2026-06-12 22:40:50,475] INFO - HTTP Request: POST https://jeniya.cn/v1/chat/completions "HTTP/1.1 200 OK"
[2026-06-12 22:40:50,658] INFO - HTTP Request: POST https://jeniya.cn/v1/chat/completions "HTTP/1.1 200 OK"
[2026-06-12 22:40:51,304] INFO - HTTP Request: POST https://jeniya.cn/v1/chat/completions "HTTP/1.1 200 OK"
[2026-06-12 22:40:55,048] INFO - HTTP Request: POST https://jeniya.cn/v1/chat/completions "HTTP/1.1 200 OK"
[2026-06-12 22:40:55,283] INFO - HTTP Request: POST https://jeniya.cn/v1/chat/completions "HTTP/1.1 200 OK"
[2026-06-12 22:40:57,786] INFO - Retrying request to /chat/completions in 0.920987 seconds
[2026-06-12 22:40:57,853] INFO - HTTP Request: POST https://jeniya.cn/v1/chat/completions "HTTP/1.1 200 OK"
[2026-06-12 22:41:02,986] INFO - HTTP Request: POST https://jeniya.cn/v1/chat/completions "HTTP/1.1 200 OK"
[2026-06-12 22:41:08,353] INFO - HTTP Request: POST https://jeniya.cn/v1/chat/completions "HTTP/1.1 200 OK"
[2026-06-12 22:41:08,608] INFO - HTTP Request: POST https://jeniya.cn/v1/chat/completions "HTTP/1.1 200 OK"
[2026-06-12 22:41:21,636] INFO - HTTP Request: POST https://jeniya.cn/v1/chat/completions "HTTP/1.1 200 OK"
[2026-06-12 22:41:22,126] INFO - HTTP Request: POST https://jeniya.cn/v1/chat/completions "HTTP/1.1 200 OK"
[2026-06-12 22:41:24,161] INFO - HTTP Request: POST https://jeniya.cn/v1/chat/completions "HTTP/1.1 200 OK"
[2026-06-12 22:41:24,386] INFO - HTTP Request: POST https://jeniya.cn/v1/chat/completions "HTTP/1.1 200 OK"
[2026-06-12 22:41:29,709] INFO - HTTP Request: POST https://jeniya.cn/v1/chat/completions "HTTP/1.1 200 OK"
[2026-06-12 22:41:32,990] INFO - HTTP Request: POST https://jeniya.cn/v1/chat/completions "HTTP/1.1 200 OK"
[2026-06-12 22:41:35,106] INFO - HTTP Request: POST https://jeniya.cn/v1/chat/completions "HTTP/1.1 200 OK"
[2026-06-12 22:41:42,130] INFO - HTTP Request: POST https://jeniya.cn/v1/chat/completions "HTTP/1.1 200 OK"
[2026-06-12 22:41:50,480] INFO - Retrying request to /chat/completions in 0.466990 seconds
[2026-06-12 22:41:51,255] INFO - HTTP Request: POST https://jeniya.cn/v1/chat/completions "HTTP/1.1 200 OK"
[2026-06-12 22:41:52,409] INFO - HTTP Request: POST https://jeniya.cn/v1/chat/completions "HTTP/1.1 200 OK"
[2026-06-12 22:41:52,856] INFO - HTTP Request: POST https://jeniya.cn/v1/chat/completions "HTTP/1.1 200 OK"
[2026-06-12 22:41:54,573] INFO - HTTP Request: POST https://jeniya.cn/v1/chat/completions "HTTP/1.1 200 OK"
[2026-06-12 22:41:54,702] INFO - HTTP Request: POST https://jeniya.cn/v1/chat/completions "HTTP/1.1 200 OK"
[2026-06-12 22:41:55,487] INFO - HTTP Request: POST https://jeniya.cn/v1/chat/completions "HTTP/1.1 200 OK"
[2026-06-12 22:42:01,878] INFO - HTTP Request: POST https://jeniya.cn/v1/chat/completions "HTTP/1.1 200 OK"
[2026-06-12 22:42:02,999] INFO - Retrying request to /chat/completions in 0.377467 seconds
[2026-06-12 22:42:04,313] INFO - Config loaded from D:\code\Subtitle-Translation-Tools\config.json
[2026-06-12 22:42:06,250] INFO - HTTP Request: POST https://jeniya.cn/v1/chat/completions "HTTP/1.1 200 OK"
[2026-06-12 22:42:10,000] INFO - HTTP Request: POST https://jeniya.cn/v1/chat/completions "HTTP/1.1 200 OK"
[2026-06-12 22:42:11,725] INFO - HTTP Request: POST https://jeniya.cn/v1/chat/completions "HTTP/1.1 200 OK"
[2026-06-12 22:42:12,930] INFO - HTTP Request: POST https://jeniya.cn/v1/chat/completions "HTTP/1.1 200 OK"
[2026-06-12 22:42:13,187] INFO - HTTP Request: POST https://jeniya.cn/v1/chat/completions "HTTP/1.1 200 OK"
[2026-06-12 22:42:13,780] INFO - HTTP Request: POST https://jeniya.cn/v1/chat/completions "HTTP/1.1 200 OK"
[2026-06-12 22:42:14,124] INFO - HTTP Request: POST https://jeniya.cn/v1/chat/completions "HTTP/1.1 200 OK"
[2026-06-12 22:42:14,842] INFO - HTTP Request: POST https://jeniya.cn/v1/chat/completions "HTTP/1.1 200 OK"
[2026-06-12 22:42:15,175] INFO - HTTP Request: POST https://jeniya.cn/v1/chat/completions "HTTP/1.1 200 OK"
[2026-06-12 22:42:16,667] INFO - HTTP Request: POST https://jeniya.cn/v1/chat/completions "HTTP/1.1 200 OK"
[2026-06-12 22:42:19,659] INFO - HTTP Request: POST https://jeniya.cn/v1/chat/completions "HTTP/1.1 200 OK"
[2026-06-12 22:42:19,663] INFO - HTTP Request: POST https://jeniya.cn/v1/chat/completions "HTTP/1.1 200 OK"
[2026-06-12 22:42:20,316] INFO - HTTP Request: POST https://jeniya.cn/v1/chat/completions "HTTP/1.1 200 OK"
[2026-06-12 22:42:21,763] INFO - HTTP Request: POST https://jeniya.cn/v1/chat/completions "HTTP/1.1 200 OK"
[2026-06-12 22:42:21,938] INFO - HTTP Request: POST https://jeniya.cn/v1/chat/completions "HTTP/1.1 200 OK"
[2026-06-12 22:42:26,043] INFO - HTTP Request: POST https://jeniya.cn/v1/chat/completions "HTTP/1.1 200 OK"
[2026-06-12 22:42:26,208] INFO - HTTP Request: POST https://jeniya.cn/v1/chat/completions "HTTP/1.1 200 OK"
[2026-06-12 22:42:28,720] INFO - HTTP Request: POST https://jeniya.cn/v1/chat/completions "HTTP/1.1 200 OK"
[2026-06-12 22:42:32,075] INFO - HTTP Request: POST https://jeniya.cn/v1/chat/completions "HTTP/1.1 200 OK"
[2026-06-12 22:42:33,274] INFO - HTTP Request: POST https://jeniya.cn/v1/chat/completions "HTTP/1.1 200 OK"
[2026-06-12 22:42:34,333] INFO - HTTP Request: POST https://jeniya.cn/v1/chat/completions "HTTP/1.1 200 OK"
[2026-06-12 22:42:34,514] INFO - HTTP Request: POST https://jeniya.cn/v1/chat/completions "HTTP/1.1 200 OK"
[2026-06-12 22:42:34,520] INFO - HTTP Request: POST https://jeniya.cn/v1/chat/completions "HTTP/1.1 200 OK"
[2026-06-12 22:42:35,579] INFO - HTTP Request: POST https://jeniya.cn/v1/chat/completions "HTTP/1.1 200 OK"
[2026-06-12 22:42:37,868] INFO - HTTP Request: POST https://jeniya.cn/v1/chat/completions "HTTP/1.1 200 OK"
[2026-06-12 22:42:39,510] INFO - HTTP Request: POST https://jeniya.cn/v1/chat/completions "HTTP/1.1 200 OK"
[2026-06-12 22:42:40,706] INFO - HTTP Request: POST https://jeniya.cn/v1/chat/completions "HTTP/1.1 200 OK"
[2026-06-12 22:42:42,080] INFO - HTTP Request: POST https://jeniya.cn/v1/chat/completions "HTTP/1.1 200 OK"
[2026-06-12 22:42:42,626] INFO - HTTP Request: POST https://jeniya.cn/v1/chat/completions "HTTP/1.1 200 OK"
[2026-06-12 22:42:42,736] INFO - HTTP Request: POST https://jeniya.cn/v1/chat/completions "HTTP/1.1 200 OK"
[2026-06-12 22:42:42,783] INFO - HTTP Request: POST https://jeniya.cn/v1/chat/completions "HTTP/1.1 200 OK"
[2026-06-12 22:42:44,094] INFO - HTTP Request: POST https://jeniya.cn/v1/chat/completions "HTTP/1.1 200 OK"
[2026-06-12 22:42:45,978] INFO - HTTP Request: POST https://jeniya.cn/v1/chat/completions "HTTP/1.1 200 OK"
[2026-06-12 22:42:48,603] INFO - HTTP Request: POST https://jeniya.cn/v1/chat/completions "HTTP/1.1 200 OK"
[2026-06-12 22:42:49,920] INFO - HTTP Request: POST https://jeniya.cn/v1/chat/completions "HTTP/1.1 200 OK"
[2026-06-12 22:42:51,675] INFO - HTTP Request: POST https://jeniya.cn/v1/chat/completions "HTTP/1.1 200 OK"
[2026-06-12 22:42:53,685] INFO - HTTP Request: POST https://jeniya.cn/v1/chat/completions "HTTP/1.1 200 OK"
[2026-06-12 22:42:56,109] INFO - HTTP Request: POST https://jeniya.cn/v1/chat/completions "HTTP/1.1 200 OK"
[2026-06-12 22:42:56,348] INFO - HTTP Request: POST https://jeniya.cn/v1/chat/completions "HTTP/1.1 200 OK"
[2026-06-12 22:42:59,793] INFO - HTTP Request: POST https://jeniya.cn/v1/chat/completions "HTTP/1.1 200 OK"
[2026-06-12 22:42:59,987] INFO - HTTP Request: POST https://jeniya.cn/v1/chat/completions "HTTP/1.1 200 OK"
[2026-06-12 22:43:00,560] INFO - HTTP Request: POST https://jeniya.cn/v1/chat/completions "HTTP/1.1 200 OK"
[2026-06-12 22:43:01,374] INFO - HTTP Request: POST https://jeniya.cn/v1/chat/completions "HTTP/1.1 200 OK"
[2026-06-12 22:43:02,253] INFO - HTTP Request: POST https://jeniya.cn/v1/chat/completions "HTTP/1.1 200 OK"
[2026-06-12 22:43:02,454] INFO - HTTP Request: POST https://jeniya.cn/v1/chat/completions "HTTP/1.1 200 OK"
[2026-06-12 22:43:03,105] INFO - HTTP Request: POST https://jeniya.cn/v1/chat/completions "HTTP/1.1 200 OK"
[2026-06-12 22:43:03,963] INFO - Retrying request to /chat/completions in 0.889279 seconds
[2026-06-12 22:43:05,233] INFO - HTTP Request: POST https://jeniya.cn/v1/chat/completions "HTTP/1.1 200 OK"
[2026-06-12 22:43:05,281] INFO - HTTP Request: POST https://jeniya.cn/v1/chat/completions "HTTP/1.1 200 OK"
[2026-06-12 22:43:05,369] INFO - HTTP Request: POST https://jeniya.cn/v1/chat/completions "HTTP/1.1 200 OK"
[2026-06-12 22:43:06,735] INFO - HTTP Request: POST https://jeniya.cn/v1/chat/completions "HTTP/1.1 200 OK"
[2026-06-12 22:43:07,276] INFO - HTTP Request: POST https://jeniya.cn/v1/chat/completions "HTTP/1.1 200 OK"
[2026-06-12 22:43:07,538] INFO - HTTP Request: POST https://jeniya.cn/v1/chat/completions "HTTP/1.1 200 OK"
[2026-06-12 22:43:08,701] INFO - HTTP Request: POST https://jeniya.cn/v1/chat/completions "HTTP/1.1 200 OK"
[2026-06-12 22:43:08,727] INFO - HTTP Request: POST https://jeniya.cn/v1/chat/completions "HTTP/1.1 200 OK"
[2026-06-12 22:43:09,285] INFO - HTTP Request: POST https://jeniya.cn/v1/chat/completions "HTTP/1.1 200 OK"
[2026-06-12 22:43:14,492] INFO - HTTP Request: POST https://jeniya.cn/v1/chat/completions "HTTP/1.1 200 OK"
[2026-06-12 22:43:15,956] INFO - HTTP Request: POST https://jeniya.cn/v1/chat/completions "HTTP/1.1 200 OK"
[2026-06-12 22:43:16,593] INFO - HTTP Request: POST https://jeniya.cn/v1/chat/completions "HTTP/1.1 200 OK"
[2026-06-12 22:43:16,842] INFO - HTTP Request: POST https://jeniya.cn/v1/chat/completions "HTTP/1.1 200 OK"
[2026-06-12 22:43:17,039] INFO - HTTP Request: POST https://jeniya.cn/v1/chat/completions "HTTP/1.1 200 OK"
[2026-06-12 22:43:19,587] INFO - HTTP Request: POST https://jeniya.cn/v1/chat/completions "HTTP/1.1 200 OK"
[2026-06-12 22:43:19,711] INFO - HTTP Request: POST https://jeniya.cn/v1/chat/completions "HTTP/1.1 200 OK"
[2026-06-12 22:43:20,062] INFO - HTTP Request: POST https://jeniya.cn/v1/chat/completions "HTTP/1.1 200 OK"
[2026-06-12 22:43:21,137] INFO - HTTP Request: POST https://jeniya.cn/v1/chat/completions "HTTP/1.1 200 OK"
[2026-06-12 22:43:21,769] INFO - Retrying request to /chat/completions in 0.444762 seconds
[2026-06-12 22:43:22,141] INFO - HTTP Request: POST https://jeniya.cn/v1/chat/completions "HTTP/1.1 200 OK"
[2026-06-12 22:43:22,943] INFO - HTTP Request: POST https://jeniya.cn/v1/chat/completions "HTTP/1.1 200 OK"
[2026-06-12 22:43:24,339] INFO - HTTP Request: POST https://jeniya.cn/v1/chat/completions "HTTP/1.1 200 OK"
[2026-06-12 22:43:25,637] INFO - HTTP Request: POST https://jeniya.cn/v1/chat/completions "HTTP/1.1 200 OK"
[2026-06-12 22:43:25,651] INFO - HTTP Request: POST https://jeniya.cn/v1/chat/completions "HTTP/1.1 200 OK"
[2026-06-12 22:43:26,072] INFO - HTTP Request: POST https://jeniya.cn/v1/chat/completions "HTTP/1.1 200 OK"
[2026-06-12 22:43:26,256] INFO - HTTP Request: POST https://jeniya.cn/v1/chat/completions "HTTP/1.1 200 OK"
[2026-06-12 22:43:26,544] INFO - HTTP Request: POST https://jeniya.cn/v1/chat/completions "HTTP/1.1 200 OK"
[2026-06-12 22:43:27,482] INFO - HTTP Request: POST https://jeniya.cn/v1/chat/completions "HTTP/1.1 200 OK"
[2026-06-12 22:43:27,673] INFO - HTTP Request: POST https://jeniya.cn/v1/chat/completions "HTTP/1.1 200 OK"
[2026-06-12 22:43:28,880] INFO - HTTP Request: POST https://jeniya.cn/v1/chat/completions "HTTP/1.1 200 OK"
[2026-06-12 22:43:31,142] INFO - HTTP Request: POST https://jeniya.cn/v1/chat/completions "HTTP/1.1 200 OK"
[2026-06-12 22:43:31,743] INFO - HTTP Request: POST https://jeniya.cn/v1/chat/completions "HTTP/1.1 200 OK"
[2026-06-12 22:43:33,562] INFO - HTTP Request: POST https://jeniya.cn/v1/chat/completions "HTTP/1.1 200 OK"
[2026-06-12 22:43:33,907] INFO - HTTP Request: POST https://jeniya.cn/v1/chat/completions "HTTP/1.1 200 OK"
[2026-06-12 22:43:34,985] INFO - HTTP Request: POST https://jeniya.cn/v1/chat/completions "HTTP/1.1 200 OK"
[2026-06-12 22:43:35,500] INFO - HTTP Request: POST https://jeniya.cn/v1/chat/completions "HTTP/1.1 200 OK"
[2026-06-12 22:43:36,033] INFO - HTTP Request: POST https://jeniya.cn/v1/chat/completions "HTTP/1.1 200 OK"
[2026-06-12 22:43:38,176] INFO - HTTP Request: POST https://jeniya.cn/v1/chat/completions "HTTP/1.1 200 OK"
[2026-06-12 22:43:41,096] INFO - HTTP Request: POST https://jeniya.cn/v1/chat/completions "HTTP/1.1 200 OK"
[2026-06-12 22:43:41,110] INFO - HTTP Request: POST https://jeniya.cn/v1/chat/completions "HTTP/1.1 200 OK"
[2026-06-12 22:43:42,695] INFO - HTTP Request: POST https://jeniya.cn/v1/chat/completions "HTTP/1.1 200 OK"
[2026-06-12 22:43:42,705] INFO - HTTP Request: POST https://jeniya.cn/v1/chat/completions "HTTP/1.1 200 OK"
[2026-06-12 22:43:44,558] INFO - HTTP Request: POST https://jeniya.cn/v1/chat/completions "HTTP/1.1 200 OK"
[2026-06-12 22:43:45,229] INFO - HTTP Request: POST https://jeniya.cn/v1/chat/completions "HTTP/1.1 200 OK"
[2026-06-12 22:43:46,781] INFO - HTTP Request: POST https://jeniya.cn/v1/chat/completions "HTTP/1.1 200 OK"
[2026-06-12 22:43:47,238] INFO - HTTP Request: POST https://jeniya.cn/v1/chat/completions "HTTP/1.1 200 OK"
[2026-06-12 22:43:47,256] INFO - HTTP Request: POST https://jeniya.cn/v1/chat/completions "HTTP/1.1 200 OK"
[2026-06-12 22:43:50,391] INFO - HTTP Request: POST https://jeniya.cn/v1/chat/completions "HTTP/1.1 200 OK"
[2026-06-12 22:43:51,647] INFO - HTTP Request: POST https://jeniya.cn/v1/chat/completions "HTTP/1.1 200 OK"
[2026-06-12 22:43:51,679] INFO - Retrying request to /chat/completions in 0.434667 seconds
[2026-06-12 22:43:54,907] INFO - HTTP Request: POST https://jeniya.cn/v1/chat/completions "HTTP/1.1 200 OK"
[2026-06-12 22:43:56,049] INFO - HTTP Request: POST https://jeniya.cn/v1/chat/completions "HTTP/1.1 200 OK"
[2026-06-12 22:43:56,523] INFO - HTTP Request: POST https://jeniya.cn/v1/chat/completions "HTTP/1.1 200 OK"
[2026-06-12 22:43:56,708] INFO - HTTP Request: POST https://jeniya.cn/v1/chat/completions "HTTP/1.1 200 OK"
[2026-06-12 22:43:58,825] INFO - HTTP Request: POST https://jeniya.cn/v1/chat/completions "HTTP/1.1 200 OK"
[2026-06-12 22:43:59,027] INFO - HTTP Request: POST https://jeniya.cn/v1/chat/completions "HTTP/1.1 200 OK"
[2026-06-12 22:44:04,763] INFO - HTTP Request: POST https://jeniya.cn/v1/chat/completions "HTTP/1.1 200 OK"
[2026-06-12 22:44:04,958] INFO - HTTP Request: POST https://jeniya.cn/v1/chat/completions "HTTP/1.1 200 OK"
[2026-06-12 22:44:07,138] INFO - HTTP Request: POST https://jeniya.cn/v1/chat/completions "HTTP/1.1 200 OK"
[2026-06-12 22:44:08,707] INFO - HTTP Request: POST https://jeniya.cn/v1/chat/completions "HTTP/1.1 200 OK"
[2026-06-12 22:44:11,120] INFO - HTTP Request: POST https://jeniya.cn/v1/chat/completions "HTTP/1.1 200 OK"
[2026-06-12 22:44:11,573] INFO - HTTP Request: POST https://jeniya.cn/v1/chat/completions "HTTP/1.1 200 OK"
[2026-06-12 22:44:11,815] INFO - HTTP Request: POST https://jeniya.cn/v1/chat/completions "HTTP/1.1 200 OK"
[2026-06-12 22:44:12,282] INFO - HTTP Request: POST https://jeniya.cn/v1/chat/completions "HTTP/1.1 200 OK"
[2026-06-12 22:44:13,089] INFO - HTTP Request: POST https://jeniya.cn/v1/chat/completions "HTTP/1.1 200 OK"
[2026-06-12 22:44:15,374] INFO - HTTP Request: POST https://jeniya.cn/v1/chat/completions "HTTP/1.1 200 OK"
[2026-06-12 22:44:16,377] INFO - HTTP Request: POST https://jeniya.cn/v1/chat/completions "HTTP/1.1 200 OK"
[2026-06-12 22:44:16,736] INFO - HTTP Request: POST https://jeniya.cn/v1/chat/completions "HTTP/1.1 200 OK"
[2026-06-12 22:44:18,573] INFO - HTTP Request: POST https://jeniya.cn/v1/chat/completions "HTTP/1.1 200 OK"
[2026-06-12 22:44:18,588] INFO - HTTP Request: POST https://jeniya.cn/v1/chat/completions "HTTP/1.1 200 OK"
[2026-06-12 22:44:19,713] INFO - Retrying request to /chat/completions in 0.431911 seconds
[2026-06-12 22:44:20,287] INFO - HTTP Request: POST https://jeniya.cn/v1/chat/completions "HTTP/1.1 200 OK"
[2026-06-12 22:44:21,234] INFO - HTTP Request: POST https://jeniya.cn/v1/chat/completions "HTTP/1.1 200 OK"
[2026-06-12 22:44:21,460] INFO - HTTP Request: POST https://jeniya.cn/v1/chat/completions "HTTP/1.1 200 OK"
[2026-06-12 22:44:22,958] INFO - Retrying request to /chat/completions in 0.414006 seconds
[2026-06-12 22:44:25,658] INFO - Retrying request to /chat/completions in 0.441667 seconds
[2026-06-12 22:44:27,467] INFO - HTTP Request: POST https://jeniya.cn/v1/chat/completions "HTTP/1.1 200 OK"
[2026-06-12 22:44:28,642] INFO - HTTP Request: POST https://jeniya.cn/v1/chat/completions "HTTP/1.1 200 OK"
[2026-06-12 22:44:28,775] INFO - HTTP Request: POST https://jeniya.cn/v1/chat/completions "HTTP/1.1 200 OK"
[2026-06-12 22:44:31,518] INFO - HTTP Request: POST https://jeniya.cn/v1/chat/completions "HTTP/1.1 200 OK"
[2026-06-12 22:44:34,939] INFO - HTTP Request: POST https://jeniya.cn/v1/chat/completions "HTTP/1.1 200 OK"
[2026-06-12 22:44:39,490] INFO - HTTP Request: POST https://jeniya.cn/v1/chat/completions "HTTP/1.1 200 OK"
[2026-06-12 22:44:39,727] INFO - HTTP Request: POST https://jeniya.cn/v1/chat/completions "HTTP/1.1 200 OK"
[2026-06-12 22:44:40,200] INFO - HTTP Request: POST https://jeniya.cn/v1/chat/completions "HTTP/1.1 200 OK"
[2026-06-12 22:44:41,103] INFO - Retrying request to /chat/completions in 0.471928 seconds
[2026-06-12 22:44:41,112] INFO - HTTP Request: POST https://jeniya.cn/v1/chat/completions "HTTP/1.1 200 OK"
[2026-06-12 22:44:42,698] INFO - Retrying request to /chat/completions in 0.438458 seconds
[2026-06-12 22:44:43,032] INFO - HTTP Request: POST https://jeniya.cn/v1/chat/completions "HTTP/1.1 200 OK"
[2026-06-12 22:44:43,302] INFO - HTTP Request: POST https://jeniya.cn/v1/chat/completions "HTTP/1.1 200 OK"
[2026-06-12 22:44:43,454] INFO - HTTP Request: POST https://jeniya.cn/v1/chat/completions "HTTP/1.1 200 OK"
[2026-06-12 22:44:45,493] INFO - HTTP Request: POST https://jeniya.cn/v1/chat/completions "HTTP/1.1 200 OK"
[2026-06-12 22:44:45,642] INFO - HTTP Request: POST https://jeniya.cn/v1/chat/completions "HTTP/1.1 200 OK"
[2026-06-12 22:44:48,251] INFO - HTTP Request: POST https://jeniya.cn/v1/chat/completions "HTTP/1.1 200 OK"
[2026-06-12 22:44:49,074] INFO - HTTP Request: POST https://jeniya.cn/v1/chat/completions "HTTP/1.1 200 OK"
[2026-06-12 22:44:49,646] INFO - HTTP Request: POST https://jeniya.cn/v1/chat/completions "HTTP/1.1 200 OK"
[2026-06-12 22:44:51,970] INFO - HTTP Request: POST https://jeniya.cn/v1/chat/completions "HTTP/1.1 200 OK"
[2026-06-12 22:44:52,902] INFO - HTTP Request: POST https://jeniya.cn/v1/chat/completions "HTTP/1.1 200 OK"
[2026-06-12 22:44:53,765] INFO - HTTP Request: POST https://jeniya.cn/v1/chat/completions "HTTP/1.1 200 OK"
[2026-06-12 22:44:59,298] INFO - HTTP Request: POST https://jeniya.cn/v1/chat/completions "HTTP/1.1 200 OK"
[2026-06-12 22:44:59,484] INFO - HTTP Request: POST https://jeniya.cn/v1/chat/completions "HTTP/1.1 200 OK"
[2026-06-12 22:45:00,028] INFO - HTTP Request: POST https://jeniya.cn/v1/chat/completions "HTTP/1.1 200 OK"
[2026-06-12 22:45:00,943] INFO - HTTP Request: POST https://jeniya.cn/v1/chat/completions "HTTP/1.1 200 OK"
[2026-06-12 22:45:00,991] INFO - HTTP Request: POST https://jeniya.cn/v1/chat/completions "HTTP/1.1 200 OK"
[2026-06-12 22:45:01,343] INFO - HTTP Request: POST https://jeniya.cn/v1/chat/completions "HTTP/1.1 200 OK"
[2026-06-12 22:45:02,338] INFO - HTTP Request: POST https://jeniya.cn/v1/chat/completions "HTTP/1.1 200 OK"
[2026-06-12 22:45:02,529] INFO - HTTP Request: POST https://jeniya.cn/v1/chat/completions "HTTP/1.1 200 OK"
[2026-06-12 22:45:02,872] INFO - HTTP Request: POST https://jeniya.cn/v1/chat/completions "HTTP/1.1 200 OK"
[2026-06-12 22:45:04,548] INFO - HTTP Request: POST https://jeniya.cn/v1/chat/completions "HTTP/1.1 200 OK"
[2026-06-12 22:45:04,774] INFO - HTTP Request: POST https://jeniya.cn/v1/chat/completions "HTTP/1.1 200 OK"
[2026-06-12 22:45:06,546] INFO - HTTP Request: POST https://jeniya.cn/v1/chat/completions "HTTP/1.1 200 OK"
[2026-06-12 22:45:08,307] INFO - HTTP Request: POST https://jeniya.cn/v1/chat/completions "HTTP/1.1 200 OK"
[2026-06-12 22:45:10,764] INFO - HTTP Request: POST https://jeniya.cn/v1/chat/completions "HTTP/1.1 200 OK"
[2026-06-12 22:45:13,378] INFO - HTTP Request: POST https://jeniya.cn/v1/chat/completions "HTTP/1.1 200 OK"
[2026-06-12 22:45:13,583] INFO - HTTP Request: POST https://jeniya.cn/v1/chat/completions "HTTP/1.1 200 OK"
[2026-06-12 22:45:16,089] INFO - HTTP Request: POST https://jeniya.cn/v1/chat/completions "HTTP/1.1 200 OK"
[2026-06-12 22:45:16,383] INFO - Retrying request to /chat/completions in 0.453082 seconds
[2026-06-12 22:45:16,752] INFO - HTTP Request: POST https://jeniya.cn/v1/chat/completions "HTTP/1.1 200 OK"
[2026-06-12 22:45:17,555] INFO - HTTP Request: POST https://jeniya.cn/v1/chat/completions "HTTP/1.1 200 OK"
[2026-06-12 22:45:17,857] INFO - HTTP Request: POST https://jeniya.cn/v1/chat/completions "HTTP/1.1 200 OK"
[2026-06-12 22:45:17,904] INFO - HTTP Request: POST https://jeniya.cn/v1/chat/completions "HTTP/1.1 200 OK"
[2026-06-12 22:45:17,964] INFO - HTTP Request: POST https://jeniya.cn/v1/chat/completions "HTTP/1.1 200 OK"
[2026-06-12 22:45:19,252] INFO - HTTP Request: POST https://jeniya.cn/v1/chat/completions "HTTP/1.1 200 OK"
[2026-06-12 22:45:19,263] INFO - HTTP Request: POST https://jeniya.cn/v1/chat/completions "HTTP/1.1 200 OK"
[2026-06-12 22:45:19,984] INFO - HTTP Request: POST https://jeniya.cn/v1/chat/completions "HTTP/1.1 200 OK"
[2026-06-12 22:45:20,201] INFO - HTTP Request: POST https://jeniya.cn/v1/chat/completions "HTTP/1.1 200 OK"
[2026-06-12 22:45:20,214] INFO - HTTP Request: POST https://jeniya.cn/v1/chat/completions "HTTP/1.1 200 OK"
[2026-06-12 22:45:21,895] INFO - HTTP Request: POST https://jeniya.cn/v1/chat/completions "HTTP/1.1 200 OK"
[2026-06-12 22:45:23,776] INFO - HTTP Request: POST https://jeniya.cn/v1/chat/completions "HTTP/1.1 200 OK"
[2026-06-12 22:45:23,933] INFO - HTTP Request: POST https://jeniya.cn/v1/chat/completions "HTTP/1.1 200 OK"
[2026-06-12 22:45:24,376] INFO - HTTP Request: POST https://jeniya.cn/v1/chat/completions "HTTP/1.1 200 OK"
[2026-06-12 22:45:25,778] INFO - HTTP Request: POST https://jeniya.cn/v1/chat/completions "HTTP/1.1 200 OK"
[2026-06-12 22:45:26,389] INFO - Retrying request to /chat/completions in 0.794352 seconds
[2026-06-12 22:45:26,639] INFO - HTTP Request: POST https://jeniya.cn/v1/chat/completions "HTTP/1.1 200 OK"
[2026-06-12 22:45:27,236] INFO - HTTP Request: POST https://jeniya.cn/v1/chat/completions "HTTP/1.1 200 OK"
[2026-06-12 22:45:27,557] INFO - HTTP Request: POST https://jeniya.cn/v1/chat/completions "HTTP/1.1 200 OK"
[2026-06-12 22:45:27,661] INFO - HTTP Request: POST https://jeniya.cn/v1/chat/completions "HTTP/1.1 200 OK"
[2026-06-12 22:45:28,015] INFO - HTTP Request: POST https://jeniya.cn/v1/chat/completions "HTTP/1.1 200 OK"
[2026-06-12 22:45:28,399] INFO - HTTP Request: POST https://jeniya.cn/v1/chat/completions "HTTP/1.1 200 OK"
[2026-06-12 22:45:29,131] INFO - HTTP Request: POST https://jeniya.cn/v1/chat/completions "HTTP/1.1 200 OK"
[2026-06-12 22:45:30,578] INFO - HTTP Request: POST https://jeniya.cn/v1/chat/completions "HTTP/1.1 200 OK"
[2026-06-12 22:45:30,793] INFO - HTTP Request: POST https://jeniya.cn/v1/chat/completions "HTTP/1.1 200 OK"
[2026-06-12 22:45:31,464] INFO - HTTP Request: POST https://jeniya.cn/v1/chat/completions "HTTP/1.1 200 OK"
[2026-06-12 22:45:32,691] INFO - HTTP Request: POST https://jeniya.cn/v1/chat/completions "HTTP/1.1 200 OK"
[2026-06-12 22:45:33,446] INFO - HTTP Request: POST https://jeniya.cn/v1/chat/completions "HTTP/1.1 200 OK"
[2026-06-12 22:45:35,731] INFO - HTTP Request: POST https://jeniya.cn/v1/chat/completions "HTTP/1.1 200 OK"
[2026-06-12 22:45:35,733] INFO - HTTP Request: POST https://jeniya.cn/v1/chat/completions "HTTP/1.1 200 OK"
[2026-06-12 22:45:36,216] INFO - HTTP Request: POST https://jeniya.cn/v1/chat/completions "HTTP/1.1 200 OK"
[2026-06-12 22:45:36,466] INFO - HTTP Request: POST https://jeniya.cn/v1/chat/completions "HTTP/1.1 200 OK"
[2026-06-12 22:45:37,540] INFO - HTTP Request: POST https://jeniya.cn/v1/chat/completions "HTTP/1.1 200 OK"
[2026-06-12 22:45:37,602] INFO - HTTP Request: POST https://jeniya.cn/v1/chat/completions "HTTP/1.1 200 OK"
[2026-06-12 22:45:37,927] INFO - HTTP Request: POST https://jeniya.cn/v1/chat/completions "HTTP/1.1 200 OK"
[2026-06-12 22:45:37,998] INFO - HTTP Request: POST https://jeniya.cn/v1/chat/completions "HTTP/1.1 200 OK"
[2026-06-12 22:45:38,871] INFO - HTTP Request: POST https://jeniya.cn/v1/chat/completions "HTTP/1.1 200 OK"
[2026-06-12 22:45:39,119] INFO - HTTP Request: POST https://jeniya.cn/v1/chat/completions "HTTP/1.1 200 OK"
[2026-06-12 22:45:41,157] INFO - HTTP Request: POST https://jeniya.cn/v1/chat/completions "HTTP/1.1 200 OK"
[2026-06-12 22:45:41,312] INFO - HTTP Request: POST https://jeniya.cn/v1/chat/completions "HTTP/1.1 200 OK"
[2026-06-12 22:45:43,027] INFO - HTTP Request: POST https://jeniya.cn/v1/chat/completions "HTTP/1.1 200 OK"
[2026-06-12 22:45:43,632] INFO - HTTP Request: POST https://jeniya.cn/v1/chat/completions "HTTP/1.1 200 OK"
[2026-06-12 22:45:43,720] INFO - Retrying request to /chat/completions in 0.797614 seconds
[2026-06-12 22:45:44,656] INFO - HTTP Request: POST https://jeniya.cn/v1/chat/completions "HTTP/1.1 200 OK"
[2026-06-12 22:45:45,658] INFO - Retrying request to /chat/completions in 0.426037 seconds
[2026-06-12 22:45:46,100] INFO - HTTP Request: POST https://jeniya.cn/v1/chat/completions "HTTP/1.1 200 OK"
[2026-06-12 22:45:46,472] INFO - HTTP Request: POST https://jeniya.cn/v1/chat/completions "HTTP/1.1 200 OK"
[2026-06-12 22:45:47,196] INFO - HTTP Request: POST https://jeniya.cn/v1/chat/completions "HTTP/1.1 200 OK"
[2026-06-12 22:45:47,274] INFO - HTTP Request: POST https://jeniya.cn/v1/chat/completions "HTTP/1.1 200 OK"
[2026-06-12 22:45:48,241] INFO - HTTP Request: POST https://jeniya.cn/v1/chat/completions "HTTP/1.1 200 OK"
[2026-06-12 22:45:48,265] INFO - HTTP Request: POST https://jeniya.cn/v1/chat/completions "HTTP/1.1 200 OK"
[2026-06-12 22:45:48,394] INFO - HTTP Request: POST https://jeniya.cn/v1/chat/completions "HTTP/1.1 200 OK"
[2026-06-12 22:45:49,661] INFO - Retrying request to /chat/completions in 0.427465 seconds
[2026-06-12 22:45:50,024] INFO - HTTP Request: POST https://jeniya.cn/v1/chat/completions "HTTP/1.1 200 OK"
[2026-06-12 22:45:50,080] INFO - HTTP Request: POST https://jeniya.cn/v1/chat/completions "HTTP/1.1 200 OK"
[2026-06-12 22:45:50,384] INFO - HTTP Request: POST https://jeniya.cn/v1/chat/completions "HTTP/1.1 200 OK"
[2026-06-12 22:45:51,282] INFO - HTTP Request: POST https://jeniya.cn/v1/chat/completions "HTTP/1.1 200 OK"
[2026-06-12 22:45:51,917] INFO - HTTP Request: POST https://jeniya.cn/v1/chat/completions "HTTP/1.1 200 OK"
[2026-06-12 22:45:51,980] INFO - Retrying request to /chat/completions in 0.460191 seconds
[2026-06-12 22:45:52,924] INFO - HTTP Request: POST https://jeniya.cn/v1/chat/completions "HTTP/1.1 200 OK"
[2026-06-12 22:45:53,289] INFO - HTTP Request: POST https://jeniya.cn/v1/chat/completions "HTTP/1.1 200 OK"
[2026-06-12 22:45:53,875] INFO - HTTP Request: POST https://jeniya.cn/v1/chat/completions "HTTP/1.1 200 OK"
[2026-06-12 22:45:54,217] INFO - HTTP Request: POST https://jeniya.cn/v1/chat/completions "HTTP/1.1 200 OK"
[2026-06-12 22:45:54,932] INFO - HTTP Request: POST https://jeniya.cn/v1/chat/completions "HTTP/1.1 200 OK"
[2026-06-12 22:45:55,260] INFO - HTTP Request: POST https://jeniya.cn/v1/chat/completions "HTTP/1.1 200 OK"
[2026-06-12 22:45:55,511] INFO - HTTP Request: POST https://jeniya.cn/v1/chat/completions "HTTP/1.1 200 OK"
[2026-06-12 22:45:56,133] INFO - HTTP Request: POST https://jeniya.cn/v1/chat/completions "HTTP/1.1 200 OK"
[2026-06-12 22:45:57,002] INFO - HTTP Request: POST https://jeniya.cn/v1/chat/completions "HTTP/1.1 200 OK"
[2026-06-12 22:45:57,150] INFO - HTTP Request: POST https://jeniya.cn/v1/chat/completions "HTTP/1.1 200 OK"
[2026-06-12 22:45:57,468] INFO - HTTP Request: POST https://jeniya.cn/v1/chat/completions "HTTP/1.1 200 OK"
[2026-06-12 22:45:57,884] INFO - HTTP Request: POST https://jeniya.cn/v1/chat/completions "HTTP/1.1 200 OK"
[2026-06-12 22:45:58,892] INFO - HTTP Request: POST https://jeniya.cn/v1/chat/completions "HTTP/1.1 200 OK"
[2026-06-12 22:46:00,011] INFO - HTTP Request: POST https://jeniya.cn/v1/chat/completions "HTTP/1.1 200 OK"
[2026-06-12 22:46:01,344] INFO - HTTP Request: POST https://jeniya.cn/v1/chat/completions "HTTP/1.1 200 OK"
[2026-06-12 22:46:06,003] INFO - HTTP Request: POST https://jeniya.cn/v1/chat/completions "HTTP/1.1 200 OK"
[2026-06-12 22:46:06,334] INFO - HTTP Request: POST https://jeniya.cn/v1/chat/completions "HTTP/1.1 200 OK"
[2026-06-12 22:46:06,444] INFO - HTTP Request: POST https://jeniya.cn/v1/chat/completions "HTTP/1.1 200 OK"
[2026-06-12 22:46:07,294] INFO - HTTP Request: POST https://jeniya.cn/v1/chat/completions "HTTP/1.1 200 OK"
[2026-06-12 22:46:07,403] INFO - HTTP Request: POST https://jeniya.cn/v1/chat/completions "HTTP/1.1 200 OK"
[2026-06-12 22:46:08,152] INFO - HTTP Request: POST https://jeniya.cn/v1/chat/completions "HTTP/1.1 200 OK"
[2026-06-12 22:46:09,268] INFO - HTTP Request: POST https://jeniya.cn/v1/chat/completions "HTTP/1.1 200 OK"
[2026-06-12 22:46:09,666] INFO - HTTP Request: POST https://jeniya.cn/v1/chat/completions "HTTP/1.1 200 OK"
[2026-06-12 22:46:10,662] INFO - HTTP Request: POST https://jeniya.cn/v1/chat/completions "HTTP/1.1 200 OK"
[2026-06-12 22:46:11,467] INFO - HTTP Request: POST https://jeniya.cn/v1/chat/completions "HTTP/1.1 200 OK"
[2026-06-12 22:46:12,408] INFO - HTTP Request: POST https://jeniya.cn/v1/chat/completions "HTTP/1.1 200 OK"
[2026-06-12 22:46:14,167] INFO - HTTP Request: POST https://jeniya.cn/v1/chat/completions "HTTP/1.1 200 OK"
[2026-06-12 22:46:14,960] INFO - HTTP Request: POST https://jeniya.cn/v1/chat/completions "HTTP/1.1 200 OK"
[2026-06-12 22:46:15,730] INFO - HTTP Request: POST https://jeniya.cn/v1/chat/completions "HTTP/1.1 200 OK"
[2026-06-12 22:46:16,383] INFO - HTTP Request: POST https://jeniya.cn/v1/chat/completions "HTTP/1.1 200 OK"
[2026-06-12 22:46:16,791] INFO - HTTP Request: POST https://jeniya.cn/v1/chat/completions "HTTP/1.1 200 OK"
[2026-06-12 22:46:16,815] INFO - HTTP Request: POST https://jeniya.cn/v1/chat/completions "HTTP/1.1 200 OK"
[2026-06-12 22:46:18,042] INFO - HTTP Request: POST https://jeniya.cn/v1/chat/completions "HTTP/1.1 200 OK"
[2026-06-12 22:46:18,077] INFO - HTTP Request: POST https://jeniya.cn/v1/chat/completions "HTTP/1.1 200 OK"
[2026-06-12 22:46:18,740] INFO - HTTP Request: POST https://jeniya.cn/v1/chat/completions "HTTP/1.1 200 OK"
[2026-06-12 22:46:18,838] INFO - HTTP Request: POST https://jeniya.cn/v1/chat/completions "HTTP/1.1 200 OK"
[2026-06-12 22:46:19,825] INFO - HTTP Request: POST https://jeniya.cn/v1/chat/completions "HTTP/1.1 200 OK"
[2026-06-12 22:46:20,265] INFO - HTTP Request: POST https://jeniya.cn/v1/chat/completions "HTTP/1.1 200 OK"
[2026-06-12 22:46:21,734] INFO - HTTP Request: POST https://jeniya.cn/v1/chat/completions "HTTP/1.1 200 OK"
[2026-06-12 22:46:22,526] INFO - HTTP Request: POST https://jeniya.cn/v1/chat/completions "HTTP/1.1 200 OK"
[2026-06-12 22:46:22,643] INFO - HTTP Request: POST https://jeniya.cn/v1/chat/completions "HTTP/1.1 200 OK"
[2026-06-12 22:46:23,790] INFO - Retrying request to /chat/completions in 0.418137 seconds
[2026-06-12 22:46:25,187] INFO - HTTP Request: POST https://jeniya.cn/v1/chat/completions "HTTP/1.1 200 OK"
[2026-06-12 22:46:27,079] INFO - HTTP Request: POST https://jeniya.cn/v1/chat/completions "HTTP/1.1 200 OK"
[2026-06-12 22:46:29,963] INFO - HTTP Request: POST https://jeniya.cn/v1/chat/completions "HTTP/1.1 200 OK"
[2026-06-12 22:46:30,498] INFO - HTTP Request: POST https://jeniya.cn/v1/chat/completions "HTTP/1.1 200 OK"
[2026-06-12 22:46:30,968] INFO - HTTP Request: POST https://jeniya.cn/v1/chat/completions "HTTP/1.1 200 OK"
[2026-06-12 22:46:32,066] INFO - HTTP Request: POST https://jeniya.cn/v1/chat/completions "HTTP/1.1 200 OK"
[2026-06-12 22:46:32,773] INFO - HTTP Request: POST https://jeniya.cn/v1/chat/completions "HTTP/1.1 200 OK"
[2026-06-12 22:46:34,003] INFO - HTTP Request: POST https://jeniya.cn/v1/chat/completions "HTTP/1.1 200 OK"
[2026-06-12 22:46:35,389] INFO - HTTP Request: POST https://jeniya.cn/v1/chat/completions "HTTP/1.1 200 OK"
[2026-06-12 22:46:36,063] INFO - HTTP Request: POST https://jeniya.cn/v1/chat/completions "HTTP/1.1 200 OK"
[2026-06-12 22:46:36,705] INFO - HTTP Request: POST https://jeniya.cn/v1/chat/completions "HTTP/1.1 200 OK"
[2026-06-12 22:46:37,136] INFO - HTTP Request: POST https://jeniya.cn/v1/chat/completions "HTTP/1.1 200 OK"
[2026-06-12 22:46:37,360] INFO - HTTP Request: POST https://jeniya.cn/v1/chat/completions "HTTP/1.1 200 OK"
[2026-06-12 22:46:38,709] INFO - HTTP Request: POST https://jeniya.cn/v1/chat/completions "HTTP/1.1 200 OK"
[2026-06-12 22:46:40,457] INFO - HTTP Request: POST https://jeniya.cn/v1/chat/completions "HTTP/1.1 200 OK"
[2026-06-12 22:46:40,807] INFO - HTTP Request: POST https://jeniya.cn/v1/chat/completions "HTTP/1.1 200 OK"
[2026-06-12 22:46:41,041] INFO - HTTP Request: POST https://jeniya.cn/v1/chat/completions "HTTP/1.1 200 OK"
[2026-06-12 22:46:41,178] INFO - HTTP Request: POST https://jeniya.cn/v1/chat/completions "HTTP/1.1 200 OK"
[2026-06-12 22:46:43,175] INFO - HTTP Request: POST https://jeniya.cn/v1/chat/completions "HTTP/1.1 200 OK"
[2026-06-12 22:46:43,439] INFO - HTTP Request: POST https://jeniya.cn/v1/chat/completions "HTTP/1.1 200 OK"
[2026-06-12 22:46:45,247] INFO - HTTP Request: POST https://jeniya.cn/v1/chat/completions "HTTP/1.1 200 OK"
[2026-06-12 22:46:45,294] INFO - HTTP Request: POST https://jeniya.cn/v1/chat/completions "HTTP/1.1 200 OK"
[2026-06-12 22:46:45,670] INFO - HTTP Request: POST https://jeniya.cn/v1/chat/completions "HTTP/1.1 200 OK"
[2026-06-12 22:46:45,898] INFO - HTTP Request: POST https://jeniya.cn/v1/chat/completions "HTTP/1.1 200 OK"
[2026-06-12 22:46:45,993] INFO - HTTP Request: POST https://jeniya.cn/v1/chat/completions "HTTP/1.1 200 OK"
[2026-06-12 22:46:46,112] INFO - Retrying request to /chat/completions in 0.445569 seconds
[2026-06-12 22:46:46,628] INFO - HTTP Request: POST https://jeniya.cn/v1/chat/completions "HTTP/1.1 200 OK"
[2026-06-12 22:46:46,669] INFO - HTTP Request: POST https://jeniya.cn/v1/chat/completions "HTTP/1.1 200 OK"
[2026-06-12 22:46:47,202] INFO - Retrying request to /chat/completions in 0.494519 seconds
[2026-06-12 22:46:47,427] INFO - HTTP Request: POST https://jeniya.cn/v1/chat/completions "HTTP/1.1 200 OK"
[2026-06-12 22:46:48,514] INFO - HTTP Request: POST https://jeniya.cn/v1/chat/completions "HTTP/1.1 200 OK"
[2026-06-12 22:46:48,547] INFO - HTTP Request: POST https://jeniya.cn/v1/chat/completions "HTTP/1.1 200 OK"
[2026-06-12 22:46:49,844] INFO - HTTP Request: POST https://jeniya.cn/v1/chat/completions "HTTP/1.1 200 OK"
[2026-06-12 22:46:50,826] INFO - HTTP Request: POST https://jeniya.cn/v1/chat/completions "HTTP/1.1 200 OK"
[2026-06-12 22:46:50,878] INFO - HTTP Request: POST https://jeniya.cn/v1/chat/completions "HTTP/1.1 200 OK"
[2026-06-12 22:46:52,054] INFO - HTTP Request: POST https://jeniya.cn/v1/chat/completions "HTTP/1.1 200 OK"
[2026-06-12 22:46:52,265] INFO - HTTP Request: POST https://jeniya.cn/v1/chat/completions "HTTP/1.1 200 OK"
[2026-06-12 22:46:54,177] INFO - HTTP Request: POST https://jeniya.cn/v1/chat/completions "HTTP/1.1 200 OK"
[2026-06-12 22:46:55,490] INFO - HTTP Request: POST https://jeniya.cn/v1/chat/completions "HTTP/1.1 200 OK"
[2026-06-12 22:46:55,526] INFO - Retrying request to /chat/completions in 0.378768 seconds
[2026-06-12 22:46:55,638] INFO - HTTP Request: POST https://jeniya.cn/v1/chat/completions "HTTP/1.1 200 OK"
[2026-06-12 22:46:56,113] INFO - HTTP Request: POST https://jeniya.cn/v1/chat/completions "HTTP/1.1 200 OK"
[2026-06-12 22:46:56,959] INFO - HTTP Request: POST https://jeniya.cn/v1/chat/completions "HTTP/1.1 200 OK"
[2026-06-12 22:46:57,005] INFO - Retrying request to /chat/completions in 0.469472 seconds
[2026-06-12 22:46:58,787] INFO - HTTP Request: POST https://jeniya.cn/v1/chat/completions "HTTP/1.1 200 OK"
[2026-06-12 22:46:59,518] INFO - HTTP Request: POST https://jeniya.cn/v1/chat/completions "HTTP/1.1 200 OK"
[2026-06-12 22:47:00,159] INFO - HTTP Request: POST https://jeniya.cn/v1/chat/completions "HTTP/1.1 200 OK"
[2026-06-12 22:47:00,395] INFO - HTTP Request: POST https://jeniya.cn/v1/chat/completions "HTTP/1.1 200 OK"
[2026-06-12 22:47:01,228] INFO - HTTP Request: POST https://jeniya.cn/v1/chat/completions "HTTP/1.1 200 OK"
[2026-06-12 22:47:02,456] INFO - HTTP Request: POST https://jeniya.cn/v1/chat/completions "HTTP/1.1 200 OK"
[2026-06-12 22:47:02,542] INFO - HTTP Request: POST https://jeniya.cn/v1/chat/completions "HTTP/1.1 200 OK"
[2026-06-12 22:47:05,158] INFO - HTTP Request: POST https://jeniya.cn/v1/chat/completions "HTTP/1.1 200 OK"
[2026-06-12 22:47:05,352] INFO - HTTP Request: POST https://jeniya.cn/v1/chat/completions "HTTP/1.1 200 OK"
[2026-06-12 22:47:07,834] INFO - HTTP Request: POST https://jeniya.cn/v1/chat/completions "HTTP/1.1 200 OK"
[2026-06-12 22:47:09,207] INFO - HTTP Request: POST https://jeniya.cn/v1/chat/completions "HTTP/1.1 200 OK"
[2026-06-12 22:47:09,244] INFO - HTTP Request: POST https://jeniya.cn/v1/chat/completions "HTTP/1.1 200 OK"
[2026-06-12 22:47:13,176] INFO - HTTP Request: POST https://jeniya.cn/v1/chat/completions "HTTP/1.1 200 OK"
[2026-06-12 22:47:13,185] INFO - HTTP Request: POST https://jeniya.cn/v1/chat/completions "HTTP/1.1 200 OK"
[2026-06-12 22:47:13,233] INFO - HTTP Request: POST https://jeniya.cn/v1/chat/completions "HTTP/1.1 200 OK"
[2026-06-12 22:47:15,900] INFO - HTTP Request: POST https://jeniya.cn/v1/chat/completions "HTTP/1.1 200 OK"
[2026-06-12 22:47:16,812] INFO - HTTP Request: POST https://jeniya.cn/v1/chat/completions "HTTP/1.1 200 OK"
[2026-06-12 22:47:20,276] INFO - Retrying request to /chat/completions in 0.464372 seconds
[2026-06-12 22:47:20,532] INFO - HTTP Request: POST https://jeniya.cn/v1/chat/completions "HTTP/1.1 200 OK"
[2026-06-12 22:47:21,772] INFO - HTTP Request: POST https://jeniya.cn/v1/chat/completions "HTTP/1.1 200 OK"
[2026-06-12 22:47:24,479] INFO - HTTP Request: POST https://jeniya.cn/v1/chat/completions "HTTP/1.1 200 OK"
[2026-06-12 22:47:24,661] INFO - HTTP Request: POST https://jeniya.cn/v1/chat/completions "HTTP/1.1 200 OK"
[2026-06-12 22:47:24,798] INFO - Retrying request to /chat/completions in 0.922389 seconds
[2026-06-12 22:47:27,966] INFO - HTTP Request: POST https://jeniya.cn/v1/chat/completions "HTTP/1.1 200 OK"
[2026-06-12 22:47:28,060] INFO - HTTP Request: POST https://jeniya.cn/v1/chat/completions "HTTP/1.1 200 OK"
[2026-06-12 22:47:28,395] INFO - HTTP Request: POST https://jeniya.cn/v1/chat/completions "HTTP/1.1 200 OK"
[2026-06-12 22:47:31,255] INFO - HTTP Request: POST https://jeniya.cn/v1/chat/completions "HTTP/1.1 200 OK"
[2026-06-12 22:47:34,682] INFO - HTTP Request: POST https://jeniya.cn/v1/chat/completions "HTTP/1.1 200 OK"
[2026-06-12 22:47:35,405] INFO - Retrying request to /chat/completions in 0.465370 seconds
[2026-06-12 22:47:36,474] INFO - HTTP Request: POST https://jeniya.cn/v1/chat/completions "HTTP/1.1 200 OK"
[2026-06-12 22:47:36,678] INFO - HTTP Request: POST https://jeniya.cn/v1/chat/completions "HTTP/1.1 200 OK"
[2026-06-12 22:47:38,033] INFO - HTTP Request: POST https://jeniya.cn/v1/chat/completions "HTTP/1.1 200 OK"
[2026-06-12 22:47:38,950] INFO - HTTP Request: POST https://jeniya.cn/v1/chat/completions "HTTP/1.1 200 OK"
[2026-06-12 22:47:40,464] INFO - Retrying request to /chat/completions in 0.447622 seconds
[2026-06-12 22:47:41,246] INFO - HTTP Request: POST https://jeniya.cn/v1/chat/completions "HTTP/1.1 200 OK"
[2026-06-12 22:47:41,481] INFO - HTTP Request: POST https://jeniya.cn/v1/chat/completions "HTTP/1.1 200 OK"
[2026-06-12 22:47:41,707] INFO - HTTP Request: POST https://jeniya.cn/v1/chat/completions "HTTP/1.1 200 OK"
[2026-06-12 22:47:44,017] INFO - HTTP Request: POST https://jeniya.cn/v1/chat/completions "HTTP/1.1 200 OK"
[2026-06-12 22:47:45,249] INFO - Retrying request to /chat/completions in 0.481883 seconds
[2026-06-12 22:47:46,366] INFO - HTTP Request: POST https://jeniya.cn/v1/chat/completions "HTTP/1.1 200 OK"
[2026-06-12 22:47:46,997] INFO - HTTP Request: POST https://jeniya.cn/v1/chat/completions "HTTP/1.1 200 OK"
[2026-06-12 22:47:47,990] INFO - HTTP Request: POST https://jeniya.cn/v1/chat/completions "HTTP/1.1 200 OK"
[2026-06-12 22:47:48,826] INFO - HTTP Request: POST https://jeniya.cn/v1/chat/completions "HTTP/1.1 200 OK"
[2026-06-12 22:47:50,889] INFO - Retrying request to /chat/completions in 0.499609 seconds
[2026-06-12 22:47:50,983] INFO - HTTP Request: POST https://jeniya.cn/v1/chat/completions "HTTP/1.1 200 OK"
[2026-06-12 22:47:53,568] INFO - HTTP Request: POST https://jeniya.cn/v1/chat/completions "HTTP/1.1 200 OK"
[2026-06-12 22:47:53,835] INFO - HTTP Request: POST https://jeniya.cn/v1/chat/completions "HTTP/1.1 200 OK"
[2026-06-12 22:47:57,476] INFO - HTTP Request: POST https://jeniya.cn/v1/chat/completions "HTTP/1.1 200 OK"
[2026-06-12 22:47:58,590] INFO - HTTP Request: POST https://jeniya.cn/v1/chat/completions "HTTP/1.1 200 OK"
[2026-06-12 22:48:01,477] INFO - HTTP Request: POST https://jeniya.cn/v1/chat/completions "HTTP/1.1 200 OK"
[2026-06-12 22:48:01,692] INFO - HTTP Request: POST https://jeniya.cn/v1/chat/completions "HTTP/1.1 200 OK"
[2026-06-12 22:48:02,184] INFO - HTTP Request: POST https://jeniya.cn/v1/chat/completions "HTTP/1.1 200 OK"
[2026-06-12 22:48:02,851] INFO - HTTP Request: POST https://jeniya.cn/v1/chat/completions "HTTP/1.1 200 OK"
[2026-06-12 22:48:03,241] INFO - HTTP Request: POST https://jeniya.cn/v1/chat/completions "HTTP/1.1 200 OK"
[2026-06-12 22:48:03,314] INFO - HTTP Request: POST https://jeniya.cn/v1/chat/completions "HTTP/1.1 200 OK"
[2026-06-12 22:48:04,024] INFO - HTTP Request: POST https://jeniya.cn/v1/chat/completions "HTTP/1.1 200 OK"
[2026-06-12 22:48:09,257] INFO - Retrying request to /chat/completions in 0.466194 seconds
[2026-06-12 22:48:10,683] INFO - HTTP Request: POST https://jeniya.cn/v1/chat/completions "HTTP/1.1 200 OK"
[2026-06-12 22:48:11,322] INFO - HTTP Request: POST https://jeniya.cn/v1/chat/completions "HTTP/1.1 200 OK"
[2026-06-12 22:48:12,159] INFO - HTTP Request: POST https://jeniya.cn/v1/chat/completions "HTTP/1.1 200 OK"
[2026-06-12 22:48:13,106] INFO - HTTP Request: POST https://jeniya.cn/v1/chat/completions "HTTP/1.1 200 OK"
[2026-06-12 22:48:15,571] INFO - HTTP Request: POST https://jeniya.cn/v1/chat/completions "HTTP/1.1 200 OK"
[2026-06-12 22:48:16,453] INFO - HTTP Request: POST https://jeniya.cn/v1/chat/completions "HTTP/1.1 200 OK"
[2026-06-12 22:48:17,409] INFO - HTTP Request: POST https://jeniya.cn/v1/chat/completions "HTTP/1.1 200 OK"
[2026-06-12 22:48:18,500] INFO - HTTP Request: POST https://jeniya.cn/v1/chat/completions "HTTP/1.1 200 OK"
[2026-06-12 22:48:21,311] INFO - Retrying request to /chat/completions in 0.827683 seconds
[2026-06-12 22:48:22,886] INFO - HTTP Request: POST https://jeniya.cn/v1/chat/completions "HTTP/1.1 200 OK"
[2026-06-12 22:48:24,483] INFO - HTTP Request: POST https://jeniya.cn/v1/chat/completions "HTTP/1.1 200 OK"
[2026-06-12 22:48:25,899] INFO - HTTP Request: POST https://jeniya.cn/v1/chat/completions "HTTP/1.1 200 OK"
[2026-06-12 22:48:26,854] INFO - HTTP Request: POST https://jeniya.cn/v1/chat/completions "HTTP/1.1 200 OK"
[2026-06-12 22:48:29,501] INFO - HTTP Request: POST https://jeniya.cn/v1/chat/completions "HTTP/1.1 200 OK"
[2026-06-12 22:48:32,851] INFO - HTTP Request: POST https://jeniya.cn/v1/chat/completions "HTTP/1.1 200 OK"
[2026-06-12 22:48:33,151] INFO - HTTP Request: POST https://jeniya.cn/v1/chat/completions "HTTP/1.1 200 OK"
[2026-06-12 22:48:35,816] INFO - HTTP Request: POST https://jeniya.cn/v1/chat/completions "HTTP/1.1 200 OK"
[2026-06-12 22:48:37,341] INFO - HTTP Request: POST https://jeniya.cn/v1/chat/completions "HTTP/1.1 200 OK"
[2026-06-12 22:48:37,380] INFO - HTTP Request: POST https://jeniya.cn/v1/chat/completions "HTTP/1.1 200 OK"
[2026-06-12 22:48:40,225] INFO - HTTP Request: POST https://jeniya.cn/v1/chat/completions "HTTP/1.1 200 OK"
[2026-06-12 22:48:40,958] INFO - HTTP Request: POST https://jeniya.cn/v1/chat/completions "HTTP/1.1 200 OK"
[2026-06-12 22:48:42,585] INFO - HTTP Request: POST https://jeniya.cn/v1/chat/completions "HTTP/1.1 200 OK"
[2026-06-12 22:48:43,896] INFO - HTTP Request: POST https://jeniya.cn/v1/chat/completions "HTTP/1.1 200 OK"
[2026-06-12 22:48:44,113] INFO - HTTP Request: POST https://jeniya.cn/v1/chat/completions "HTTP/1.1 200 OK"
[2026-06-12 22:48:44,170] INFO - HTTP Request: POST https://jeniya.cn/v1/chat/completions "HTTP/1.1 200 OK"
[2026-06-12 22:48:47,448] INFO - HTTP Request: POST https://jeniya.cn/v1/chat/completions "HTTP/1.1 200 OK"
[2026-06-12 22:48:48,664] INFO - HTTP Request: POST https://jeniya.cn/v1/chat/completions "HTTP/1.1 200 OK"
[2026-06-12 22:48:48,832] INFO - Retrying request to /chat/completions in 0.388571 seconds
[2026-06-12 22:48:50,998] INFO - Retrying request to /chat/completions in 0.439695 seconds
[2026-06-12 22:48:52,752] INFO - HTTP Request: POST https://jeniya.cn/v1/chat/completions "HTTP/1.1 200 OK"
[2026-06-12 22:48:54,791] INFO - HTTP Request: POST https://jeniya.cn/v1/chat/completions "HTTP/1.1 200 OK"
[2026-06-12 22:48:55,183] INFO - HTTP Request: POST https://jeniya.cn/v1/chat/completions "HTTP/1.1 200 OK"
[2026-06-12 22:48:58,364] INFO - HTTP Request: POST https://jeniya.cn/v1/chat/completions "HTTP/1.1 200 OK"
[2026-06-12 22:48:58,593] INFO - Retrying request to /chat/completions in 0.388495 seconds
[2026-06-12 22:48:58,762] INFO - HTTP Request: POST https://jeniya.cn/v1/chat/completions "HTTP/1.1 200 OK"
[2026-06-12 22:48:59,021] INFO - HTTP Request: POST https://jeniya.cn/v1/chat/completions "HTTP/1.1 200 OK"
[2026-06-12 22:48:59,078] INFO - HTTP Request: POST https://jeniya.cn/v1/chat/completions "HTTP/1.1 200 OK"
[2026-06-12 22:48:59,281] INFO - HTTP Request: POST https://jeniya.cn/v1/chat/completions "HTTP/1.1 200 OK"
[2026-06-12 22:48:59,650] INFO - HTTP Request: POST https://jeniya.cn/v1/chat/completions "HTTP/1.1 200 OK"
[2026-06-12 22:49:00,026] INFO - HTTP Request: POST https://jeniya.cn/v1/chat/completions "HTTP/1.1 200 OK"
[2026-06-12 22:49:01,490] INFO - Retrying request to /chat/completions in 0.385039 seconds
[2026-06-12 22:49:01,519] INFO - HTTP Request: POST https://jeniya.cn/v1/chat/completions "HTTP/1.1 200 OK"
[2026-06-12 22:49:03,106] INFO - HTTP Request: POST https://jeniya.cn/v1/chat/completions "HTTP/1.1 200 OK"
[2026-06-12 22:49:05,736] INFO - HTTP Request: POST https://jeniya.cn/v1/chat/completions "HTTP/1.1 200 OK"
[2026-06-12 22:49:06,745] INFO - HTTP Request: POST https://jeniya.cn/v1/chat/completions "HTTP/1.1 200 OK"
[2026-06-12 22:49:07,277] INFO - HTTP Request: POST https://jeniya.cn/v1/chat/completions "HTTP/1.1 200 OK"
[2026-06-12 22:49:07,397] INFO - HTTP Request: POST https://jeniya.cn/v1/chat/completions "HTTP/1.1 200 OK"
[2026-06-12 22:49:08,187] INFO - HTTP Request: POST https://jeniya.cn/v1/chat/completions "HTTP/1.1 200 OK"
[2026-06-12 22:49:08,328] INFO - HTTP Request: POST https://jeniya.cn/v1/chat/completions "HTTP/1.1 200 OK"
[2026-06-12 22:49:11,906] INFO - HTTP Request: POST https://jeniya.cn/v1/chat/completions "HTTP/1.1 200 OK"
[2026-06-12 22:49:12,165] INFO - Retrying request to /chat/completions in 0.437644 seconds
[2026-06-12 22:49:13,803] INFO - HTTP Request: POST https://jeniya.cn/v1/chat/completions "HTTP/1.1 200 OK"
[2026-06-12 22:49:17,414] INFO - Retrying request to /chat/completions in 0.402148 seconds
[2026-06-12 22:49:17,961] INFO - HTTP Request: POST https://jeniya.cn/v1/chat/completions "HTTP/1.1 200 OK"
[2026-06-12 22:49:18,632] INFO - HTTP Request: POST https://jeniya.cn/v1/chat/completions "HTTP/1.1 200 OK"
[2026-06-12 22:49:19,889] INFO - HTTP Request: POST https://jeniya.cn/v1/chat/completions "HTTP/1.1 200 OK"
[2026-06-12 22:49:19,939] INFO - HTTP Request: POST https://jeniya.cn/v1/chat/completions "HTTP/1.1 200 OK"
[2026-06-12 22:49:21,037] INFO - HTTP Request: POST https://jeniya.cn/v1/chat/completions "HTTP/1.1 200 OK"
[2026-06-12 22:49:24,090] INFO - HTTP Request: POST https://jeniya.cn/v1/chat/completions "HTTP/1.1 200 OK"
[2026-06-12 22:49:24,768] INFO - HTTP Request: POST https://jeniya.cn/v1/chat/completions "HTTP/1.1 200 OK"
[2026-06-12 22:49:25,939] INFO - HTTP Request: POST https://jeniya.cn/v1/chat/completions "HTTP/1.1 200 OK"
[2026-06-12 22:49:27,039] INFO - HTTP Request: POST https://jeniya.cn/v1/chat/completions "HTTP/1.1 200 OK"
[2026-06-12 22:49:27,322] INFO - HTTP Request: POST https://jeniya.cn/v1/chat/completions "HTTP/1.1 200 OK"
[2026-06-12 22:49:31,767] INFO - HTTP Request: POST https://jeniya.cn/v1/chat/completions "HTTP/1.1 200 OK"
[2026-06-12 22:49:31,819] INFO - HTTP Request: POST https://jeniya.cn/v1/chat/completions "HTTP/1.1 200 OK"
[2026-06-12 22:49:31,901] INFO - HTTP Request: POST https://jeniya.cn/v1/chat/completions "HTTP/1.1 200 OK"
[2026-06-12 22:49:37,082] INFO - HTTP Request: POST https://jeniya.cn/v1/chat/completions "HTTP/1.1 200 OK"
[2026-06-12 22:49:38,150] INFO - HTTP Request: POST https://jeniya.cn/v1/chat/completions "HTTP/1.1 200 OK"
[2026-06-12 22:49:38,911] INFO - HTTP Request: POST https://jeniya.cn/v1/chat/completions "HTTP/1.1 200 OK"
[2026-06-12 22:49:40,195] INFO - HTTP Request: POST https://jeniya.cn/v1/chat/completions "HTTP/1.1 200 OK"
[2026-06-12 22:49:40,631] INFO - HTTP Request: POST https://jeniya.cn/v1/chat/completions "HTTP/1.1 200 OK"
[2026-06-12 22:49:42,647] INFO - HTTP Request: POST https://jeniya.cn/v1/chat/completions "HTTP/1.1 200 OK"
[2026-06-12 22:49:44,953] INFO - HTTP Request: POST https://jeniya.cn/v1/chat/completions "HTTP/1.1 200 OK"
[2026-06-12 22:49:45,539] INFO - HTTP Request: POST https://jeniya.cn/v1/chat/completions "HTTP/1.1 200 OK"
[2026-06-12 22:49:47,018] INFO - HTTP Request: POST https://jeniya.cn/v1/chat/completions "HTTP/1.1 200 OK"
[2026-06-12 22:49:52,350] INFO - HTTP Request: POST https://jeniya.cn/v1/chat/completions "HTTP/1.1 200 OK"
[2026-06-12 22:49:53,214] INFO - HTTP Request: POST https://jeniya.cn/v1/chat/completions "HTTP/1.1 200 OK"
[2026-06-12 22:49:53,508] INFO - HTTP Request: POST https://jeniya.cn/v1/chat/completions "HTTP/1.1 200 OK"
[2026-06-12 22:49:54,719] INFO - HTTP Request: POST https://jeniya.cn/v1/chat/completions "HTTP/1.1 200 OK"
[2026-06-12 22:49:56,352] INFO - HTTP Request: POST https://jeniya.cn/v1/chat/completions "HTTP/1.1 200 OK"
[2026-06-12 22:49:58,493] INFO - HTTP Request: POST https://jeniya.cn/v1/chat/completions "HTTP/1.1 200 OK"
[2026-06-12 22:49:59,285] INFO - Retrying request to /chat/completions in 0.494440 seconds
[2026-06-12 22:50:01,466] INFO - HTTP Request: POST https://jeniya.cn/v1/chat/completions "HTTP/1.1 200 OK"
[2026-06-12 22:50:02,438] INFO - Retrying request to /chat/completions in 0.761125 seconds
[2026-06-12 22:50:03,097] INFO - HTTP Request: POST https://jeniya.cn/v1/chat/completions "HTTP/1.1 200 OK"
[2026-06-12 22:50:05,264] INFO - HTTP Request: POST https://jeniya.cn/v1/chat/completions "HTTP/1.1 200 OK"
[2026-06-12 22:50:05,482] INFO - HTTP Request: POST https://jeniya.cn/v1/chat/completions "HTTP/1.1 200 OK"
[2026-06-12 22:50:06,755] INFO - Retrying request to /chat/completions in 0.432830 seconds
[2026-06-12 22:50:07,188] INFO - HTTP Request: POST https://jeniya.cn/v1/chat/completions "HTTP/1.1 200 OK"
[2026-06-12 22:50:11,113] INFO - HTTP Request: POST https://jeniya.cn/v1/chat/completions "HTTP/1.1 200 OK"
[2026-06-12 22:50:12,356] INFO - HTTP Request: POST https://jeniya.cn/v1/chat/completions "HTTP/1.1 200 OK"
[2026-06-12 22:50:13,225] INFO - Retrying request to /chat/completions in 0.802069 seconds
[2026-06-12 22:50:17,528] INFO - HTTP Request: POST https://jeniya.cn/v1/chat/completions "HTTP/1.1 200 OK"
[2026-06-12 22:50:17,671] INFO - HTTP Request: POST https://jeniya.cn/v1/chat/completions "HTTP/1.1 200 OK"
[2026-06-12 22:50:18,392] INFO - Retrying request to /chat/completions in 0.899753 seconds
[2026-06-12 22:50:19,114] INFO - HTTP Request: POST https://jeniya.cn/v1/chat/completions "HTTP/1.1 200 OK"
[2026-06-12 22:50:28,744] INFO - HTTP Request: POST https://jeniya.cn/v1/chat/completions "HTTP/1.1 200 OK"
[2026-06-12 22:50:34,018] INFO - HTTP Request: POST https://jeniya.cn/v1/chat/completions "HTTP/1.1 200 OK"
[2026-06-12 22:50:34,779] INFO - HTTP Request: POST https://jeniya.cn/v1/chat/completions "HTTP/1.1 200 OK"
[2026-06-12 22:50:37,099] INFO - Retrying request to /chat/completions in 0.453265 seconds
[2026-06-12 22:50:40,648] INFO - Retrying request to /chat/completions in 0.385140 seconds
[2026-06-12 22:50:40,910] INFO - HTTP Request: POST https://jeniya.cn/v1/chat/completions "HTTP/1.1 200 OK"
[2026-06-12 22:50:47,034] INFO - Retrying request to /chat/completions in 0.444753 seconds
[2026-06-12 22:50:47,802] INFO - HTTP Request: POST https://jeniya.cn/v1/chat/completions "HTTP/1.1 200 OK"
[2026-06-12 22:50:49,985] INFO - HTTP Request: POST https://jeniya.cn/v1/chat/completions "HTTP/1.1 200 OK"
[2026-06-12 22:50:56,813] INFO - HTTP Request: POST https://jeniya.cn/v1/chat/completions "HTTP/1.1 200 OK"
[2026-06-12 22:50:56,873] INFO - HTTP Request: POST https://jeniya.cn/v1/chat/completions "HTTP/1.1 200 OK"
[2026-06-12 22:50:57,204] INFO - HTTP Request: POST https://jeniya.cn/v1/chat/completions "HTTP/1.1 200 OK"
[2026-06-12 22:51:00,202] INFO - HTTP Request: POST https://jeniya.cn/v1/chat/completions "HTTP/1.1 200 OK"
[2026-06-12 22:51:00,569] INFO - Retrying request to /chat/completions in 0.768101 seconds
[2026-06-12 22:51:07,197] INFO - Retrying request to /chat/completions in 0.450770 seconds
[2026-06-12 22:51:07,197] INFO - Retrying request to /chat/completions in 0.914711 seconds
[2026-06-12 22:51:13,099] INFO - HTTP Request: POST https://jeniya.cn/v1/chat/completions "HTTP/1.1 200 OK"
[2026-06-12 22:51:16,912] INFO - HTTP Request: POST https://jeniya.cn/v1/chat/completions "HTTP/1.1 200 OK"
[2026-06-12 22:51:22,344] INFO - HTTP Request: POST https://jeniya.cn/v1/chat/completions "HTTP/1.1 200 OK"
[2026-06-12 22:51:25,477] INFO - HTTP Request: POST https://jeniya.cn/v1/chat/completions "HTTP/1.1 200 OK"
[2026-06-12 22:51:26,734] INFO - HTTP Request: POST https://jeniya.cn/v1/chat/completions "HTTP/1.1 200 OK"
[2026-06-12 22:51:33,279] INFO - HTTP Request: POST https://jeniya.cn/v1/chat/completions "HTTP/1.1 200 OK"
[2026-06-12 22:51:34,730] INFO - HTTP Request: POST https://jeniya.cn/v1/chat/completions "HTTP/1.1 200 OK"
[2026-06-12 22:51:39,269] INFO - HTTP Request: POST https://jeniya.cn/v1/chat/completions "HTTP/1.1 200 OK"
[2026-06-12 22:51:41,478] INFO - HTTP Request: POST https://jeniya.cn/v1/chat/completions "HTTP/1.1 200 OK"
[2026-06-12 22:51:41,612] INFO - Retrying request to /chat/completions in 0.979310 seconds
[2026-06-12 22:51:44,855] INFO - HTTP Request: POST https://jeniya.cn/v1/chat/completions "HTTP/1.1 200 OK"
[2026-06-12 22:51:48,008] INFO - HTTP Request: POST https://jeniya.cn/v1/chat/completions "HTTP/1.1 200 OK"
[2026-06-12 22:51:48,719] INFO - HTTP Request: POST https://jeniya.cn/v1/chat/completions "HTTP/1.1 200 OK"
[2026-06-12 22:51:51,719] INFO - HTTP Request: POST https://jeniya.cn/v1/chat/completions "HTTP/1.1 200 OK"
[2026-06-12 22:51:54,484] INFO - HTTP Request: POST https://jeniya.cn/v1/chat/completions "HTTP/1.1 200 OK"
[2026-06-12 22:51:54,868] INFO - HTTP Request: POST https://jeniya.cn/v1/chat/completions "HTTP/1.1 200 OK"
[2026-06-12 22:51:57,209] INFO - Retrying request to /chat/completions in 0.440978 seconds
[2026-06-12 22:51:57,374] INFO - HTTP Request: POST https://jeniya.cn/v1/chat/completions "HTTP/1.1 200 OK"
[2026-06-12 22:51:58,811] INFO - HTTP Request: POST https://jeniya.cn/v1/chat/completions "HTTP/1.1 200 OK"
[2026-06-12 22:52:02,312] INFO - HTTP Request: POST https://jeniya.cn/v1/chat/completions "HTTP/1.1 200 OK"
[2026-06-12 22:52:03,145] INFO - HTTP Request: POST https://jeniya.cn/v1/chat/completions "HTTP/1.1 200 OK"
[2026-06-12 22:52:03,384] INFO - HTTP Request: POST https://jeniya.cn/v1/chat/completions "HTTP/1.1 200 OK"
[2026-06-12 22:52:08,680] INFO - HTTP Request: POST https://jeniya.cn/v1/chat/completions "HTTP/1.1 200 OK"
[2026-06-12 22:52:09,165] INFO - HTTP Request: POST https://jeniya.cn/v1/chat/completions "HTTP/1.1 200 OK"
[2026-06-12 22:52:12,264] INFO - HTTP Request: POST https://jeniya.cn/v1/chat/completions "HTTP/1.1 200 OK"
[2026-06-12 22:52:14,178] INFO - HTTP Request: POST https://jeniya.cn/v1/chat/completions "HTTP/1.1 200 OK"
[2026-06-12 22:52:14,628] INFO - HTTP Request: POST https://jeniya.cn/v1/chat/completions "HTTP/1.1 200 OK"
[2026-06-12 22:52:17,658] INFO - HTTP Request: POST https://jeniya.cn/v1/chat/completions "HTTP/1.1 200 OK"
[2026-06-12 22:52:19,038] INFO - HTTP Request: POST https://jeniya.cn/v1/chat/completions "HTTP/1.1 200 OK"
[2026-06-12 22:52:24,894] INFO - HTTP Request: POST https://jeniya.cn/v1/chat/completions "HTTP/1.1 200 OK"
[2026-06-12 22:52:27,898] INFO - HTTP Request: POST https://jeniya.cn/v1/chat/completions "HTTP/1.1 200 OK"
[2026-06-12 22:52:31,260] INFO - HTTP Request: POST https://jeniya.cn/v1/chat/completions "HTTP/1.1 200 OK"
[2026-06-12 22:52:33,550] INFO - HTTP Request: POST https://jeniya.cn/v1/chat/completions "HTTP/1.1 200 OK"
[2026-06-12 22:52:33,868] INFO - HTTP Request: POST https://jeniya.cn/v1/chat/completions "HTTP/1.1 200 OK"
[2026-06-12 22:52:34,732] INFO - Retrying request to /chat/completions in 0.410206 seconds
[2026-06-12 22:52:36,423] INFO - HTTP Request: POST https://jeniya.cn/v1/chat/completions "HTTP/1.1 200 OK"
[2026-06-12 22:52:41,277] INFO - HTTP Request: POST https://jeniya.cn/v1/chat/completions "HTTP/1.1 200 OK"
[2026-06-12 22:52:47,109] INFO - HTTP Request: POST https://jeniya.cn/v1/chat/completions "HTTP/1.1 200 OK"
[2026-06-12 22:52:47,221] INFO - HTTP Request: POST https://jeniya.cn/v1/chat/completions "HTTP/1.1 200 OK"
[2026-06-12 22:52:51,234] INFO - HTTP Request: POST https://jeniya.cn/v1/chat/completions "HTTP/1.1 200 OK"
[2026-06-12 22:52:53,237] INFO - HTTP Request: POST https://jeniya.cn/v1/chat/completions "HTTP/1.1 200 OK"
[2026-06-12 22:52:55,072] INFO - HTTP Request: POST https://jeniya.cn/v1/chat/completions "HTTP/1.1 200 OK"
[2026-06-12 22:52:56,714] INFO - HTTP Request: POST https://jeniya.cn/v1/chat/completions "HTTP/1.1 200 OK"
[2026-06-12 22:52:58,815] INFO - Retrying request to /chat/completions in 0.473101 seconds
[2026-06-12 22:52:59,470] INFO - Retrying request to /chat/completions in 0.891226 seconds
[2026-06-12 22:53:01,567] INFO - HTTP Request: POST https://jeniya.cn/v1/chat/completions "HTTP/1.1 200 OK"
[2026-06-12 22:53:02,868] INFO - HTTP Request: POST https://jeniya.cn/v1/chat/completions "HTTP/1.1 200 OK"
[2026-06-12 22:53:03,017] INFO - HTTP Request: POST https://jeniya.cn/v1/chat/completions "HTTP/1.1 200 OK"
[2026-06-12 22:53:03,244] INFO - HTTP Request: POST https://jeniya.cn/v1/chat/completions "HTTP/1.1 200 OK"
[2026-06-12 22:53:03,392] INFO - Retrying request to /chat/completions in 0.381550 seconds
[2026-06-12 22:53:04,851] INFO - HTTP Request: POST https://jeniya.cn/v1/chat/completions "HTTP/1.1 200 OK"
[2026-06-12 22:53:06,015] INFO - HTTP Request: POST https://jeniya.cn/v1/chat/completions "HTTP/1.1 200 OK"
[2026-06-12 22:53:06,674] INFO - HTTP Request: POST https://jeniya.cn/v1/chat/completions "HTTP/1.1 200 OK"
[2026-06-12 22:53:08,653] INFO - HTTP Request: POST https://jeniya.cn/v1/chat/completions "HTTP/1.1 200 OK"
[2026-06-12 22:53:10,485] INFO - HTTP Request: POST https://jeniya.cn/v1/chat/completions "HTTP/1.1 200 OK"
[2026-06-12 22:53:11,375] INFO - HTTP Request: POST https://jeniya.cn/v1/chat/completions "HTTP/1.1 200 OK"
[2026-06-12 22:53:11,522] INFO - HTTP Request: POST https://jeniya.cn/v1/chat/completions "HTTP/1.1 200 OK"
[2026-06-12 22:53:13,971] INFO - HTTP Request: POST https://jeniya.cn/v1/chat/completions "HTTP/1.1 200 OK"
[2026-06-12 22:53:19,048] INFO - HTTP Request: POST https://jeniya.cn/v1/chat/completions "HTTP/1.1 200 OK"
[2026-06-12 22:53:19,279] INFO - HTTP Request: POST https://jeniya.cn/v1/chat/completions "HTTP/1.1 200 OK"
[2026-06-12 22:53:19,468] INFO - HTTP Request: POST https://jeniya.cn/v1/chat/completions "HTTP/1.1 200 OK"
[2026-06-12 22:53:19,558] INFO - HTTP Request: POST https://jeniya.cn/v1/chat/completions "HTTP/1.1 200 OK"
[2026-06-12 22:53:20,205] INFO - HTTP Request: POST https://jeniya.cn/v1/chat/completions "HTTP/1.1 200 OK"
[2026-06-12 22:53:26,569] INFO - HTTP Request: POST https://jeniya.cn/v1/chat/completions "HTTP/1.1 200 OK"
[2026-06-12 22:53:32,835] INFO - HTTP Request: POST https://jeniya.cn/v1/chat/completions "HTTP/1.1 200 OK"
[2026-06-12 22:53:33,248] INFO - HTTP Request: POST https://jeniya.cn/v1/chat/completions "HTTP/1.1 200 OK"
[2026-06-12 22:53:33,645] INFO - HTTP Request: POST https://jeniya.cn/v1/chat/completions "HTTP/1.1 200 OK"
[2026-06-12 22:53:36,513] INFO - HTTP Request: POST https://jeniya.cn/v1/chat/completions "HTTP/1.1 200 OK"
[2026-06-12 22:53:36,540] INFO - HTTP Request: POST https://jeniya.cn/v1/chat/completions "HTTP/1.1 200 OK"
[2026-06-12 22:53:39,459] INFO - HTTP Request: POST https://jeniya.cn/v1/chat/completions "HTTP/1.1 200 OK"
[2026-06-12 22:53:46,469] INFO - HTTP Request: POST https://jeniya.cn/v1/chat/completions "HTTP/1.1 200 OK"
[2026-06-12 22:53:46,954] INFO - HTTP Request: POST https://jeniya.cn/v1/chat/completions "HTTP/1.1 200 OK"
[2026-06-12 22:53:52,281] INFO - HTTP Request: POST https://jeniya.cn/v1/chat/completions "HTTP/1.1 200 OK"
[2026-06-12 22:53:52,959] INFO - HTTP Request: POST https://jeniya.cn/v1/chat/completions "HTTP/1.1 200 OK"
[2026-06-12 22:53:54,247] INFO - HTTP Request: POST https://jeniya.cn/v1/chat/completions "HTTP/1.1 200 OK"
[2026-06-12 22:53:56,204] INFO - HTTP Request: POST https://jeniya.cn/v1/chat/completions "HTTP/1.1 200 OK"
[2026-06-12 22:53:59,332] INFO - HTTP Request: POST https://jeniya.cn/v1/chat/completions "HTTP/1.1 200 OK"
[2026-06-12 22:53:59,846] INFO - Retrying request to /chat/completions in 0.870284 seconds
[2026-06-12 22:54:00,799] INFO - HTTP Request: POST https://jeniya.cn/v1/chat/completions "HTTP/1.1 200 OK"
[2026-06-12 22:54:01,838] INFO - HTTP Request: POST https://jeniya.cn/v1/chat/completions "HTTP/1.1 200 OK"
[2026-06-12 22:54:02,053] INFO - HTTP Request: POST https://jeniya.cn/v1/chat/completions "HTTP/1.1 200 OK"
[2026-06-12 22:54:03,255] INFO - Retrying request to /chat/completions in 0.487138 seconds
[2026-06-12 22:54:03,453] INFO - HTTP Request: POST https://jeniya.cn/v1/chat/completions "HTTP/1.1 200 OK"
[2026-06-12 22:54:04,495] INFO - HTTP Request: POST https://jeniya.cn/v1/chat/completions "HTTP/1.1 200 OK"
[2026-06-12 22:54:05,997] INFO - HTTP Request: POST https://jeniya.cn/v1/chat/completions "HTTP/1.1 200 OK"
[2026-06-12 22:54:06,705] INFO - HTTP Request: POST https://jeniya.cn/v1/chat/completions "HTTP/1.1 200 OK"
[2026-06-12 22:54:08,556] INFO - HTTP Request: POST https://jeniya.cn/v1/chat/completions "HTTP/1.1 200 OK"
[2026-06-12 22:54:12,079] INFO - HTTP Request: POST https://jeniya.cn/v1/chat/completions "HTTP/1.1 200 OK"
[2026-06-12 22:54:12,474] INFO - HTTP Request: POST https://jeniya.cn/v1/chat/completions "HTTP/1.1 200 OK"
[2026-06-12 22:54:16,087] INFO - HTTP Request: POST https://jeniya.cn/v1/chat/completions "HTTP/1.1 200 OK"
[2026-06-12 22:54:18,908] INFO - HTTP Request: POST https://jeniya.cn/v1/chat/completions "HTTP/1.1 200 OK"
[2026-06-12 22:54:21,282] INFO - HTTP Request: POST https://jeniya.cn/v1/chat/completions "HTTP/1.1 200 OK"
[2026-06-12 22:54:23,494] INFO - HTTP Request: POST https://jeniya.cn/v1/chat/completions "HTTP/1.1 200 OK"
[2026-06-12 22:54:24,555] INFO - HTTP Request: POST https://jeniya.cn/v1/chat/completions "HTTP/1.1 200 OK"
[2026-06-12 22:54:25,347] INFO - HTTP Request: POST https://jeniya.cn/v1/chat/completions "HTTP/1.1 200 OK"
[2026-06-12 22:54:26,073] INFO - HTTP Request: POST https://jeniya.cn/v1/chat/completions "HTTP/1.1 200 OK"
[2026-06-12 22:54:26,577] INFO - Retrying request to /chat/completions in 0.428162 seconds
[2026-06-12 22:54:29,333] INFO - HTTP Request: POST https://jeniya.cn/v1/chat/completions "HTTP/1.1 200 OK"
[2026-06-12 22:54:31,748] INFO - HTTP Request: POST https://jeniya.cn/v1/chat/completions "HTTP/1.1 200 OK"
[2026-06-12 22:54:33,543] INFO - HTTP Request: POST https://jeniya.cn/v1/chat/completions "HTTP/1.1 200 OK"
[2026-06-12 22:54:34,179] INFO - HTTP Request: POST https://jeniya.cn/v1/chat/completions "HTTP/1.1 200 OK"
[2026-06-12 22:54:35,555] INFO - HTTP Request: POST https://jeniya.cn/v1/chat/completions "HTTP/1.1 200 OK"
[2026-06-12 22:54:37,268] INFO - HTTP Request: POST https://jeniya.cn/v1/chat/completions "HTTP/1.1 200 OK"
[2026-06-12 22:54:37,425] INFO - HTTP Request: POST https://jeniya.cn/v1/chat/completions "HTTP/1.1 200 OK"
[2026-06-12 22:54:40,001] INFO - HTTP Request: POST https://jeniya.cn/v1/chat/completions "HTTP/1.1 200 OK"
[2026-06-12 22:54:45,115] INFO - HTTP Request: POST https://jeniya.cn/v1/chat/completions "HTTP/1.1 200 OK"
[2026-06-12 22:54:46,901] INFO - HTTP Request: POST https://jeniya.cn/v1/chat/completions "HTTP/1.1 200 OK"
[2026-06-12 22:54:48,009] INFO - HTTP Request: POST https://jeniya.cn/v1/chat/completions "HTTP/1.1 200 OK"
[2026-06-12 22:54:50,956] INFO - HTTP Request: POST https://jeniya.cn/v1/chat/completions "HTTP/1.1 200 OK"
[2026-06-12 22:54:55,909] INFO - HTTP Request: POST https://jeniya.cn/v1/chat/completions "HTTP/1.1 200 OK"
[2026-06-12 22:54:56,329] INFO - HTTP Request: POST https://jeniya.cn/v1/chat/completions "HTTP/1.1 200 OK"
[2026-06-12 22:55:02,777] INFO - HTTP Request: POST https://jeniya.cn/v1/chat/completions "HTTP/1.1 200 OK"
[2026-06-12 22:55:03,245] INFO - HTTP Request: POST https://jeniya.cn/v1/chat/completions "HTTP/1.1 200 OK"
[2026-06-12 22:55:04,309] INFO - Retrying request to /chat/completions in 0.810018 seconds
[2026-06-12 22:55:06,753] INFO - HTTP Request: POST https://jeniya.cn/v1/chat/completions "HTTP/1.1 200 OK"
[2026-06-12 22:55:11,154] INFO - HTTP Request: POST https://jeniya.cn/v1/chat/completions "HTTP/1.1 200 OK"
[2026-06-12 22:55:21,296] INFO - Retrying request to /chat/completions in 0.385448 seconds
[2026-06-12 22:55:26,076] INFO - Retrying request to /chat/completions in 0.393371 seconds
[2026-06-12 22:55:36,752] INFO - HTTP Request: POST https://jeniya.cn/v1/chat/completions "HTTP/1.1 200 OK"
[2026-06-12 22:56:22,264] INFO - Retrying request to /chat/completions in 0.772642 seconds
[2026-06-12 22:57:30,124] INFO - Config loaded from D:\code\Subtitle-Translation-Tools\config.json
[2026-06-12 22:58:44,817] INFO - HTTP Request: POST https://jeniya.cn/v1/chat/completions "HTTP/1.1 200 OK"
[2026-06-12 22:58:45,184] INFO - 剧情背景分析完成（3440 字）:
【作品类型】
这部作品属于剧情向的成人影片（AV），基调以家庭乱伦（母子）为核心，融合了采访式纪实元素和纯本番内容。题材偏向调教与人妻类型，强调禁忌的母子关系、奖金诱导下的性挑战，以及在父亲面前的隐藏性行为。叙事结构采用非线性推进：开头通过采访引入背景和挑战规则，中段以日常家庭对话为主线，穿插隐藏的前戏和本番场景，结尾聚焦高潮与事后对话。整体结构分为引入（采访与规划）、执行（日常中偷偷进行性行为）、高潮（多次中出尝试）和收尾（反思与失败暗示）。影片强调现实主义伪纪实风格，采访部分像纪录片，纯本番部分以呻吟和简短对话为主，突出紧张感和偷情刺激。时长推测为中长篇（约60-90分钟），叙事从轻松日常渐趋激烈，带有幽默与尴尬的基调，但核心是色情挑战。

【场景分割】
全片字幕按时间顺序展开，我根据对话逻辑和主题转变，将其分割为8个主要场景。位置区间基于字幕内容的相对长度估算（假设全片100%，均匀分布）。

场景1（约位于全片0%～10%）：街头或住宅外｜在场人物：翔平、采访者Rocket｜事件概要：Rocket与翔平初次见面，确认采访事宜，翔平引导Rocket前往家中；对白基调：日常聊天与初次见面礼貌问候，略带尴尬的采访确认。

场景2（约位于全片10%～20%）：翔平家中客厅｜在场人物：翔平、妈妈、Rocket｜事件概要：Rocket进入家中，翔平向妈妈介绍节目，揭示母子做爱挑战（2小时内中出3次得100万），妈妈震惊但被奖金吸引，规则强调在公公（父亲）面前偷偷进行；对白基调：采访式说明与震惊反应，混杂调情挑逗，妈妈从抗拒转为犹豫。

场景3（约位于全片20%～30%）：家中客厅或厨房｜在场人物：翔平、妈妈、爸爸（可能在背景）、Rocket｜事件概要：规划次日行动，设置隐藏摄像头，Rocket离开，家庭成员讨论日常琐事如平板电脑和起床时间，初步暗示隐藏性行为；对白基调：日常聊天为主，渐入调情，短暂呻吟暗示前戏。

场景4（约位于全片30%～45%）：家中厨房或餐厅｜在场人物：翔平、妈妈、爸爸｜事件概要：早餐或日常对话，讨论高尔夫、社区聚会、手机等琐事，穿插隐藏性行为（如桌子下舔舐），妈妈担心被发现；对白基调：日常聊天与隐藏调情，呻吟为主的本番片段短暂出现，紧张感强。

场景5（约位于全片45%～60%）：家中厨房或客厅｜在场人物：翔平、妈妈、爸爸｜事件概要：继续家庭对话，涉及纳豆面包、在线上课、社区忘年会等，隐藏中出尝试（如洗衣机声掩盖），妈妈湿润反应；对白基调：日常聊天交织前戏和本番，呻吟比例增加，对话基调从拘谨转为沉浸。

场景6（约位于全片60%～75%）：家中客厅或走廊｜在场人物：翔平、妈妈、爸爸（部分离场）｜事件概要：讨论洗衣机、冰箱等家务，爸爸短暂离开，母子趁机进行性行为，涉及射精位置讨论；对白基调：事后对话与隐藏本番，呻吟主导，短暂日常恢复。

场景7（约位于全片75%～90%）：家中客厅或房间｜在场人物：翔平、妈妈、爸爸｜事件概要：家庭闲聊转向担心儿子学习、房贷等，爸爸外出买东西，母子尝试第二次中出，但时间紧迫；对白基调：日常聊天转为调情挑逗，本番以呻吟为主，情绪从担心到兴奋。

场景8（约位于全片90%～100%）：家中客厅或私密处｜在场人物：翔平、妈妈｜事件概要：爸爸离开后，母子讨论失败风险和奖金，尝试最后中出，结尾以妈妈的喜悦或遗憾结束；对白基调：事后对话与本番残留，呻吟渐弱，回归反思性聊天。

【人物档案】
翔平：身份-大学生儿子，节目申请者，对妈妈有禁忌欲望；性格-大胆、主动、调情高手，喜欢推动性行为，略带孩子气依赖；说话习惯-口语化、简短，直接用“妈妈”称呼，常用“啊～”表达兴奋或催促；口头禅-“嗯”、“没事的啦～”、“我们试试看吧”；彼此称呼：翔平叫妈妈“妈妈”或“妈”，妈妈叫他“翔平”或“翔酱”，爸爸叫他“翔平”或“那家伙”，Rocket叫他“翔平先生”或“翔酱”。

妈妈：身份-家庭主妇，人妻，儿子翔平的母亲，对奖金感兴趣但有道德顾虑；性格-犹豫、被动但渐被诱导，初期拘谨，后放开享受；说话习惯-日语混杂，常用“欸？”表达惊讶，句子较长带解释；口头禅-“欸？”、“哎呀，可是…”、“嗯～”；彼此称呼：妈妈叫翔平“翔平”或“翔酱”，翔平叫她“妈妈”或“妈”，爸爸叫她“妈”或无特定（隐含妻子），Rocket叫她“妈妈”或“您”。

爸爸（康先生）：身份-父亲，家庭支柱，用翻盖手机的传统男性，常在家；性格-稳重、务实，对家庭琐事关心，不知情；说话习惯-平静、简洁，讨论家务和经济；口头禅-“嗯”、“是这样啊？”、“没办法啊”；彼此称呼：爸爸叫翔平“翔平”或“那家伙”，叫妈妈“妈”或无特定，翔平叫他“爸”或“爸爸”，妈妈叫他“爸”或“主人”（可能笔误或昵称）。

Rocket：身份-采访者/节目工作人员，负责说明规则和设置；性格-专业、热情，推动企画；说话习惯-正式说明，带鼓励；口头禅-“是的”、“那么”、“这次我们准备了这样一个企画”；彼此称呼：Rocket叫翔平“翔平先生”或“翔酱”，叫妈妈“您”或“妈妈”，翔平叫他“Rocket”，妈妈无特定称呼。

其他次要人物（如照明先生）：仅提及，不出场，无详细档案。

【语气与文体】
翔平的语气：主动而调情，初期轻松日常（如“好的，明白了”），中段转为命令式（如“妈妈，舔舔吧”），本番时简短兴奋（如“啊～好烫啊～”）。情绪变化：从采访时的礼貌→日常中的推动→本番沉浸（呻吟比例从0%升至70%）。

妈妈的语气：初期震惊拘谨（如“欸？那种节目怎么可能有啊！”），渐转为娇嗔接受（如“哎呀，可是…”），本番时被动享受（如“啊～好烫啊～”）。情绪变化：拘谨（场景1-3）→放开犹豫（场景4-6）→沉浸高潮（场景7-8），呻吟比例从中段起占50%以上，对白从长句转为碎片化。

爸爸的语气：平静务实，纯日常（如“爸，你的乐子，现在就只剩打高尔夫了吧？”），无性元素。情绪稳定，无大变化，呻吟比例0%。

Rocket的语气：专业采访式，鼓励性（如“2小时内中出3次的话，我就给你100万”）。情绪积极，推动性，对白主导初期，呻吟比例0%。

整体文体：日语口语化混杂英文/汉字，采访段正式，日常段随意，本番段以感叹和呻吟为主。情绪随场景推进从尴尬紧张→刺激兴奋→满足反思，呻吟与对白比例：前20%以对白为主（90%），中段平衡（50%），后段呻吟主导（70%）。

【统一用语表】
称呼：翔平统一为“翔平”或“翔酱”（可爱昵称）；妈妈统一为“妈妈”或“妈”；爸爸统一为“爸”或“爸爸”（避免“主人”如有笔误）；Rocket统一为“Rocket”。

专有名词：节目统一称“乱伦AV”或“那种做爱的节目”；奖金统一为“100万”（日元）；中出统一为“内射”或“中出”；隐藏摄像头统一为“隐藏摄像头”。

关键短语固定说法：挑战规则-“2小时内中出3次的话，我就给你100万”；被发现风险-“小心别被发现”；性行为暗示-“啊～”或“啊～好烫啊～”（兴奋呻吟）；日常琐事-“嗯～是这样啊”（同意回应）；房贷-“家里的房贷确实还没还完”。

反复出现：呻吟如“啊～～”、“嗯～”；犹豫如“欸？”、“哎呀，可是…”；鼓励如“没事的啦～”、“我们试试看吧”。

【易错提醒】
人称指代不明：如“那个家伙”指翔平，“她老是待在房间里”可能指翔平（性别混淆，实际为儿子），润色时需确认上下文避免误指妈妈或他人；“这个”常指物品（如平板、手机），需前后呼应避免抽象化。

语气强度拿捏：妈妈的“欸？”和“哎呀，可是…”易错为真抗拒，实际多为娇嗔（场景2-5渐转为接受）；翔平的“没事的啦～”是调情推动，非强迫；本番呻吟如“啊～好烫啊～”应柔和享受，非痛苦。

前后呼应台词：奖金“100万”在场景2引入，场景8反思失败，需保持一致诱导感；日常如“平板电脑的网络老是断线”与后期“在线上课真的没问题吗”呼应，润色时强化家庭担忧；中出尝试如场景4的“桌子下面，没事的啦”与场景7的“爸爸已经走了…别这样…”呼应隐藏紧张。

采访段与本番段混淆：采访（如场景2的规则说明）正式专业，易与本番的碎片呻吟混淆，润色时保持采访长句完整，本番短促感叹；日语混杂如“えっと私お姉さん弊社ポケットのそういったものの大ファンでいらっしゃいまして”需统一为自然口语，避免生硬翻译。
[2026-06-12 22:59:01,188] INFO - HTTP Request: POST https://jeniya.cn/v1/chat/completions "HTTP/1.1 200 OK"
[2026-06-12 22:59:02,578] INFO - HTTP Request: POST https://jeniya.cn/v1/chat/completions "HTTP/1.1 200 OK"
[2026-06-12 22:59:03,187] INFO - HTTP Request: POST https://jeniya.cn/v1/chat/completions "HTTP/1.1 200 OK"
[2026-06-12 22:59:03,584] INFO - HTTP Request: POST https://jeniya.cn/v1/chat/completions "HTTP/1.1 200 OK"
[2026-06-12 22:59:04,396] INFO - HTTP Request: POST https://jeniya.cn/v1/chat/completions "HTTP/1.1 200 OK"
[2026-06-12 22:59:04,887] INFO - HTTP Request: POST https://jeniya.cn/v1/chat/completions "HTTP/1.1 200 OK"
[2026-06-12 22:59:08,590] INFO - HTTP Request: POST https://jeniya.cn/v1/chat/completions "HTTP/1.1 200 OK"
[2026-06-12 22:59:08,664] INFO - HTTP Request: POST https://jeniya.cn/v1/chat/completions "HTTP/1.1 200 OK"
[2026-06-12 22:59:09,220] INFO - HTTP Request: POST https://jeniya.cn/v1/chat/completions "HTTP/1.1 200 OK"
[2026-06-12 22:59:09,933] INFO - HTTP Request: POST https://jeniya.cn/v1/chat/completions "HTTP/1.1 200 OK"
[2026-06-12 22:59:15,465] INFO - HTTP Request: POST https://jeniya.cn/v1/chat/completions "HTTP/1.1 200 OK"
[2026-06-12 22:59:19,117] INFO - HTTP Request: POST https://jeniya.cn/v1/chat/completions "HTTP/1.1 200 OK"
[2026-06-12 22:59:20,620] INFO - HTTP Request: POST https://jeniya.cn/v1/chat/completions "HTTP/1.1 200 OK"
[2026-06-12 22:59:21,224] INFO - HTTP Request: POST https://jeniya.cn/v1/chat/completions "HTTP/1.1 200 OK"
[2026-06-12 22:59:21,695] INFO - HTTP Request: POST https://jeniya.cn/v1/chat/completions "HTTP/1.1 200 OK"
[2026-06-12 22:59:23,569] INFO - HTTP Request: POST https://jeniya.cn/v1/chat/completions "HTTP/1.1 200 OK"
[2026-06-12 22:59:23,596] INFO - HTTP Request: POST https://jeniya.cn/v1/chat/completions "HTTP/1.1 200 OK"
[2026-06-12 22:59:25,634] INFO - HTTP Request: POST https://jeniya.cn/v1/chat/completions "HTTP/1.1 200 OK"
[2026-06-12 22:59:35,938] INFO - HTTP Request: POST https://jeniya.cn/v1/chat/completions "HTTP/1.1 200 OK"
[2026-06-12 22:59:36,100] INFO - HTTP Request: POST https://jeniya.cn/v1/chat/completions "HTTP/1.1 200 OK"
[2026-06-12 22:59:36,909] INFO - HTTP Request: POST https://jeniya.cn/v1/chat/completions "HTTP/1.1 200 OK"
[2026-06-12 22:59:37,067] INFO - HTTP Request: POST https://jeniya.cn/v1/chat/completions "HTTP/1.1 200 OK"
[2026-06-12 22:59:41,018] INFO - HTTP Request: POST https://jeniya.cn/v1/chat/completions "HTTP/1.1 200 OK"
[2026-06-12 22:59:46,511] INFO - HTTP Request: POST https://jeniya.cn/v1/chat/completions "HTTP/1.1 200 OK"
[2026-06-12 22:59:50,984] INFO - HTTP Request: POST https://jeniya.cn/v1/chat/completions "HTTP/1.1 200 OK"
[2026-06-12 22:59:54,308] INFO - HTTP Request: POST https://jeniya.cn/v1/chat/completions "HTTP/1.1 200 OK"
[2026-06-12 22:59:54,470] INFO - HTTP Request: POST https://jeniya.cn/v1/chat/completions "HTTP/1.1 200 OK"
[2026-06-12 22:59:55,788] INFO - HTTP Request: POST https://jeniya.cn/v1/chat/completions "HTTP/1.1 200 OK"
[2026-06-12 22:59:58,456] INFO - HTTP Request: POST https://jeniya.cn/v1/chat/completions "HTTP/1.1 200 OK"
[2026-06-12 23:00:03,188] INFO - HTTP Request: POST https://jeniya.cn/v1/chat/completions "HTTP/1.1 200 OK"
[2026-06-12 23:00:03,190] INFO - Retrying request to /chat/completions in 0.432749 seconds
[2026-06-12 23:00:03,606] INFO - HTTP Request: POST https://jeniya.cn/v1/chat/completions "HTTP/1.1 200 OK"
[2026-06-12 23:00:04,713] INFO - HTTP Request: POST https://jeniya.cn/v1/chat/completions "HTTP/1.1 500 Internal Server Error"
[2026-06-12 23:00:04,714] INFO - Retrying request to /chat/completions in 0.495658 seconds
[2026-06-12 23:00:04,935] INFO - HTTP Request: POST https://jeniya.cn/v1/chat/completions "HTTP/1.1 200 OK"
[2026-06-12 23:00:10,765] INFO - HTTP Request: POST https://jeniya.cn/v1/chat/completions "HTTP/1.1 200 OK"
[2026-06-12 23:00:13,655] INFO - HTTP Request: POST https://jeniya.cn/v1/chat/completions "HTTP/1.1 200 OK"
[2026-06-12 23:00:14,469] INFO - HTTP Request: POST https://jeniya.cn/v1/chat/completions "HTTP/1.1 200 OK"
[2026-06-12 23:00:15,056] INFO - HTTP Request: POST https://jeniya.cn/v1/chat/completions "HTTP/1.1 200 OK"
[2026-06-12 23:00:16,105] INFO - HTTP Request: POST https://jeniya.cn/v1/chat/completions "HTTP/1.1 200 OK"
[2026-06-12 23:00:16,830] INFO - HTTP Request: POST https://jeniya.cn/v1/chat/completions "HTTP/1.1 200 OK"
[2026-06-12 23:00:23,091] INFO - HTTP Request: POST https://jeniya.cn/v1/chat/completions "HTTP/1.1 200 OK"
[2026-06-12 23:00:26,494] INFO - HTTP Request: POST https://jeniya.cn/v1/chat/completions "HTTP/1.1 200 OK"
[2026-06-12 23:00:27,150] INFO - HTTP Request: POST https://jeniya.cn/v1/chat/completions "HTTP/1.1 200 OK"
[2026-06-12 23:00:30,961] INFO - HTTP Request: POST https://jeniya.cn/v1/chat/completions "HTTP/1.1 200 OK"
[2026-06-12 23:00:32,042] INFO - HTTP Request: POST https://jeniya.cn/v1/chat/completions "HTTP/1.1 200 OK"
[2026-06-12 23:00:32,655] INFO - HTTP Request: POST https://jeniya.cn/v1/chat/completions "HTTP/1.1 200 OK"
[2026-06-12 23:00:32,728] INFO - HTTP Request: POST https://jeniya.cn/v1/chat/completions "HTTP/1.1 200 OK"
[2026-06-12 23:00:38,194] INFO - HTTP Request: POST https://jeniya.cn/v1/chat/completions "HTTP/1.1 200 OK"
[2026-06-12 23:00:38,748] INFO - HTTP Request: POST https://jeniya.cn/v1/chat/completions "HTTP/1.1 200 OK"
[2026-06-12 23:00:43,441] INFO - HTTP Request: POST https://jeniya.cn/v1/chat/completions "HTTP/1.1 200 OK"
[2026-06-12 23:00:43,878] INFO - HTTP Request: POST https://jeniya.cn/v1/chat/completions "HTTP/1.1 200 OK"
[2026-06-12 23:00:44,694] INFO - HTTP Request: POST https://jeniya.cn/v1/chat/completions "HTTP/1.1 200 OK"
[2026-06-12 23:00:44,921] INFO - HTTP Request: POST https://jeniya.cn/v1/chat/completions "HTTP/1.1 200 OK"
[2026-06-12 23:00:47,721] INFO - HTTP Request: POST https://jeniya.cn/v1/chat/completions "HTTP/1.1 200 OK"
[2026-06-12 23:00:56,836] INFO - HTTP Request: POST https://jeniya.cn/v1/chat/completions "HTTP/1.1 200 OK"
[2026-06-12 23:00:59,945] INFO - HTTP Request: POST https://jeniya.cn/v1/chat/completions "HTTP/1.1 200 OK"
[2026-06-12 23:01:01,126] INFO - HTTP Request: POST https://jeniya.cn/v1/chat/completions "HTTP/1.1 200 OK"
[2026-06-12 23:01:01,233] INFO - HTTP Request: POST https://jeniya.cn/v1/chat/completions "HTTP/1.1 200 OK"
[2026-06-12 23:01:02,189] INFO - HTTP Request: POST https://jeniya.cn/v1/chat/completions "HTTP/1.1 200 OK"
[2026-06-12 23:01:02,732] INFO - HTTP Request: POST https://jeniya.cn/v1/chat/completions "HTTP/1.1 200 OK"
[2026-06-12 23:01:03,550] INFO - HTTP Request: POST https://jeniya.cn/v1/chat/completions "HTTP/1.1 200 OK"
[2026-06-12 23:01:04,578] INFO - Retrying request to /chat/completions in 0.898191 seconds
[2026-06-12 23:01:05,799] INFO - HTTP Request: POST https://jeniya.cn/v1/chat/completions "HTTP/1.1 200 OK"
[2026-06-12 23:01:10,069] INFO - HTTP Request: POST https://jeniya.cn/v1/chat/completions "HTTP/1.1 200 OK"
[2026-06-12 23:01:14,571] INFO - HTTP Request: POST https://jeniya.cn/v1/chat/completions "HTTP/1.1 200 OK"
[2026-06-12 23:01:19,627] INFO - HTTP Request: POST https://jeniya.cn/v1/chat/completions "HTTP/1.1 200 OK"
[2026-06-12 23:01:19,709] INFO - HTTP Request: POST https://jeniya.cn/v1/chat/completions "HTTP/1.1 200 OK"
[2026-06-12 23:01:24,619] INFO - HTTP Request: POST https://jeniya.cn/v1/chat/completions "HTTP/1.1 200 OK"
[2026-06-12 23:01:26,639] INFO - HTTP Request: POST https://jeniya.cn/v1/chat/completions "HTTP/1.1 200 OK"
[2026-06-12 23:01:31,207] INFO - HTTP Request: POST https://jeniya.cn/v1/chat/completions "HTTP/1.1 200 OK"
[2026-06-12 23:01:31,459] INFO - HTTP Request: POST https://jeniya.cn/v1/chat/completions "HTTP/1.1 200 OK"
[2026-06-12 23:01:32,682] INFO - HTTP Request: POST https://jeniya.cn/v1/chat/completions "HTTP/1.1 200 OK"
[2026-06-12 23:01:35,624] INFO - HTTP Request: POST https://jeniya.cn/v1/chat/completions "HTTP/1.1 200 OK"
[2026-06-12 23:01:39,226] INFO - HTTP Request: POST https://jeniya.cn/v1/chat/completions "HTTP/1.1 200 OK"
[2026-06-12 23:01:40,201] INFO - HTTP Request: POST https://jeniya.cn/v1/chat/completions "HTTP/1.1 200 OK"
[2026-06-12 23:01:42,584] INFO - HTTP Request: POST https://jeniya.cn/v1/chat/completions "HTTP/1.1 200 OK"
[2026-06-12 23:01:46,939] INFO - HTTP Request: POST https://jeniya.cn/v1/chat/completions "HTTP/1.1 200 OK"
[2026-06-12 23:01:47,044] INFO - HTTP Request: POST https://jeniya.cn/v1/chat/completions "HTTP/1.1 200 OK"
[2026-06-12 23:01:49,856] INFO - HTTP Request: POST https://jeniya.cn/v1/chat/completions "HTTP/1.1 200 OK"
[2026-06-12 23:01:54,101] INFO - HTTP Request: POST https://jeniya.cn/v1/chat/completions "HTTP/1.1 200 OK"
[2026-06-12 23:01:56,602] INFO - HTTP Request: POST https://jeniya.cn/v1/chat/completions "HTTP/1.1 200 OK"
[2026-06-12 23:01:58,306] INFO - HTTP Request: POST https://jeniya.cn/v1/chat/completions "HTTP/1.1 200 OK"
[2026-06-12 23:02:02,572] INFO - HTTP Request: POST https://jeniya.cn/v1/chat/completions "HTTP/1.1 200 OK"
[2026-06-12 23:02:02,576] INFO - HTTP Request: POST https://jeniya.cn/v1/chat/completions "HTTP/1.1 200 OK"
[2026-06-12 23:02:02,581] INFO - HTTP Request: POST https://jeniya.cn/v1/chat/completions "HTTP/1.1 200 OK"
[2026-06-12 23:02:03,555] INFO - Retrying request to /chat/completions in 0.464798 seconds
[2026-06-12 23:02:05,465] INFO - HTTP Request: POST https://jeniya.cn/v1/chat/completions "HTTP/1.1 200 OK"
[2026-06-12 23:02:07,637] INFO - HTTP Request: POST https://jeniya.cn/v1/chat/completions "HTTP/1.1 200 OK"
[2026-06-12 23:02:13,102] INFO - HTTP Request: POST https://jeniya.cn/v1/chat/completions "HTTP/1.1 200 OK"
[2026-06-12 23:02:14,392] INFO - HTTP Request: POST https://jeniya.cn/v1/chat/completions "HTTP/1.1 200 OK"
[2026-06-12 23:02:15,315] INFO - HTTP Request: POST https://jeniya.cn/v1/chat/completions "HTTP/1.1 200 OK"
[2026-06-12 23:02:15,997] INFO - HTTP Request: POST https://jeniya.cn/v1/chat/completions "HTTP/1.1 200 OK"
[2026-06-12 23:02:22,132] INFO - HTTP Request: POST https://jeniya.cn/v1/chat/completions "HTTP/1.1 200 OK"
[2026-06-12 23:02:23,182] INFO - HTTP Request: POST https://jeniya.cn/v1/chat/completions "HTTP/1.1 200 OK"
[2026-06-12 23:02:25,878] INFO - HTTP Request: POST https://jeniya.cn/v1/chat/completions "HTTP/1.1 200 OK"
[2026-06-12 23:02:27,416] INFO - HTTP Request: POST https://jeniya.cn/v1/chat/completions "HTTP/1.1 200 OK"
[2026-06-12 23:02:29,964] INFO - HTTP Request: POST https://jeniya.cn/v1/chat/completions "HTTP/1.1 200 OK"
[2026-06-12 23:02:34,297] INFO - HTTP Request: POST https://jeniya.cn/v1/chat/completions "HTTP/1.1 200 OK"
[2026-06-12 23:02:35,318] INFO - HTTP Request: POST https://jeniya.cn/v1/chat/completions "HTTP/1.1 200 OK"
[2026-06-12 23:02:36,039] INFO - HTTP Request: POST https://jeniya.cn/v1/chat/completions "HTTP/1.1 200 OK"
[2026-06-12 23:02:41,146] INFO - HTTP Request: POST https://jeniya.cn/v1/chat/completions "HTTP/1.1 200 OK"
[2026-06-12 23:02:45,592] INFO - HTTP Request: POST https://jeniya.cn/v1/chat/completions "HTTP/1.1 200 OK"
[2026-06-12 23:02:51,747] INFO - HTTP Request: POST https://jeniya.cn/v1/chat/completions "HTTP/1.1 200 OK"
[2026-06-12 23:02:54,397] INFO - HTTP Request: POST https://jeniya.cn/v1/chat/completions "HTTP/1.1 200 OK"
[2026-06-12 23:02:54,472] INFO - HTTP Request: POST https://jeniya.cn/v1/chat/completions "HTTP/1.1 200 OK"
[2026-06-12 23:02:54,647] INFO - HTTP Request: POST https://jeniya.cn/v1/chat/completions "HTTP/1.1 200 OK"
[2026-06-12 23:02:58,708] INFO - HTTP Request: POST https://jeniya.cn/v1/chat/completions "HTTP/1.1 200 OK"
[2026-06-12 23:03:00,355] INFO - HTTP Request: POST https://jeniya.cn/v1/chat/completions "HTTP/1.1 200 OK"
[2026-06-12 23:03:00,394] INFO - HTTP Request: POST https://jeniya.cn/v1/chat/completions "HTTP/1.1 200 OK"
[2026-06-12 23:03:04,083] INFO - HTTP Request: POST https://jeniya.cn/v1/chat/completions "HTTP/1.1 200 OK"
[2026-06-12 23:03:04,825] INFO - HTTP Request: POST https://jeniya.cn/v1/chat/completions "HTTP/1.1 200 OK"
[2026-06-12 23:03:04,979] INFO - Retrying request to /chat/completions in 0.874887 seconds
[2026-06-12 23:03:07,987] INFO - HTTP Request: POST https://jeniya.cn/v1/chat/completions "HTTP/1.1 200 OK"
[2026-06-12 23:03:10,259] INFO - HTTP Request: POST https://jeniya.cn/v1/chat/completions "HTTP/1.1 200 OK"
[2026-06-12 23:03:11,475] INFO - HTTP Request: POST https://jeniya.cn/v1/chat/completions "HTTP/1.1 200 OK"
[2026-06-12 23:03:14,985] INFO - HTTP Request: POST https://jeniya.cn/v1/chat/completions "HTTP/1.1 200 OK"
[2026-06-12 23:03:16,011] INFO - Retrying request to /chat/completions in 0.464833 seconds
[2026-06-12 23:03:18,353] INFO - HTTP Request: POST https://jeniya.cn/v1/chat/completions "HTTP/1.1 200 OK"
[2026-06-12 23:03:20,367] INFO - HTTP Request: POST https://jeniya.cn/v1/chat/completions "HTTP/1.1 200 OK"
[2026-06-12 23:03:20,950] INFO - HTTP Request: POST https://jeniya.cn/v1/chat/completions "HTTP/1.1 200 OK"
[2026-06-12 23:03:23,649] INFO - HTTP Request: POST https://jeniya.cn/v1/chat/completions "HTTP/1.1 200 OK"
[2026-06-12 23:03:27,494] INFO - HTTP Request: POST https://jeniya.cn/v1/chat/completions "HTTP/1.1 200 OK"
[2026-06-12 23:03:31,856] INFO - HTTP Request: POST https://jeniya.cn/v1/chat/completions "HTTP/1.1 200 OK"
[2026-06-12 23:03:35,823] INFO - HTTP Request: POST https://jeniya.cn/v1/chat/completions "HTTP/1.1 200 OK"
[2026-06-12 23:03:37,247] INFO - HTTP Request: POST https://jeniya.cn/v1/chat/completions "HTTP/1.1 200 OK"
[2026-06-12 23:03:40,320] INFO - HTTP Request: POST https://jeniya.cn/v1/chat/completions "HTTP/1.1 200 OK"
[2026-06-12 23:03:40,710] INFO - HTTP Request: POST https://jeniya.cn/v1/chat/completions "HTTP/1.1 200 OK"
[2026-06-12 23:03:42,799] INFO - HTTP Request: POST https://jeniya.cn/v1/chat/completions "HTTP/1.1 200 OK"
[2026-06-12 23:03:45,225] INFO - HTTP Request: POST https://jeniya.cn/v1/chat/completions "HTTP/1.1 200 OK"
[2026-06-12 23:03:50,062] INFO - HTTP Request: POST https://jeniya.cn/v1/chat/completions "HTTP/1.1 200 OK"
[2026-06-12 23:03:50,281] INFO - HTTP Request: POST https://jeniya.cn/v1/chat/completions "HTTP/1.1 200 OK"
[2026-06-12 23:03:52,886] INFO - HTTP Request: POST https://jeniya.cn/v1/chat/completions "HTTP/1.1 200 OK"
[2026-06-12 23:03:54,895] INFO - HTTP Request: POST https://jeniya.cn/v1/chat/completions "HTTP/1.1 200 OK"
[2026-06-12 23:03:56,442] INFO - HTTP Request: POST https://jeniya.cn/v1/chat/completions "HTTP/1.1 200 OK"
[2026-06-12 23:04:00,228] INFO - HTTP Request: POST https://jeniya.cn/v1/chat/completions "HTTP/1.1 200 OK"
[2026-06-12 23:04:00,558] INFO - HTTP Request: POST https://jeniya.cn/v1/chat/completions "HTTP/1.1 200 OK"
[2026-06-12 23:04:03,765] INFO - HTTP Request: POST https://jeniya.cn/v1/chat/completions "HTTP/1.1 200 OK"
[2026-06-12 23:04:05,479] INFO - HTTP Request: POST https://jeniya.cn/v1/chat/completions "HTTP/1.1 200 OK"
[2026-06-12 23:04:08,485] INFO - HTTP Request: POST https://jeniya.cn/v1/chat/completions "HTTP/1.1 200 OK"
[2026-06-12 23:04:09,054] INFO - HTTP Request: POST https://jeniya.cn/v1/chat/completions "HTTP/1.1 200 OK"
[2026-06-12 23:04:09,261] INFO - HTTP Request: POST https://jeniya.cn/v1/chat/completions "HTTP/1.1 200 OK"
[2026-06-12 23:04:11,937] INFO - HTTP Request: POST https://jeniya.cn/v1/chat/completions "HTTP/1.1 200 OK"
[2026-06-12 23:04:22,519] INFO - HTTP Request: POST https://jeniya.cn/v1/chat/completions "HTTP/1.1 200 OK"
[2026-06-12 23:04:23,250] INFO - HTTP Request: POST https://jeniya.cn/v1/chat/completions "HTTP/1.1 200 OK"
[2026-06-12 23:04:23,735] INFO - HTTP Request: POST https://jeniya.cn/v1/chat/completions "HTTP/1.1 200 OK"
[2026-06-12 23:04:24,627] INFO - HTTP Request: POST https://jeniya.cn/v1/chat/completions "HTTP/1.1 200 OK"
[2026-06-12 23:04:25,066] INFO - HTTP Request: POST https://jeniya.cn/v1/chat/completions "HTTP/1.1 200 OK"
[2026-06-12 23:04:28,357] INFO - HTTP Request: POST https://jeniya.cn/v1/chat/completions "HTTP/1.1 200 OK"
[2026-06-12 23:04:28,572] INFO - HTTP Request: POST https://jeniya.cn/v1/chat/completions "HTTP/1.1 200 OK"
[2026-06-12 23:04:29,778] INFO - HTTP Request: POST https://jeniya.cn/v1/chat/completions "HTTP/1.1 200 OK"
[2026-06-12 23:04:31,945] INFO - HTTP Request: POST https://jeniya.cn/v1/chat/completions "HTTP/1.1 200 OK"
[2026-06-12 23:04:33,775] INFO - HTTP Request: POST https://jeniya.cn/v1/chat/completions "HTTP/1.1 200 OK"
[2026-06-12 23:04:36,497] INFO - HTTP Request: POST https://jeniya.cn/v1/chat/completions "HTTP/1.1 200 OK"
[2026-06-12 23:04:40,282] INFO - HTTP Request: POST https://jeniya.cn/v1/chat/completions "HTTP/1.1 200 OK"
[2026-06-12 23:04:41,672] INFO - HTTP Request: POST https://jeniya.cn/v1/chat/completions "HTTP/1.1 200 OK"
[2026-06-12 23:04:42,155] INFO - HTTP Request: POST https://jeniya.cn/v1/chat/completions "HTTP/1.1 200 OK"
[2026-06-12 23:04:43,617] INFO - HTTP Request: POST https://jeniya.cn/v1/chat/completions "HTTP/1.1 200 OK"
[2026-06-12 23:04:45,661] INFO - HTTP Request: POST https://jeniya.cn/v1/chat/completions "HTTP/1.1 200 OK"
[2026-06-12 23:04:45,882] INFO - HTTP Request: POST https://jeniya.cn/v1/chat/completions "HTTP/1.1 200 OK"
[2026-06-12 23:04:48,651] INFO - HTTP Request: POST https://jeniya.cn/v1/chat/completions "HTTP/1.1 200 OK"
[2026-06-12 23:04:52,528] INFO - HTTP Request: POST https://jeniya.cn/v1/chat/completions "HTTP/1.1 200 OK"
[2026-06-12 23:04:55,952] INFO - HTTP Request: POST https://jeniya.cn/v1/chat/completions "HTTP/1.1 200 OK"
[2026-06-12 23:04:57,182] INFO - HTTP Request: POST https://jeniya.cn/v1/chat/completions "HTTP/1.1 200 OK"
[2026-06-12 23:04:57,191] INFO - HTTP Request: POST https://jeniya.cn/v1/chat/completions "HTTP/1.1 200 OK"
[2026-06-12 23:04:57,478] INFO - HTTP Request: POST https://jeniya.cn/v1/chat/completions "HTTP/1.1 200 OK"
[2026-06-12 23:04:57,615] INFO - HTTP Request: POST https://jeniya.cn/v1/chat/completions "HTTP/1.1 200 OK"
[2026-06-12 23:05:00,880] INFO - HTTP Request: POST https://jeniya.cn/v1/chat/completions "HTTP/1.1 200 OK"
[2026-06-12 23:05:01,858] INFO - HTTP Request: POST https://jeniya.cn/v1/chat/completions "HTTP/1.1 200 OK"
[2026-06-12 23:05:06,056] INFO - HTTP Request: POST https://jeniya.cn/v1/chat/completions "HTTP/1.1 200 OK"
[2026-06-12 23:05:07,750] INFO - HTTP Request: POST https://jeniya.cn/v1/chat/completions "HTTP/1.1 200 OK"
[2026-06-12 23:05:10,193] INFO - HTTP Request: POST https://jeniya.cn/v1/chat/completions "HTTP/1.1 200 OK"
[2026-06-12 23:05:11,700] INFO - HTTP Request: POST https://jeniya.cn/v1/chat/completions "HTTP/1.1 200 OK"
[2026-06-12 23:05:12,067] INFO - HTTP Request: POST https://jeniya.cn/v1/chat/completions "HTTP/1.1 200 OK"
[2026-06-12 23:05:15,178] INFO - HTTP Request: POST https://jeniya.cn/v1/chat/completions "HTTP/1.1 200 OK"
[2026-06-12 23:05:18,360] INFO - HTTP Request: POST https://jeniya.cn/v1/chat/completions "HTTP/1.1 200 OK"
[2026-06-12 23:05:21,097] INFO - HTTP Request: POST https://jeniya.cn/v1/chat/completions "HTTP/1.1 200 OK"
[2026-06-12 23:05:24,230] INFO - HTTP Request: POST https://jeniya.cn/v1/chat/completions "HTTP/1.1 200 OK"
[2026-06-12 23:05:26,227] INFO - HTTP Request: POST https://jeniya.cn/v1/chat/completions "HTTP/1.1 200 OK"
[2026-06-12 23:05:26,229] INFO - HTTP Request: POST https://jeniya.cn/v1/chat/completions "HTTP/1.1 200 OK"
[2026-06-12 23:05:30,200] INFO - HTTP Request: POST https://jeniya.cn/v1/chat/completions "HTTP/1.1 200 OK"
[2026-06-12 23:05:30,501] INFO - HTTP Request: POST https://jeniya.cn/v1/chat/completions "HTTP/1.1 200 OK"
[2026-06-12 23:05:31,421] INFO - HTTP Request: POST https://jeniya.cn/v1/chat/completions "HTTP/1.1 200 OK"
[2026-06-12 23:05:32,883] INFO - HTTP Request: POST https://jeniya.cn/v1/chat/completions "HTTP/1.1 200 OK"
[2026-06-12 23:05:33,900] INFO - HTTP Request: POST https://jeniya.cn/v1/chat/completions "HTTP/1.1 200 OK"
[2026-06-12 23:05:36,519] INFO - HTTP Request: POST https://jeniya.cn/v1/chat/completions "HTTP/1.1 200 OK"
[2026-06-12 23:05:37,436] INFO - HTTP Request: POST https://jeniya.cn/v1/chat/completions "HTTP/1.1 200 OK"
[2026-06-12 23:05:41,550] INFO - HTTP Request: POST https://jeniya.cn/v1/chat/completions "HTTP/1.1 200 OK"
[2026-06-12 23:05:43,490] INFO - HTTP Request: POST https://jeniya.cn/v1/chat/completions "HTTP/1.1 200 OK"
[2026-06-12 23:05:49,398] INFO - HTTP Request: POST https://jeniya.cn/v1/chat/completions "HTTP/1.1 200 OK"
[2026-06-12 23:05:49,937] INFO - HTTP Request: POST https://jeniya.cn/v1/chat/completions "HTTP/1.1 200 OK"
[2026-06-12 23:05:50,645] INFO - HTTP Request: POST https://jeniya.cn/v1/chat/completions "HTTP/1.1 200 OK"
[2026-06-12 23:05:52,271] INFO - HTTP Request: POST https://jeniya.cn/v1/chat/completions "HTTP/1.1 200 OK"
[2026-06-12 23:05:52,669] INFO - HTTP Request: POST https://jeniya.cn/v1/chat/completions "HTTP/1.1 200 OK"
[2026-06-12 23:05:53,551] INFO - HTTP Request: POST https://jeniya.cn/v1/chat/completions "HTTP/1.1 200 OK"
[2026-06-12 23:05:55,054] INFO - HTTP Request: POST https://jeniya.cn/v1/chat/completions "HTTP/1.1 200 OK"
[2026-06-12 23:06:01,369] INFO - HTTP Request: POST https://jeniya.cn/v1/chat/completions "HTTP/1.1 200 OK"
[2026-06-12 23:06:01,969] INFO - HTTP Request: POST https://jeniya.cn/v1/chat/completions "HTTP/1.1 200 OK"
[2026-06-12 23:06:02,921] INFO - HTTP Request: POST https://jeniya.cn/v1/chat/completions "HTTP/1.1 200 OK"
[2026-06-12 23:06:04,813] INFO - HTTP Request: POST https://jeniya.cn/v1/chat/completions "HTTP/1.1 200 OK"
[2026-06-12 23:06:05,216] INFO - HTTP Request: POST https://jeniya.cn/v1/chat/completions "HTTP/1.1 200 OK"
[2026-06-12 23:06:09,252] INFO - HTTP Request: POST https://jeniya.cn/v1/chat/completions "HTTP/1.1 200 OK"
[2026-06-12 23:06:10,729] INFO - HTTP Request: POST https://jeniya.cn/v1/chat/completions "HTTP/1.1 200 OK"
[2026-06-12 23:06:15,020] INFO - HTTP Request: POST https://jeniya.cn/v1/chat/completions "HTTP/1.1 200 OK"
[2026-06-12 23:06:16,272] INFO - HTTP Request: POST https://jeniya.cn/v1/chat/completions "HTTP/1.1 200 OK"
[2026-06-12 23:06:18,456] INFO - HTTP Request: POST https://jeniya.cn/v1/chat/completions "HTTP/1.1 200 OK"
[2026-06-12 23:06:20,041] INFO - HTTP Request: POST https://jeniya.cn/v1/chat/completions "HTTP/1.1 200 OK"
[2026-06-12 23:06:21,012] INFO - HTTP Request: POST https://jeniya.cn/v1/chat/completions "HTTP/1.1 200 OK"
[2026-06-12 23:06:22,421] INFO - HTTP Request: POST https://jeniya.cn/v1/chat/completions "HTTP/1.1 200 OK"
[2026-06-12 23:06:22,877] INFO - HTTP Request: POST https://jeniya.cn/v1/chat/completions "HTTP/1.1 200 OK"
[2026-06-12 23:06:23,193] INFO - HTTP Request: POST https://jeniya.cn/v1/chat/completions "HTTP/1.1 200 OK"
[2026-06-12 23:06:24,838] INFO - HTTP Request: POST https://jeniya.cn/v1/chat/completions "HTTP/1.1 200 OK"
[2026-06-12 23:06:26,245] INFO - Retrying request to /chat/completions in 0.405720 seconds
[2026-06-12 23:06:28,852] INFO - HTTP Request: POST https://jeniya.cn/v1/chat/completions "HTTP/1.1 200 OK"
[2026-06-12 23:06:31,011] INFO - HTTP Request: POST https://jeniya.cn/v1/chat/completions "HTTP/1.1 200 OK"
[2026-06-12 23:06:35,488] INFO - HTTP Request: POST https://jeniya.cn/v1/chat/completions "HTTP/1.1 200 OK"
[2026-06-12 23:06:36,432] INFO - HTTP Request: POST https://jeniya.cn/v1/chat/completions "HTTP/1.1 200 OK"
[2026-06-12 23:06:40,567] INFO - HTTP Request: POST https://jeniya.cn/v1/chat/completions "HTTP/1.1 200 OK"
[2026-06-12 23:06:41,446] INFO - HTTP Request: POST https://jeniya.cn/v1/chat/completions "HTTP/1.1 200 OK"
[2026-06-12 23:06:42,146] INFO - HTTP Request: POST https://jeniya.cn/v1/chat/completions "HTTP/1.1 200 OK"
[2026-06-12 23:06:42,397] INFO - HTTP Request: POST https://jeniya.cn/v1/chat/completions "HTTP/1.1 200 OK"
[2026-06-12 23:06:42,747] INFO - HTTP Request: POST https://jeniya.cn/v1/chat/completions "HTTP/1.1 200 OK"
[2026-06-12 23:06:43,317] INFO - HTTP Request: POST https://jeniya.cn/v1/chat/completions "HTTP/1.1 200 OK"
[2026-06-12 23:06:43,864] INFO - HTTP Request: POST https://jeniya.cn/v1/chat/completions "HTTP/1.1 200 OK"
[2026-06-12 23:06:47,652] INFO - HTTP Request: POST https://jeniya.cn/v1/chat/completions "HTTP/1.1 200 OK"
[2026-06-12 23:06:48,048] INFO - HTTP Request: POST https://jeniya.cn/v1/chat/completions "HTTP/1.1 200 OK"
[2026-06-12 23:06:48,535] INFO - HTTP Request: POST https://jeniya.cn/v1/chat/completions "HTTP/1.1 200 OK"
[2026-06-12 23:06:54,578] INFO - HTTP Request: POST https://jeniya.cn/v1/chat/completions "HTTP/1.1 200 OK"
[2026-06-12 23:06:56,302] INFO - HTTP Request: POST https://jeniya.cn/v1/chat/completions "HTTP/1.1 200 OK"
[2026-06-12 23:06:56,854] INFO - HTTP Request: POST https://jeniya.cn/v1/chat/completions "HTTP/1.1 200 OK"
[2026-06-12 23:07:00,002] INFO - HTTP Request: POST https://jeniya.cn/v1/chat/completions "HTTP/1.1 200 OK"
[2026-06-12 23:07:02,527] INFO - HTTP Request: POST https://jeniya.cn/v1/chat/completions "HTTP/1.1 200 OK"
[2026-06-12 23:07:07,600] INFO - HTTP Request: POST https://jeniya.cn/v1/chat/completions "HTTP/1.1 200 OK"
[2026-06-12 23:07:07,655] INFO - HTTP Request: POST https://jeniya.cn/v1/chat/completions "HTTP/1.1 200 OK"
[2026-06-12 23:07:10,342] INFO - HTTP Request: POST https://jeniya.cn/v1/chat/completions "HTTP/1.1 200 OK"
[2026-06-12 23:07:11,275] INFO - HTTP Request: POST https://jeniya.cn/v1/chat/completions "HTTP/1.1 200 OK"
[2026-06-12 23:07:12,560] INFO - HTTP Request: POST https://jeniya.cn/v1/chat/completions "HTTP/1.1 200 OK"
[2026-06-12 23:07:13,898] INFO - HTTP Request: POST https://jeniya.cn/v1/chat/completions "HTTP/1.1 200 OK"
[2026-06-12 23:07:14,741] INFO - HTTP Request: POST https://jeniya.cn/v1/chat/completions "HTTP/1.1 200 OK"
[2026-06-12 23:07:15,218] INFO - HTTP Request: POST https://jeniya.cn/v1/chat/completions "HTTP/1.1 200 OK"
[2026-06-12 23:07:17,227] INFO - HTTP Request: POST https://jeniya.cn/v1/chat/completions "HTTP/1.1 200 OK"
[2026-06-12 23:07:18,736] INFO - HTTP Request: POST https://jeniya.cn/v1/chat/completions "HTTP/1.1 200 OK"
[2026-06-12 23:07:23,290] INFO - HTTP Request: POST https://jeniya.cn/v1/chat/completions "HTTP/1.1 200 OK"
[2026-06-12 23:07:26,109] INFO - HTTP Request: POST https://jeniya.cn/v1/chat/completions "HTTP/1.1 200 OK"
[2026-06-12 23:07:27,155] INFO - HTTP Request: POST https://jeniya.cn/v1/chat/completions "HTTP/1.1 200 OK"
[2026-06-12 23:07:27,376] INFO - HTTP Request: POST https://jeniya.cn/v1/chat/completions "HTTP/1.1 200 OK"
[2026-06-12 23:07:32,541] INFO - HTTP Request: POST https://jeniya.cn/v1/chat/completions "HTTP/1.1 200 OK"
[2026-06-12 23:07:32,746] INFO - HTTP Request: POST https://jeniya.cn/v1/chat/completions "HTTP/1.1 200 OK"
[2026-06-12 23:07:33,717] INFO - HTTP Request: POST https://jeniya.cn/v1/chat/completions "HTTP/1.1 200 OK"
[2026-06-12 23:07:34,269] INFO - HTTP Request: POST https://jeniya.cn/v1/chat/completions "HTTP/1.1 200 OK"
[2026-06-12 23:07:41,228] INFO - HTTP Request: POST https://jeniya.cn/v1/chat/completions "HTTP/1.1 200 OK"
[2026-06-12 23:07:41,450] INFO - Retrying request to /chat/completions in 0.449874 seconds
[2026-06-12 23:07:44,879] INFO - HTTP Request: POST https://jeniya.cn/v1/chat/completions "HTTP/1.1 200 OK"
[2026-06-12 23:07:49,820] INFO - HTTP Request: POST https://jeniya.cn/v1/chat/completions "HTTP/1.1 200 OK"
[2026-06-12 23:07:51,366] INFO - HTTP Request: POST https://jeniya.cn/v1/chat/completions "HTTP/1.1 200 OK"
[2026-06-12 23:07:53,269] INFO - HTTP Request: POST https://jeniya.cn/v1/chat/completions "HTTP/1.1 200 OK"
[2026-06-12 23:07:53,486] INFO - HTTP Request: POST https://jeniya.cn/v1/chat/completions "HTTP/1.1 200 OK"
[2026-06-12 23:07:53,606] INFO - HTTP Request: POST https://jeniya.cn/v1/chat/completions "HTTP/1.1 200 OK"
[2026-06-12 23:07:53,974] INFO - HTTP Request: POST https://jeniya.cn/v1/chat/completions "HTTP/1.1 200 OK"
[2026-06-12 23:08:06,016] INFO - HTTP Request: POST https://jeniya.cn/v1/chat/completions "HTTP/1.1 200 OK"
[2026-06-12 23:08:08,831] INFO - HTTP Request: POST https://jeniya.cn/v1/chat/completions "HTTP/1.1 200 OK"
[2026-06-12 23:08:08,995] INFO - HTTP Request: POST https://jeniya.cn/v1/chat/completions "HTTP/1.1 200 OK"
[2026-06-12 23:08:09,433] INFO - HTTP Request: POST https://jeniya.cn/v1/chat/completions "HTTP/1.1 200 OK"
[2026-06-12 23:08:11,792] INFO - HTTP Request: POST https://jeniya.cn/v1/chat/completions "HTTP/1.1 200 OK"
[2026-06-12 23:08:12,506] INFO - HTTP Request: POST https://jeniya.cn/v1/chat/completions "HTTP/1.1 200 OK"
[2026-06-12 23:08:13,288] INFO - HTTP Request: POST https://jeniya.cn/v1/chat/completions "HTTP/1.1 200 OK"
[2026-06-12 23:08:14,748] INFO - Retrying request to /chat/completions in 0.484932 seconds
[2026-06-12 23:08:25,416] INFO - HTTP Request: POST https://jeniya.cn/v1/chat/completions "HTTP/1.1 200 OK"
[2026-06-12 23:08:26,111] INFO - Retrying request to /chat/completions in 0.412835 seconds
[2026-06-12 23:08:27,679] INFO - HTTP Request: POST https://jeniya.cn/v1/chat/completions "HTTP/1.1 200 OK"
[2026-06-12 23:08:28,854] INFO - HTTP Request: POST https://jeniya.cn/v1/chat/completions "HTTP/1.1 200 OK"
[2026-06-12 23:08:32,491] INFO - HTTP Request: POST https://jeniya.cn/v1/chat/completions "HTTP/1.1 200 OK"
[2026-06-12 23:08:36,224] INFO - HTTP Request: POST https://jeniya.cn/v1/chat/completions "HTTP/1.1 200 OK"
[2026-06-12 23:08:39,439] INFO - HTTP Request: POST https://jeniya.cn/v1/chat/completions "HTTP/1.1 200 OK"
[2026-06-12 23:08:42,858] INFO - HTTP Request: POST https://jeniya.cn/v1/chat/completions "HTTP/1.1 200 OK"
[2026-06-12 23:08:45,169] INFO - HTTP Request: POST https://jeniya.cn/v1/chat/completions "HTTP/1.1 200 OK"
[2026-06-12 23:08:46,356] INFO - HTTP Request: POST https://jeniya.cn/v1/chat/completions "HTTP/1.1 200 OK"
[2026-06-12 23:08:47,326] INFO - HTTP Request: POST https://jeniya.cn/v1/chat/completions "HTTP/1.1 200 OK"
[2026-06-12 23:08:50,362] INFO - HTTP Request: POST https://jeniya.cn/v1/chat/completions "HTTP/1.1 200 OK"
[2026-06-12 23:08:50,593] INFO - HTTP Request: POST https://jeniya.cn/v1/chat/completions "HTTP/1.1 200 OK"
[2026-06-12 23:08:53,613] INFO - Retrying request to /chat/completions in 0.394217 seconds
[2026-06-12 23:08:54,942] INFO - HTTP Request: POST https://jeniya.cn/v1/chat/completions "HTTP/1.1 200 OK"
[2026-06-12 23:08:59,613] INFO - HTTP Request: POST https://jeniya.cn/v1/chat/completions "HTTP/1.1 200 OK"
[2026-06-12 23:09:01,089] INFO - HTTP Request: POST https://jeniya.cn/v1/chat/completions "HTTP/1.1 200 OK"
[2026-06-12 23:09:03,072] INFO - HTTP Request: POST https://jeniya.cn/v1/chat/completions "HTTP/1.1 200 OK"
[2026-06-12 23:09:04,676] INFO - HTTP Request: POST https://jeniya.cn/v1/chat/completions "HTTP/1.1 200 OK"
[2026-06-12 23:09:06,134] INFO - HTTP Request: POST https://jeniya.cn/v1/chat/completions "HTTP/1.1 200 OK"
[2026-06-12 23:09:07,420] INFO - HTTP Request: POST https://jeniya.cn/v1/chat/completions "HTTP/1.1 200 OK"
[2026-06-12 23:09:10,872] INFO - HTTP Request: POST https://jeniya.cn/v1/chat/completions "HTTP/1.1 200 OK"
[2026-06-12 23:09:12,077] INFO - HTTP Request: POST https://jeniya.cn/v1/chat/completions "HTTP/1.1 200 OK"
[2026-06-12 23:09:15,821] INFO - Retrying request to /chat/completions in 0.990337 seconds
[2026-06-12 23:09:16,541] INFO - HTTP Request: POST https://jeniya.cn/v1/chat/completions "HTTP/1.1 200 OK"
[2026-06-12 23:09:17,351] INFO - HTTP Request: POST https://jeniya.cn/v1/chat/completions "HTTP/1.1 200 OK"
[2026-06-12 23:09:20,977] INFO - HTTP Request: POST https://jeniya.cn/v1/chat/completions "HTTP/1.1 200 OK"
[2026-06-12 23:09:22,709] INFO - HTTP Request: POST https://jeniya.cn/v1/chat/completions "HTTP/1.1 200 OK"
[2026-06-12 23:09:25,550] INFO - HTTP Request: POST https://jeniya.cn/v1/chat/completions "HTTP/1.1 200 OK"
[2026-06-12 23:09:27,020] INFO - HTTP Request: POST https://jeniya.cn/v1/chat/completions "HTTP/1.1 200 OK"
[2026-06-12 23:09:29,654] INFO - HTTP Request: POST https://jeniya.cn/v1/chat/completions "HTTP/1.1 200 OK"
[2026-06-12 23:09:31,546] INFO - HTTP Request: POST https://jeniya.cn/v1/chat/completions "HTTP/1.1 200 OK"
[2026-06-12 23:09:32,606] INFO - HTTP Request: POST https://jeniya.cn/v1/chat/completions "HTTP/1.1 200 OK"
[2026-06-12 23:09:33,899] INFO - HTTP Request: POST https://jeniya.cn/v1/chat/completions "HTTP/1.1 200 OK"
[2026-06-12 23:09:39,298] INFO - HTTP Request: POST https://jeniya.cn/v1/chat/completions "HTTP/1.1 200 OK"
[2026-06-12 23:09:39,933] INFO - HTTP Request: POST https://jeniya.cn/v1/chat/completions "HTTP/1.1 200 OK"
[2026-06-12 23:09:42,042] INFO - HTTP Request: POST https://jeniya.cn/v1/chat/completions "HTTP/1.1 200 OK"
[2026-06-12 23:09:43,686] INFO - HTTP Request: POST https://jeniya.cn/v1/chat/completions "HTTP/1.1 200 OK"
[2026-06-12 23:09:45,372] INFO - HTTP Request: POST https://jeniya.cn/v1/chat/completions "HTTP/1.1 200 OK"
[2026-06-12 23:09:45,856] INFO - HTTP Request: POST https://jeniya.cn/v1/chat/completions "HTTP/1.1 200 OK"
[2026-06-12 23:09:48,844] INFO - HTTP Request: POST https://jeniya.cn/v1/chat/completions "HTTP/1.1 200 OK"
[2026-06-12 23:09:52,273] INFO - HTTP Request: POST https://jeniya.cn/v1/chat/completions "HTTP/1.1 200 OK"
[2026-06-12 23:09:58,537] INFO - HTTP Request: POST https://jeniya.cn/v1/chat/completions "HTTP/1.1 200 OK"
[2026-06-12 23:09:59,552] INFO - HTTP Request: POST https://jeniya.cn/v1/chat/completions "HTTP/1.1 200 OK"
[2026-06-12 23:10:01,696] INFO - HTTP Request: POST https://jeniya.cn/v1/chat/completions "HTTP/1.1 200 OK"
[2026-06-12 23:10:01,722] INFO - HTTP Request: POST https://jeniya.cn/v1/chat/completions "HTTP/1.1 200 OK"
[2026-06-12 23:10:03,200] INFO - HTTP Request: POST https://jeniya.cn/v1/chat/completions "HTTP/1.1 200 OK"
[2026-06-12 23:10:03,608] INFO - HTTP Request: POST https://jeniya.cn/v1/chat/completions "HTTP/1.1 200 OK"
[2026-06-12 23:10:07,459] INFO - HTTP Request: POST https://jeniya.cn/v1/chat/completions "HTTP/1.1 200 OK"
[2026-06-12 23:10:14,509] INFO - HTTP Request: POST https://jeniya.cn/v1/chat/completions "HTTP/1.1 200 OK"
[2026-06-12 23:10:16,050] INFO - HTTP Request: POST https://jeniya.cn/v1/chat/completions "HTTP/1.1 200 OK"
[2026-06-12 23:10:16,657] INFO - HTTP Request: POST https://jeniya.cn/v1/chat/completions "HTTP/1.1 200 OK"
[2026-06-12 23:10:19,959] INFO - HTTP Request: POST https://jeniya.cn/v1/chat/completions "HTTP/1.1 200 OK"
[2026-06-12 23:10:21,071] INFO - HTTP Request: POST https://jeniya.cn/v1/chat/completions "HTTP/1.1 200 OK"
[2026-06-12 23:10:21,686] INFO - HTTP Request: POST https://jeniya.cn/v1/chat/completions "HTTP/1.1 200 OK"
[2026-06-12 23:10:24,051] INFO - HTTP Request: POST https://jeniya.cn/v1/chat/completions "HTTP/1.1 200 OK"
[2026-06-12 23:10:31,457] INFO - HTTP Request: POST https://jeniya.cn/v1/chat/completions "HTTP/1.1 200 OK"
[2026-06-12 23:10:32,365] INFO - HTTP Request: POST https://jeniya.cn/v1/chat/completions "HTTP/1.1 200 OK"
[2026-06-12 23:10:32,979] INFO - HTTP Request: POST https://jeniya.cn/v1/chat/completions "HTTP/1.1 200 OK"
[2026-06-12 23:10:33,914] INFO - Retrying request to /chat/completions in 0.377143 seconds
[2026-06-12 23:10:35,028] INFO - HTTP Request: POST https://jeniya.cn/v1/chat/completions "HTTP/1.1 200 OK"
[2026-06-12 23:10:37,188] INFO - HTTP Request: POST https://jeniya.cn/v1/chat/completions "HTTP/1.1 200 OK"
[2026-06-12 23:10:43,617] INFO - HTTP Request: POST https://jeniya.cn/v1/chat/completions "HTTP/1.1 200 OK"
[2026-06-12 23:10:45,542] INFO - HTTP Request: POST https://jeniya.cn/v1/chat/completions "HTTP/1.1 200 OK"
[2026-06-12 23:10:47,088] INFO - HTTP Request: POST https://jeniya.cn/v1/chat/completions "HTTP/1.1 200 OK"
[2026-06-12 23:10:47,395] INFO - HTTP Request: POST https://jeniya.cn/v1/chat/completions "HTTP/1.1 200 OK"
[2026-06-12 23:10:49,983] INFO - HTTP Request: POST https://jeniya.cn/v1/chat/completions "HTTP/1.1 200 OK"
[2026-06-12 23:10:54,204] INFO - HTTP Request: POST https://jeniya.cn/v1/chat/completions "HTTP/1.1 200 OK"
[2026-06-12 23:10:57,250] INFO - HTTP Request: POST https://jeniya.cn/v1/chat/completions "HTTP/1.1 200 OK"
[2026-06-12 23:10:57,251] INFO - HTTP Request: POST https://jeniya.cn/v1/chat/completions "HTTP/1.1 200 OK"
[2026-06-12 23:10:57,870] INFO - HTTP Request: POST https://jeniya.cn/v1/chat/completions "HTTP/1.1 200 OK"
[2026-06-12 23:10:57,933] INFO - HTTP Request: POST https://jeniya.cn/v1/chat/completions "HTTP/1.1 200 OK"
[2026-06-12 23:10:59,106] INFO - HTTP Request: POST https://jeniya.cn/v1/chat/completions "HTTP/1.1 200 OK"
[2026-06-12 23:11:00,888] INFO - HTTP Request: POST https://jeniya.cn/v1/chat/completions "HTTP/1.1 200 OK"
[2026-06-12 23:11:01,126] INFO - HTTP Request: POST https://jeniya.cn/v1/chat/completions "HTTP/1.1 200 OK"
[2026-06-12 23:11:06,991] INFO - HTTP Request: POST https://jeniya.cn/v1/chat/completions "HTTP/1.1 200 OK"
[2026-06-12 23:11:08,363] INFO - HTTP Request: POST https://jeniya.cn/v1/chat/completions "HTTP/1.1 200 OK"
[2026-06-12 23:11:10,861] INFO - HTTP Request: POST https://jeniya.cn/v1/chat/completions "HTTP/1.1 200 OK"
[2026-06-12 23:11:11,096] INFO - HTTP Request: POST https://jeniya.cn/v1/chat/completions "HTTP/1.1 200 OK"
[2026-06-12 23:11:12,891] INFO - HTTP Request: POST https://jeniya.cn/v1/chat/completions "HTTP/1.1 200 OK"
[2026-06-12 23:11:13,099] INFO - HTTP Request: POST https://jeniya.cn/v1/chat/completions "HTTP/1.1 200 OK"
[2026-06-12 23:11:17,902] INFO - HTTP Request: POST https://jeniya.cn/v1/chat/completions "HTTP/1.1 200 OK"
[2026-06-12 23:11:18,226] INFO - HTTP Request: POST https://jeniya.cn/v1/chat/completions "HTTP/1.1 200 OK"
[2026-06-12 23:11:20,963] INFO - HTTP Request: POST https://jeniya.cn/v1/chat/completions "HTTP/1.1 200 OK"
[2026-06-12 23:11:21,567] INFO - HTTP Request: POST https://jeniya.cn/v1/chat/completions "HTTP/1.1 200 OK"
[2026-06-12 23:11:22,652] INFO - HTTP Request: POST https://jeniya.cn/v1/chat/completions "HTTP/1.1 200 OK"
[2026-06-12 23:11:23,430] INFO - HTTP Request: POST https://jeniya.cn/v1/chat/completions "HTTP/1.1 200 OK"
[2026-06-12 23:11:23,654] INFO - HTTP Request: POST https://jeniya.cn/v1/chat/completions "HTTP/1.1 200 OK"
[2026-06-12 23:11:25,441] INFO - HTTP Request: POST https://jeniya.cn/v1/chat/completions "HTTP/1.1 200 OK"
[2026-06-12 23:11:25,521] INFO - HTTP Request: POST https://jeniya.cn/v1/chat/completions "HTTP/1.1 200 OK"
[2026-06-12 23:11:27,346] INFO - HTTP Request: POST https://jeniya.cn/v1/chat/completions "HTTP/1.1 200 OK"
[2026-06-12 23:11:29,076] INFO - HTTP Request: POST https://jeniya.cn/v1/chat/completions "HTTP/1.1 200 OK"
[2026-06-12 23:11:29,623] INFO - HTTP Request: POST https://jeniya.cn/v1/chat/completions "HTTP/1.1 200 OK"
[2026-06-12 23:11:29,853] INFO - HTTP Request: POST https://jeniya.cn/v1/chat/completions "HTTP/1.1 200 OK"
[2026-06-12 23:11:30,008] INFO - HTTP Request: POST https://jeniya.cn/v1/chat/completions "HTTP/1.1 200 OK"
[2026-06-12 23:11:30,061] INFO - HTTP Request: POST https://jeniya.cn/v1/chat/completions "HTTP/1.1 200 OK"
[2026-06-12 23:11:31,488] INFO - HTTP Request: POST https://jeniya.cn/v1/chat/completions "HTTP/1.1 200 OK"
[2026-06-12 23:11:32,683] INFO - HTTP Request: POST https://jeniya.cn/v1/chat/completions "HTTP/1.1 200 OK"
[2026-06-12 23:11:32,838] INFO - HTTP Request: POST https://jeniya.cn/v1/chat/completions "HTTP/1.1 200 OK"
[2026-06-12 23:11:34,243] INFO - HTTP Request: POST https://jeniya.cn/v1/chat/completions "HTTP/1.1 200 OK"
[2026-06-12 23:11:34,514] INFO - HTTP Request: POST https://jeniya.cn/v1/chat/completions "HTTP/1.1 200 OK"
[2026-06-12 23:11:35,193] INFO - HTTP Request: POST https://jeniya.cn/v1/chat/completions "HTTP/1.1 200 OK"
[2026-06-12 23:11:36,802] INFO - HTTP Request: POST https://jeniya.cn/v1/chat/completions "HTTP/1.1 200 OK"
[2026-06-12 23:11:37,133] INFO - HTTP Request: POST https://jeniya.cn/v1/chat/completions "HTTP/1.1 200 OK"
[2026-06-12 23:11:37,535] INFO - HTTP Request: POST https://jeniya.cn/v1/chat/completions "HTTP/1.1 200 OK"
[2026-06-12 23:11:40,125] INFO - HTTP Request: POST https://jeniya.cn/v1/chat/completions "HTTP/1.1 200 OK"
[2026-06-12 23:11:40,687] INFO - HTTP Request: POST https://jeniya.cn/v1/chat/completions "HTTP/1.1 200 OK"
[2026-06-12 23:11:40,924] INFO - HTTP Request: POST https://jeniya.cn/v1/chat/completions "HTTP/1.1 200 OK"
[2026-06-12 23:11:41,492] INFO - HTTP Request: POST https://jeniya.cn/v1/chat/completions "HTTP/1.1 200 OK"
[2026-06-12 23:11:41,797] INFO - HTTP Request: POST https://jeniya.cn/v1/chat/completions "HTTP/1.1 200 OK"
[2026-06-12 23:11:43,795] INFO - HTTP Request: POST https://jeniya.cn/v1/chat/completions "HTTP/1.1 200 OK"
[2026-06-12 23:11:49,481] INFO - HTTP Request: POST https://jeniya.cn/v1/chat/completions "HTTP/1.1 200 OK"
[2026-06-12 23:12:06,997] INFO - Retrying request to /chat/completions in 0.383654 seconds
[2026-06-12 23:12:10,610] INFO - HTTP Request: POST https://jeniya.cn/v1/chat/completions "HTTP/1.1 200 OK"
[2026-06-12 23:12:30,018] INFO - Retrying request to /chat/completions in 0.435093 seconds
[2026-06-12 23:13:31,079] INFO - Retrying request to /chat/completions in 0.972011 seconds
[2026-06-12 23:13:40,920] INFO - HTTP Request: POST https://jeniya.cn/v1/chat/completions "HTTP/1.1 200 OK"
[2026-06-12 23:33:10,776] INFO - 媒体已上传: RCTD-450.mp4 (6268.4 MB)
[2026-06-12 23:33:10,784] INFO - Config loaded from D:\code\Subtitle-Translation-Tools\config.json
[2026-06-12 23:36:05,663] INFO - Processing audio with duration 02:19:30.368
[2026-06-12 23:36:30,963] INFO - VAD filter removed 01:30:51.824 of audio
[2026-06-12 23:39:55,673] INFO - Config loaded from D:\code\Subtitle-Translation-Tools\config.json
[2026-06-12 23:39:59,282] INFO - HTTP Request: POST https://jeniya.cn/v1/chat/completions "HTTP/1.1 200 OK"
[2026-06-12 23:40:00,359] INFO - HTTP Request: POST https://jeniya.cn/v1/chat/completions "HTTP/1.1 200 OK"
[2026-06-12 23:40:00,548] INFO - HTTP Request: POST https://jeniya.cn/v1/chat/completions "HTTP/1.1 200 OK"
[2026-06-12 23:40:00,782] INFO - HTTP Request: POST https://jeniya.cn/v1/chat/completions "HTTP/1.1 200 OK"
[2026-06-12 23:40:00,846] INFO - HTTP Request: POST https://jeniya.cn/v1/chat/completions "HTTP/1.1 200 OK"
[2026-06-12 23:40:01,254] INFO - HTTP Request: POST https://jeniya.cn/v1/chat/completions "HTTP/1.1 200 OK"
[2026-06-12 23:40:02,169] INFO - HTTP Request: POST https://jeniya.cn/v1/chat/completions "HTTP/1.1 200 OK"
[2026-06-12 23:40:02,665] INFO - HTTP Request: POST https://jeniya.cn/v1/chat/completions "HTTP/1.1 200 OK"
[2026-06-12 23:40:02,819] INFO - HTTP Request: POST https://jeniya.cn/v1/chat/completions "HTTP/1.1 200 OK"
[2026-06-12 23:40:03,510] INFO - HTTP Request: POST https://jeniya.cn/v1/chat/completions "HTTP/1.1 200 OK"
[2026-06-12 23:40:03,903] INFO - HTTP Request: POST https://jeniya.cn/v1/chat/completions "HTTP/1.1 200 OK"
[2026-06-12 23:40:04,719] INFO - HTTP Request: POST https://jeniya.cn/v1/chat/completions "HTTP/1.1 200 OK"
[2026-06-12 23:40:05,763] INFO - HTTP Request: POST https://jeniya.cn/v1/chat/completions "HTTP/1.1 200 OK"
[2026-06-12 23:40:05,801] INFO - HTTP Request: POST https://jeniya.cn/v1/chat/completions "HTTP/1.1 200 OK"
[2026-06-12 23:40:07,542] INFO - HTTP Request: POST https://jeniya.cn/v1/chat/completions "HTTP/1.1 200 OK"
[2026-06-12 23:40:07,837] INFO - HTTP Request: POST https://jeniya.cn/v1/chat/completions "HTTP/1.1 200 OK"
[2026-06-12 23:40:08,218] INFO - HTTP Request: POST https://jeniya.cn/v1/chat/completions "HTTP/1.1 200 OK"
[2026-06-12 23:40:08,920] INFO - HTTP Request: POST https://jeniya.cn/v1/chat/completions "HTTP/1.1 200 OK"
[2026-06-12 23:40:09,189] INFO - HTTP Request: POST https://jeniya.cn/v1/chat/completions "HTTP/1.1 200 OK"
[2026-06-12 23:40:15,924] INFO - HTTP Request: POST https://jeniya.cn/v1/chat/completions "HTTP/1.1 200 OK"
[2026-06-12 23:40:16,061] INFO - HTTP Request: POST https://jeniya.cn/v1/chat/completions "HTTP/1.1 200 OK"
[2026-06-12 23:40:16,126] INFO - HTTP Request: POST https://jeniya.cn/v1/chat/completions "HTTP/1.1 200 OK"
[2026-06-12 23:40:16,399] INFO - HTTP Request: POST https://jeniya.cn/v1/chat/completions "HTTP/1.1 200 OK"
[2026-06-12 23:40:16,973] INFO - HTTP Request: POST https://jeniya.cn/v1/chat/completions "HTTP/1.1 200 OK"
[2026-06-12 23:40:17,195] INFO - HTTP Request: POST https://jeniya.cn/v1/chat/completions "HTTP/1.1 200 OK"
[2026-06-12 23:40:17,684] INFO - HTTP Request: POST https://jeniya.cn/v1/chat/completions "HTTP/1.1 200 OK"
[2026-06-12 23:40:17,858] INFO - HTTP Request: POST https://jeniya.cn/v1/chat/completions "HTTP/1.1 200 OK"
[2026-06-12 23:40:19,150] INFO - HTTP Request: POST https://jeniya.cn/v1/chat/completions "HTTP/1.1 200 OK"
[2026-06-12 23:40:19,754] INFO - HTTP Request: POST https://jeniya.cn/v1/chat/completions "HTTP/1.1 200 OK"
[2026-06-12 23:40:21,347] INFO - HTTP Request: POST https://jeniya.cn/v1/chat/completions "HTTP/1.1 200 OK"
[2026-06-12 23:40:22,234] INFO - HTTP Request: POST https://jeniya.cn/v1/chat/completions "HTTP/1.1 200 OK"
[2026-06-12 23:40:24,963] INFO - HTTP Request: POST https://jeniya.cn/v1/chat/completions "HTTP/1.1 200 OK"
[2026-06-12 23:40:26,937] INFO - HTTP Request: POST https://jeniya.cn/v1/chat/completions "HTTP/1.1 200 OK"
[2026-06-12 23:40:27,216] INFO - HTTP Request: POST https://jeniya.cn/v1/chat/completions "HTTP/1.1 200 OK"
[2026-06-12 23:40:29,227] INFO - HTTP Request: POST https://jeniya.cn/v1/chat/completions "HTTP/1.1 200 OK"
[2026-06-12 23:40:30,916] INFO - HTTP Request: POST https://jeniya.cn/v1/chat/completions "HTTP/1.1 200 OK"
[2026-06-12 23:40:31,023] INFO - HTTP Request: POST https://jeniya.cn/v1/chat/completions "HTTP/1.1 200 OK"
[2026-06-12 23:40:32,782] INFO - HTTP Request: POST https://jeniya.cn/v1/chat/completions "HTTP/1.1 200 OK"
[2026-06-12 23:40:35,456] INFO - HTTP Request: POST https://jeniya.cn/v1/chat/completions "HTTP/1.1 200 OK"
[2026-06-12 23:40:35,685] INFO - HTTP Request: POST https://jeniya.cn/v1/chat/completions "HTTP/1.1 200 OK"
[2026-06-12 23:40:37,263] INFO - HTTP Request: POST https://jeniya.cn/v1/chat/completions "HTTP/1.1 200 OK"
[2026-06-12 23:40:37,537] INFO - HTTP Request: POST https://jeniya.cn/v1/chat/completions "HTTP/1.1 200 OK"
[2026-06-12 23:40:39,956] INFO - HTTP Request: POST https://jeniya.cn/v1/chat/completions "HTTP/1.1 200 OK"
[2026-06-12 23:40:40,853] INFO - HTTP Request: POST https://jeniya.cn/v1/chat/completions "HTTP/1.1 200 OK"
[2026-06-12 23:40:41,723] INFO - HTTP Request: POST https://jeniya.cn/v1/chat/completions "HTTP/1.1 200 OK"
[2026-06-12 23:40:42,276] INFO - HTTP Request: POST https://jeniya.cn/v1/chat/completions "HTTP/1.1 200 OK"
[2026-06-12 23:40:42,831] INFO - HTTP Request: POST https://jeniya.cn/v1/chat/completions "HTTP/1.1 200 OK"
[2026-06-12 23:40:42,927] INFO - HTTP Request: POST https://jeniya.cn/v1/chat/completions "HTTP/1.1 200 OK"
[2026-06-12 23:40:43,888] INFO - HTTP Request: POST https://jeniya.cn/v1/chat/completions "HTTP/1.1 200 OK"
[2026-06-12 23:40:43,979] INFO - HTTP Request: POST https://jeniya.cn/v1/chat/completions "HTTP/1.1 200 OK"
[2026-06-12 23:40:45,954] INFO - HTTP Request: POST https://jeniya.cn/v1/chat/completions "HTTP/1.1 200 OK"
[2026-06-12 23:40:46,058] INFO - HTTP Request: POST https://jeniya.cn/v1/chat/completions "HTTP/1.1 200 OK"
[2026-06-12 23:40:47,845] INFO - HTTP Request: POST https://jeniya.cn/v1/chat/completions "HTTP/1.1 200 OK"
[2026-06-12 23:40:48,104] INFO - HTTP Request: POST https://jeniya.cn/v1/chat/completions "HTTP/1.1 200 OK"
[2026-06-12 23:40:48,135] INFO - HTTP Request: POST https://jeniya.cn/v1/chat/completions "HTTP/1.1 200 OK"
[2026-06-12 23:40:50,181] INFO - HTTP Request: POST https://jeniya.cn/v1/chat/completions "HTTP/1.1 200 OK"
[2026-06-12 23:40:50,430] INFO - HTTP Request: POST https://jeniya.cn/v1/chat/completions "HTTP/1.1 200 OK"
[2026-06-12 23:40:51,119] INFO - HTTP Request: POST https://jeniya.cn/v1/chat/completions "HTTP/1.1 200 OK"
[2026-06-12 23:40:51,520] INFO - HTTP Request: POST https://jeniya.cn/v1/chat/completions "HTTP/1.1 200 OK"
[2026-06-12 23:40:53,431] INFO - HTTP Request: POST https://jeniya.cn/v1/chat/completions "HTTP/1.1 200 OK"
[2026-06-12 23:40:53,503] INFO - HTTP Request: POST https://jeniya.cn/v1/chat/completions "HTTP/1.1 200 OK"
[2026-06-12 23:40:55,687] INFO - HTTP Request: POST https://jeniya.cn/v1/chat/completions "HTTP/1.1 200 OK"
[2026-06-12 23:40:55,869] INFO - HTTP Request: POST https://jeniya.cn/v1/chat/completions "HTTP/1.1 200 OK"
[2026-06-12 23:40:56,266] INFO - HTTP Request: POST https://jeniya.cn/v1/chat/completions "HTTP/1.1 200 OK"
[2026-06-12 23:40:56,692] INFO - HTTP Request: POST https://jeniya.cn/v1/chat/completions "HTTP/1.1 200 OK"
[2026-06-12 23:40:57,721] INFO - HTTP Request: POST https://jeniya.cn/v1/chat/completions "HTTP/1.1 200 OK"
[2026-06-12 23:40:59,919] INFO - HTTP Request: POST https://jeniya.cn/v1/chat/completions "HTTP/1.1 200 OK"
[2026-06-12 23:41:00,112] INFO - HTTP Request: POST https://jeniya.cn/v1/chat/completions "HTTP/1.1 200 OK"
[2026-06-12 23:41:00,190] INFO - HTTP Request: POST https://jeniya.cn/v1/chat/completions "HTTP/1.1 200 OK"
[2026-06-12 23:41:00,702] INFO - HTTP Request: POST https://jeniya.cn/v1/chat/completions "HTTP/1.1 200 OK"
[2026-06-12 23:41:01,448] INFO - HTTP Request: POST https://jeniya.cn/v1/chat/completions "HTTP/1.1 200 OK"
[2026-06-12 23:41:01,840] INFO - HTTP Request: POST https://jeniya.cn/v1/chat/completions "HTTP/1.1 200 OK"
[2026-06-12 23:41:01,845] INFO - HTTP Request: POST https://jeniya.cn/v1/chat/completions "HTTP/1.1 200 OK"
[2026-06-12 23:41:02,086] INFO - HTTP Request: POST https://jeniya.cn/v1/chat/completions "HTTP/1.1 200 OK"
[2026-06-12 23:41:02,828] INFO - HTTP Request: POST https://jeniya.cn/v1/chat/completions "HTTP/1.1 200 OK"
[2026-06-12 23:41:02,916] INFO - HTTP Request: POST https://jeniya.cn/v1/chat/completions "HTTP/1.1 200 OK"
[2026-06-12 23:41:03,955] INFO - HTTP Request: POST https://jeniya.cn/v1/chat/completions "HTTP/1.1 200 OK"
[2026-06-12 23:41:04,092] INFO - HTTP Request: POST https://jeniya.cn/v1/chat/completions "HTTP/1.1 200 OK"
[2026-06-12 23:41:05,141] INFO - HTTP Request: POST https://jeniya.cn/v1/chat/completions "HTTP/1.1 200 OK"
[2026-06-12 23:41:05,830] INFO - HTTP Request: POST https://jeniya.cn/v1/chat/completions "HTTP/1.1 200 OK"
[2026-06-12 23:41:05,903] INFO - HTTP Request: POST https://jeniya.cn/v1/chat/completions "HTTP/1.1 200 OK"
[2026-06-12 23:41:06,472] INFO - HTTP Request: POST https://jeniya.cn/v1/chat/completions "HTTP/1.1 200 OK"
[2026-06-12 23:41:07,014] INFO - HTTP Request: POST https://jeniya.cn/v1/chat/completions "HTTP/1.1 200 OK"
[2026-06-12 23:41:09,809] INFO - HTTP Request: POST https://jeniya.cn/v1/chat/completions "HTTP/1.1 200 OK"
[2026-06-12 23:41:10,003] INFO - HTTP Request: POST https://jeniya.cn/v1/chat/completions "HTTP/1.1 200 OK"
[2026-06-12 23:41:10,461] INFO - HTTP Request: POST https://jeniya.cn/v1/chat/completions "HTTP/1.1 200 OK"
[2026-06-12 23:41:11,658] INFO - HTTP Request: POST https://jeniya.cn/v1/chat/completions "HTTP/1.1 200 OK"
[2026-06-12 23:41:11,672] INFO - HTTP Request: POST https://jeniya.cn/v1/chat/completions "HTTP/1.1 200 OK"
[2026-06-12 23:41:12,257] INFO - HTTP Request: POST https://jeniya.cn/v1/chat/completions "HTTP/1.1 200 OK"
[2026-06-12 23:41:13,382] INFO - HTTP Request: POST https://jeniya.cn/v1/chat/completions "HTTP/1.1 200 OK"
[2026-06-12 23:41:13,441] INFO - HTTP Request: POST https://jeniya.cn/v1/chat/completions "HTTP/1.1 200 OK"
[2026-06-12 23:41:14,195] INFO - HTTP Request: POST https://jeniya.cn/v1/chat/completions "HTTP/1.1 200 OK"
[2026-06-12 23:41:15,864] INFO - HTTP Request: POST https://jeniya.cn/v1/chat/completions "HTTP/1.1 200 OK"
[2026-06-12 23:41:16,745] INFO - HTTP Request: POST https://jeniya.cn/v1/chat/completions "HTTP/1.1 200 OK"
[2026-06-12 23:41:16,848] INFO - HTTP Request: POST https://jeniya.cn/v1/chat/completions "HTTP/1.1 200 OK"
[2026-06-12 23:41:17,580] INFO - HTTP Request: POST https://jeniya.cn/v1/chat/completions "HTTP/1.1 200 OK"
[2026-06-12 23:41:18,694] INFO - HTTP Request: POST https://jeniya.cn/v1/chat/completions "HTTP/1.1 200 OK"
[2026-06-12 23:41:19,258] INFO - HTTP Request: POST https://jeniya.cn/v1/chat/completions "HTTP/1.1 200 OK"
[2026-06-12 23:41:22,095] INFO - HTTP Request: POST https://jeniya.cn/v1/chat/completions "HTTP/1.1 200 OK"
[2026-06-12 23:41:22,484] INFO - HTTP Request: POST https://jeniya.cn/v1/chat/completions "HTTP/1.1 200 OK"
[2026-06-12 23:41:22,618] INFO - HTTP Request: POST https://jeniya.cn/v1/chat/completions "HTTP/1.1 200 OK"
[2026-06-12 23:41:22,996] INFO - HTTP Request: POST https://jeniya.cn/v1/chat/completions "HTTP/1.1 200 OK"
[2026-06-12 23:41:24,648] INFO - HTTP Request: POST https://jeniya.cn/v1/chat/completions "HTTP/1.1 200 OK"
[2026-06-12 23:41:24,895] INFO - HTTP Request: POST https://jeniya.cn/v1/chat/completions "HTTP/1.1 200 OK"
[2026-06-12 23:41:25,144] INFO - HTTP Request: POST https://jeniya.cn/v1/chat/completions "HTTP/1.1 200 OK"
[2026-06-12 23:41:25,552] INFO - HTTP Request: POST https://jeniya.cn/v1/chat/completions "HTTP/1.1 200 OK"
[2026-06-12 23:41:25,714] INFO - HTTP Request: POST https://jeniya.cn/v1/chat/completions "HTTP/1.1 200 OK"
[2026-06-12 23:41:25,971] INFO - HTTP Request: POST https://jeniya.cn/v1/chat/completions "HTTP/1.1 200 OK"
[2026-06-12 23:41:26,112] INFO - HTTP Request: POST https://jeniya.cn/v1/chat/completions "HTTP/1.1 200 OK"
[2026-06-12 23:41:27,764] INFO - HTTP Request: POST https://jeniya.cn/v1/chat/completions "HTTP/1.1 200 OK"
[2026-06-12 23:41:27,921] INFO - HTTP Request: POST https://jeniya.cn/v1/chat/completions "HTTP/1.1 200 OK"
[2026-06-12 23:41:27,966] INFO - HTTP Request: POST https://jeniya.cn/v1/chat/completions "HTTP/1.1 200 OK"
[2026-06-12 23:41:29,231] INFO - Retrying request to /chat/completions in 0.452957 seconds
[2026-06-12 23:41:30,041] INFO - HTTP Request: POST https://jeniya.cn/v1/chat/completions "HTTP/1.1 200 OK"
[2026-06-12 23:41:30,129] INFO - HTTP Request: POST https://jeniya.cn/v1/chat/completions "HTTP/1.1 200 OK"
[2026-06-12 23:41:30,481] INFO - HTTP Request: POST https://jeniya.cn/v1/chat/completions "HTTP/1.1 200 OK"
[2026-06-12 23:41:31,330] INFO - HTTP Request: POST https://jeniya.cn/v1/chat/completions "HTTP/1.1 200 OK"
[2026-06-12 23:41:31,866] INFO - HTTP Request: POST https://jeniya.cn/v1/chat/completions "HTTP/1.1 200 OK"
[2026-06-12 23:41:32,306] INFO - HTTP Request: POST https://jeniya.cn/v1/chat/completions "HTTP/1.1 200 OK"
[2026-06-12 23:41:33,898] INFO - HTTP Request: POST https://jeniya.cn/v1/chat/completions "HTTP/1.1 200 OK"
[2026-06-12 23:41:34,064] INFO - HTTP Request: POST https://jeniya.cn/v1/chat/completions "HTTP/1.1 200 OK"
[2026-06-12 23:41:34,165] INFO - HTTP Request: POST https://jeniya.cn/v1/chat/completions "HTTP/1.1 200 OK"
[2026-06-12 23:41:34,576] INFO - HTTP Request: POST https://jeniya.cn/v1/chat/completions "HTTP/1.1 200 OK"
[2026-06-12 23:41:34,691] INFO - HTTP Request: POST https://jeniya.cn/v1/chat/completions "HTTP/1.1 200 OK"
[2026-06-12 23:41:35,699] INFO - HTTP Request: POST https://jeniya.cn/v1/chat/completions "HTTP/1.1 200 OK"
[2026-06-12 23:41:36,052] INFO - HTTP Request: POST https://jeniya.cn/v1/chat/completions "HTTP/1.1 200 OK"
[2026-06-12 23:41:36,395] INFO - HTTP Request: POST https://jeniya.cn/v1/chat/completions "HTTP/1.1 200 OK"
[2026-06-12 23:41:39,692] INFO - HTTP Request: POST https://jeniya.cn/v1/chat/completions "HTTP/1.1 200 OK"
[2026-06-12 23:41:40,446] INFO - HTTP Request: POST https://jeniya.cn/v1/chat/completions "HTTP/1.1 200 OK"
[2026-06-12 23:41:42,629] INFO - HTTP Request: POST https://jeniya.cn/v1/chat/completions "HTTP/1.1 200 OK"
[2026-06-12 23:41:43,447] INFO - HTTP Request: POST https://jeniya.cn/v1/chat/completions "HTTP/1.1 200 OK"
[2026-06-12 23:41:43,540] INFO - HTTP Request: POST https://jeniya.cn/v1/chat/completions "HTTP/1.1 200 OK"
[2026-06-12 23:41:44,050] INFO - HTTP Request: POST https://jeniya.cn/v1/chat/completions "HTTP/1.1 200 OK"
[2026-06-12 23:41:45,449] INFO - HTTP Request: POST https://jeniya.cn/v1/chat/completions "HTTP/1.1 200 OK"
[2026-06-12 23:41:47,739] INFO - HTTP Request: POST https://jeniya.cn/v1/chat/completions "HTTP/1.1 200 OK"
[2026-06-12 23:41:47,778] INFO - HTTP Request: POST https://jeniya.cn/v1/chat/completions "HTTP/1.1 200 OK"
[2026-06-12 23:41:48,181] INFO - HTTP Request: POST https://jeniya.cn/v1/chat/completions "HTTP/1.1 200 OK"
[2026-06-12 23:41:48,798] INFO - HTTP Request: POST https://jeniya.cn/v1/chat/completions "HTTP/1.1 200 OK"
[2026-06-12 23:41:55,856] INFO - HTTP Request: POST https://jeniya.cn/v1/chat/completions "HTTP/1.1 200 OK"
[2026-06-12 23:41:57,277] INFO - HTTP Request: POST https://jeniya.cn/v1/chat/completions "HTTP/1.1 200 OK"
[2026-06-12 23:41:58,318] INFO - HTTP Request: POST https://jeniya.cn/v1/chat/completions "HTTP/1.1 200 OK"
[2026-06-12 23:42:00,146] INFO - HTTP Request: POST https://jeniya.cn/v1/chat/completions "HTTP/1.1 200 OK"
[2026-06-12 23:42:00,564] INFO - HTTP Request: POST https://jeniya.cn/v1/chat/completions "HTTP/1.1 200 OK"
[2026-06-12 23:42:01,693] INFO - HTTP Request: POST https://jeniya.cn/v1/chat/completions "HTTP/1.1 200 OK"
[2026-06-12 23:42:02,171] INFO - HTTP Request: POST https://jeniya.cn/v1/chat/completions "HTTP/1.1 200 OK"
[2026-06-12 23:42:02,175] INFO - HTTP Request: POST https://jeniya.cn/v1/chat/completions "HTTP/1.1 200 OK"
[2026-06-12 23:42:04,588] INFO - HTTP Request: POST https://jeniya.cn/v1/chat/completions "HTTP/1.1 200 OK"
[2026-06-12 23:42:06,234] INFO - HTTP Request: POST https://jeniya.cn/v1/chat/completions "HTTP/1.1 200 OK"
[2026-06-12 23:42:09,503] INFO - HTTP Request: POST https://jeniya.cn/v1/chat/completions "HTTP/1.1 200 OK"
[2026-06-12 23:42:13,791] INFO - HTTP Request: POST https://jeniya.cn/v1/chat/completions "HTTP/1.1 200 OK"
[2026-06-12 23:42:15,447] INFO - HTTP Request: POST https://jeniya.cn/v1/chat/completions "HTTP/1.1 200 OK"
[2026-06-12 23:42:16,529] INFO - HTTP Request: POST https://jeniya.cn/v1/chat/completions "HTTP/1.1 200 OK"
[2026-06-12 23:42:16,665] INFO - HTTP Request: POST https://jeniya.cn/v1/chat/completions "HTTP/1.1 200 OK"
[2026-06-12 23:42:18,257] INFO - HTTP Request: POST https://jeniya.cn/v1/chat/completions "HTTP/1.1 200 OK"
[2026-06-12 23:42:22,460] INFO - HTTP Request: POST https://jeniya.cn/v1/chat/completions "HTTP/1.1 200 OK"
[2026-06-12 23:42:23,234] INFO - HTTP Request: POST https://jeniya.cn/v1/chat/completions "HTTP/1.1 200 OK"
[2026-06-12 23:42:24,721] INFO - HTTP Request: POST https://jeniya.cn/v1/chat/completions "HTTP/1.1 200 OK"
[2026-06-12 23:42:28,209] INFO - HTTP Request: POST https://jeniya.cn/v1/chat/completions "HTTP/1.1 200 OK"
[2026-06-12 23:42:29,353] INFO - HTTP Request: POST https://jeniya.cn/v1/chat/completions "HTTP/1.1 200 OK"
[2026-06-12 23:42:31,580] INFO - HTTP Request: POST https://jeniya.cn/v1/chat/completions "HTTP/1.1 200 OK"
[2026-06-12 23:42:31,911] INFO - HTTP Request: POST https://jeniya.cn/v1/chat/completions "HTTP/1.1 200 OK"
[2026-06-12 23:42:32,009] INFO - HTTP Request: POST https://jeniya.cn/v1/chat/completions "HTTP/1.1 200 OK"
[2026-06-12 23:42:32,405] INFO - HTTP Request: POST https://jeniya.cn/v1/chat/completions "HTTP/1.1 200 OK"
[2026-06-12 23:42:32,406] INFO - HTTP Request: POST https://jeniya.cn/v1/chat/completions "HTTP/1.1 200 OK"
[2026-06-12 23:42:33,008] INFO - HTTP Request: POST https://jeniya.cn/v1/chat/completions "HTTP/1.1 200 OK"
[2026-06-12 23:42:39,408] INFO - HTTP Request: POST https://jeniya.cn/v1/chat/completions "HTTP/1.1 200 OK"
[2026-06-12 23:42:39,523] INFO - HTTP Request: POST https://jeniya.cn/v1/chat/completions "HTTP/1.1 200 OK"
[2026-06-12 23:42:45,966] INFO - HTTP Request: POST https://jeniya.cn/v1/chat/completions "HTTP/1.1 200 OK"
[2026-06-12 23:42:47,871] INFO - HTTP Request: POST https://jeniya.cn/v1/chat/completions "HTTP/1.1 200 OK"
[2026-06-12 23:42:49,311] INFO - HTTP Request: POST https://jeniya.cn/v1/chat/completions "HTTP/1.1 200 OK"
[2026-06-12 23:42:52,103] INFO - HTTP Request: POST https://jeniya.cn/v1/chat/completions "HTTP/1.1 200 OK"
[2026-06-12 23:43:00,342] INFO - HTTP Request: POST https://jeniya.cn/v1/chat/completions "HTTP/1.1 200 OK"
[2026-06-12 23:43:03,016] INFO - HTTP Request: POST https://jeniya.cn/v1/chat/completions "HTTP/1.1 200 OK"
[2026-06-12 23:43:03,707] INFO - HTTP Request: POST https://jeniya.cn/v1/chat/completions "HTTP/1.1 200 OK"
[2026-06-12 23:43:03,710] INFO - HTTP Request: POST https://jeniya.cn/v1/chat/completions "HTTP/1.1 200 OK"
[2026-06-12 23:43:07,632] INFO - HTTP Request: POST https://jeniya.cn/v1/chat/completions "HTTP/1.1 200 OK"
[2026-06-12 23:43:08,629] INFO - HTTP Request: POST https://jeniya.cn/v1/chat/completions "HTTP/1.1 200 OK"
[2026-06-12 23:43:10,072] INFO - HTTP Request: POST https://jeniya.cn/v1/chat/completions "HTTP/1.1 200 OK"
[2026-06-12 23:43:10,359] INFO - HTTP Request: POST https://jeniya.cn/v1/chat/completions "HTTP/1.1 200 OK"
[2026-06-12 23:43:10,961] INFO - HTTP Request: POST https://jeniya.cn/v1/chat/completions "HTTP/1.1 200 OK"
[2026-06-12 23:43:12,529] INFO - HTTP Request: POST https://jeniya.cn/v1/chat/completions "HTTP/1.1 200 OK"
[2026-06-12 23:43:13,344] INFO - HTTP Request: POST https://jeniya.cn/v1/chat/completions "HTTP/1.1 200 OK"
[2026-06-12 23:43:19,298] INFO - HTTP Request: POST https://jeniya.cn/v1/chat/completions "HTTP/1.1 200 OK"
[2026-06-12 23:43:19,350] INFO - HTTP Request: POST https://jeniya.cn/v1/chat/completions "HTTP/1.1 200 OK"
[2026-06-12 23:43:23,240] INFO - Retrying request to /chat/completions in 0.425768 seconds
[2026-06-12 23:43:23,785] INFO - HTTP Request: POST https://jeniya.cn/v1/chat/completions "HTTP/1.1 200 OK"
[2026-06-12 23:43:24,005] INFO - HTTP Request: POST https://jeniya.cn/v1/chat/completions "HTTP/1.1 200 OK"
[2026-06-12 23:43:29,985] INFO - HTTP Request: POST https://jeniya.cn/v1/chat/completions "HTTP/1.1 200 OK"
[2026-06-12 23:43:30,191] INFO - HTTP Request: POST https://jeniya.cn/v1/chat/completions "HTTP/1.1 200 OK"
[2026-06-12 23:43:30,582] INFO - HTTP Request: POST https://jeniya.cn/v1/chat/completions "HTTP/1.1 200 OK"
[2026-06-12 23:43:31,856] INFO - HTTP Request: POST https://jeniya.cn/v1/chat/completions "HTTP/1.1 200 OK"
[2026-06-12 23:43:34,024] INFO - HTTP Request: POST https://jeniya.cn/v1/chat/completions "HTTP/1.1 200 OK"
[2026-06-12 23:43:35,088] INFO - HTTP Request: POST https://jeniya.cn/v1/chat/completions "HTTP/1.1 200 OK"
[2026-06-12 23:43:36,953] INFO - HTTP Request: POST https://jeniya.cn/v1/chat/completions "HTTP/1.1 200 OK"
[2026-06-12 23:43:46,873] INFO - HTTP Request: POST https://jeniya.cn/v1/chat/completions "HTTP/1.1 200 OK"
[2026-06-12 23:43:47,405] INFO - HTTP Request: POST https://jeniya.cn/v1/chat/completions "HTTP/1.1 200 OK"
[2026-06-12 23:43:48,722] INFO - HTTP Request: POST https://jeniya.cn/v1/chat/completions "HTTP/1.1 200 OK"
[2026-06-12 23:43:49,682] INFO - HTTP Request: POST https://jeniya.cn/v1/chat/completions "HTTP/1.1 200 OK"
[2026-06-12 23:43:50,219] INFO - HTTP Request: POST https://jeniya.cn/v1/chat/completions "HTTP/1.1 200 OK"
[2026-06-12 23:43:53,552] INFO - HTTP Request: POST https://jeniya.cn/v1/chat/completions "HTTP/1.1 200 OK"
[2026-06-12 23:43:53,574] INFO - HTTP Request: POST https://jeniya.cn/v1/chat/completions "HTTP/1.1 200 OK"
[2026-06-12 23:43:56,457] INFO - HTTP Request: POST https://jeniya.cn/v1/chat/completions "HTTP/1.1 200 OK"
[2026-06-12 23:43:57,385] INFO - HTTP Request: POST https://jeniya.cn/v1/chat/completions "HTTP/1.1 200 OK"
[2026-06-12 23:43:58,527] INFO - HTTP Request: POST https://jeniya.cn/v1/chat/completions "HTTP/1.1 200 OK"
[2026-06-12 23:44:00,523] INFO - HTTP Request: POST https://jeniya.cn/v1/chat/completions "HTTP/1.1 200 OK"
[2026-06-12 23:44:01,237] INFO - HTTP Request: POST https://jeniya.cn/v1/chat/completions "HTTP/1.1 200 OK"
[2026-06-12 23:44:02,204] INFO - HTTP Request: POST https://jeniya.cn/v1/chat/completions "HTTP/1.1 200 OK"
[2026-06-12 23:44:05,269] INFO - HTTP Request: POST https://jeniya.cn/v1/chat/completions "HTTP/1.1 200 OK"
[2026-06-12 23:44:09,680] INFO - HTTP Request: POST https://jeniya.cn/v1/chat/completions "HTTP/1.1 200 OK"
[2026-06-12 23:44:11,806] INFO - HTTP Request: POST https://jeniya.cn/v1/chat/completions "HTTP/1.1 200 OK"
[2026-06-12 23:44:13,777] INFO - HTTP Request: POST https://jeniya.cn/v1/chat/completions "HTTP/1.1 200 OK"
[2026-06-12 23:44:14,655] INFO - HTTP Request: POST https://jeniya.cn/v1/chat/completions "HTTP/1.1 200 OK"
[2026-06-12 23:44:15,674] INFO - HTTP Request: POST https://jeniya.cn/v1/chat/completions "HTTP/1.1 200 OK"
[2026-06-12 23:44:19,008] INFO - HTTP Request: POST https://jeniya.cn/v1/chat/completions "HTTP/1.1 200 OK"
[2026-06-12 23:44:19,684] INFO - HTTP Request: POST https://jeniya.cn/v1/chat/completions "HTTP/1.1 200 OK"
[2026-06-12 23:44:29,482] INFO - HTTP Request: POST https://jeniya.cn/v1/chat/completions "HTTP/1.1 200 OK"
[2026-06-12 23:44:29,866] INFO - HTTP Request: POST https://jeniya.cn/v1/chat/completions "HTTP/1.1 200 OK"
[2026-06-12 23:44:30,598] INFO - Retrying request to /chat/completions in 0.424813 seconds
[2026-06-12 23:44:30,815] INFO - HTTP Request: POST https://jeniya.cn/v1/chat/completions "HTTP/1.1 200 OK"
[2026-06-12 23:44:32,314] INFO - HTTP Request: POST https://jeniya.cn/v1/chat/completions "HTTP/1.1 200 OK"
[2026-06-12 23:44:32,318] INFO - HTTP Request: POST https://jeniya.cn/v1/chat/completions "HTTP/1.1 200 OK"
[2026-06-12 23:44:32,594] INFO - HTTP Request: POST https://jeniya.cn/v1/chat/completions "HTTP/1.1 200 OK"
[2026-06-12 23:44:35,224] INFO - HTTP Request: POST https://jeniya.cn/v1/chat/completions "HTTP/1.1 200 OK"
[2026-06-12 23:44:35,768] INFO - HTTP Request: POST https://jeniya.cn/v1/chat/completions "HTTP/1.1 200 OK"
[2026-06-12 23:44:37,623] INFO - HTTP Request: POST https://jeniya.cn/v1/chat/completions "HTTP/1.1 200 OK"
[2026-06-12 23:44:44,772] INFO - HTTP Request: POST https://jeniya.cn/v1/chat/completions "HTTP/1.1 200 OK"
[2026-06-12 23:44:46,597] INFO - HTTP Request: POST https://jeniya.cn/v1/chat/completions "HTTP/1.1 200 OK"
[2026-06-12 23:44:47,622] INFO - HTTP Request: POST https://jeniya.cn/v1/chat/completions "HTTP/1.1 200 OK"
[2026-06-12 23:44:49,687] INFO - Retrying request to /chat/completions in 0.437807 seconds
[2026-06-12 23:44:50,580] INFO - HTTP Request: POST https://jeniya.cn/v1/chat/completions "HTTP/1.1 200 OK"
[2026-06-12 23:44:55,889] INFO - HTTP Request: POST https://jeniya.cn/v1/chat/completions "HTTP/1.1 200 OK"
[2026-06-12 23:44:55,950] INFO - HTTP Request: POST https://jeniya.cn/v1/chat/completions "HTTP/1.1 200 OK"
[2026-06-12 23:44:58,888] INFO - HTTP Request: POST https://jeniya.cn/v1/chat/completions "HTTP/1.1 200 OK"
[2026-06-12 23:45:00,989] INFO - HTTP Request: POST https://jeniya.cn/v1/chat/completions "HTTP/1.1 200 OK"
[2026-06-12 23:45:03,361] INFO - HTTP Request: POST https://jeniya.cn/v1/chat/completions "HTTP/1.1 200 OK"
[2026-06-12 23:45:03,889] INFO - HTTP Request: POST https://jeniya.cn/v1/chat/completions "HTTP/1.1 200 OK"
[2026-06-12 23:45:07,083] INFO - HTTP Request: POST https://jeniya.cn/v1/chat/completions "HTTP/1.1 200 OK"
[2026-06-12 23:45:10,395] INFO - HTTP Request: POST https://jeniya.cn/v1/chat/completions "HTTP/1.1 200 OK"
[2026-06-12 23:45:10,489] INFO - HTTP Request: POST https://jeniya.cn/v1/chat/completions "HTTP/1.1 200 OK"
[2026-06-12 23:45:11,818] INFO - Retrying request to /chat/completions in 0.386160 seconds
[2026-06-12 23:45:13,344] INFO - HTTP Request: POST https://jeniya.cn/v1/chat/completions "HTTP/1.1 200 OK"
[2026-06-12 23:45:21,532] INFO - HTTP Request: POST https://jeniya.cn/v1/chat/completions "HTTP/1.1 200 OK"
[2026-06-12 23:45:25,284] INFO - HTTP Request: POST https://jeniya.cn/v1/chat/completions "HTTP/1.1 200 OK"
[2026-06-12 23:45:26,684] INFO - HTTP Request: POST https://jeniya.cn/v1/chat/completions "HTTP/1.1 200 OK"
[2026-06-12 23:45:28,336] INFO - HTTP Request: POST https://jeniya.cn/v1/chat/completions "HTTP/1.1 200 OK"
[2026-06-12 23:45:31,632] INFO - Retrying request to /chat/completions in 0.867052 seconds
[2026-06-12 23:45:34,257] INFO - HTTP Request: POST https://jeniya.cn/v1/chat/completions "HTTP/1.1 200 OK"
[2026-06-12 23:45:36,409] INFO - HTTP Request: POST https://jeniya.cn/v1/chat/completions "HTTP/1.1 200 OK"
[2026-06-12 23:45:37,020] INFO - HTTP Request: POST https://jeniya.cn/v1/chat/completions "HTTP/1.1 200 OK"
[2026-06-12 23:45:40,123] INFO - HTTP Request: POST https://jeniya.cn/v1/chat/completions "HTTP/1.1 200 OK"
[2026-06-12 23:45:43,600] INFO - HTTP Request: POST https://jeniya.cn/v1/chat/completions "HTTP/1.1 200 OK"
[2026-06-12 23:45:43,860] INFO - HTTP Request: POST https://jeniya.cn/v1/chat/completions "HTTP/1.1 200 OK"
[2026-06-12 23:45:45,920] INFO - HTTP Request: POST https://jeniya.cn/v1/chat/completions "HTTP/1.1 200 OK"
[2026-06-12 23:45:46,063] INFO - HTTP Request: POST https://jeniya.cn/v1/chat/completions "HTTP/1.1 200 OK"
[2026-06-12 23:45:49,721] INFO - HTTP Request: POST https://jeniya.cn/v1/chat/completions "HTTP/1.1 200 OK"
[2026-06-12 23:45:50,747] INFO - Retrying request to /chat/completions in 0.862964 seconds
[2026-06-12 23:45:51,234] INFO - HTTP Request: POST https://jeniya.cn/v1/chat/completions "HTTP/1.1 200 OK"
[2026-06-12 23:45:53,212] INFO - HTTP Request: POST https://jeniya.cn/v1/chat/completions "HTTP/1.1 200 OK"
[2026-06-12 23:45:53,597] INFO - HTTP Request: POST https://jeniya.cn/v1/chat/completions "HTTP/1.1 200 OK"
[2026-06-12 23:45:55,218] INFO - HTTP Request: POST https://jeniya.cn/v1/chat/completions "HTTP/1.1 200 OK"
[2026-06-12 23:45:56,029] INFO - HTTP Request: POST https://jeniya.cn/v1/chat/completions "HTTP/1.1 200 OK"
[2026-06-12 23:45:56,249] INFO - HTTP Request: POST https://jeniya.cn/v1/chat/completions "HTTP/1.1 200 OK"
[2026-06-12 23:45:58,075] INFO - HTTP Request: POST https://jeniya.cn/v1/chat/completions "HTTP/1.1 200 OK"
[2026-06-12 23:46:01,051] INFO - HTTP Request: POST https://jeniya.cn/v1/chat/completions "HTTP/1.1 200 OK"
[2026-06-12 23:46:01,412] INFO - HTTP Request: POST https://jeniya.cn/v1/chat/completions "HTTP/1.1 200 OK"
[2026-06-12 23:46:01,583] INFO - HTTP Request: POST https://jeniya.cn/v1/chat/completions "HTTP/1.1 200 OK"
[2026-06-12 23:46:02,205] INFO - HTTP Request: POST https://jeniya.cn/v1/chat/completions "HTTP/1.1 200 OK"
[2026-06-12 23:46:03,376] INFO - Retrying request to /chat/completions in 0.376193 seconds
[2026-06-12 23:46:03,720] INFO - HTTP Request: POST https://jeniya.cn/v1/chat/completions "HTTP/1.1 200 OK"
[2026-06-12 23:46:04,066] INFO - HTTP Request: POST https://jeniya.cn/v1/chat/completions "HTTP/1.1 200 OK"
[2026-06-12 23:46:04,317] INFO - HTTP Request: POST https://jeniya.cn/v1/chat/completions "HTTP/1.1 200 OK"
[2026-06-12 23:46:06,203] INFO - HTTP Request: POST https://jeniya.cn/v1/chat/completions "HTTP/1.1 200 OK"
[2026-06-12 23:46:06,969] INFO - HTTP Request: POST https://jeniya.cn/v1/chat/completions "HTTP/1.1 200 OK"
[2026-06-12 23:46:08,876] INFO - HTTP Request: POST https://jeniya.cn/v1/chat/completions "HTTP/1.1 200 OK"
[2026-06-12 23:46:09,437] INFO - HTTP Request: POST https://jeniya.cn/v1/chat/completions "HTTP/1.1 200 OK"
[2026-06-12 23:46:10,127] INFO - HTTP Request: POST https://jeniya.cn/v1/chat/completions "HTTP/1.1 200 OK"
[2026-06-12 23:46:10,261] INFO - HTTP Request: POST https://jeniya.cn/v1/chat/completions "HTTP/1.1 200 OK"
[2026-06-12 23:46:10,666] INFO - HTTP Request: POST https://jeniya.cn/v1/chat/completions "HTTP/1.1 200 OK"
[2026-06-12 23:46:13,897] INFO - HTTP Request: POST https://jeniya.cn/v1/chat/completions "HTTP/1.1 200 OK"
[2026-06-12 23:46:14,910] INFO - HTTP Request: POST https://jeniya.cn/v1/chat/completions "HTTP/1.1 200 OK"
[2026-06-12 23:46:15,783] INFO - HTTP Request: POST https://jeniya.cn/v1/chat/completions "HTTP/1.1 200 OK"
[2026-06-12 23:46:16,428] INFO - HTTP Request: POST https://jeniya.cn/v1/chat/completions "HTTP/1.1 200 OK"
[2026-06-12 23:46:16,853] INFO - HTTP Request: POST https://jeniya.cn/v1/chat/completions "HTTP/1.1 200 OK"
[2026-06-12 23:46:17,920] INFO - HTTP Request: POST https://jeniya.cn/v1/chat/completions "HTTP/1.1 200 OK"
[2026-06-12 23:46:18,579] INFO - HTTP Request: POST https://jeniya.cn/v1/chat/completions "HTTP/1.1 200 OK"
[2026-06-12 23:46:19,548] INFO - HTTP Request: POST https://jeniya.cn/v1/chat/completions "HTTP/1.1 200 OK"
[2026-06-12 23:46:20,500] INFO - HTTP Request: POST https://jeniya.cn/v1/chat/completions "HTTP/1.1 200 OK"
[2026-06-12 23:46:22,645] INFO - HTTP Request: POST https://jeniya.cn/v1/chat/completions "HTTP/1.1 200 OK"
[2026-06-12 23:46:24,045] INFO - HTTP Request: POST https://jeniya.cn/v1/chat/completions "HTTP/1.1 200 OK"
[2026-06-12 23:46:25,317] INFO - HTTP Request: POST https://jeniya.cn/v1/chat/completions "HTTP/1.1 200 OK"
[2026-06-12 23:46:25,691] INFO - HTTP Request: POST https://jeniya.cn/v1/chat/completions "HTTP/1.1 200 OK"
[2026-06-12 23:46:25,986] INFO - HTTP Request: POST https://jeniya.cn/v1/chat/completions "HTTP/1.1 200 OK"
[2026-06-12 23:46:26,604] INFO - HTTP Request: POST https://jeniya.cn/v1/chat/completions "HTTP/1.1 200 OK"
[2026-06-12 23:46:27,144] INFO - HTTP Request: POST https://jeniya.cn/v1/chat/completions "HTTP/1.1 200 OK"
[2026-06-12 23:46:27,813] INFO - HTTP Request: POST https://jeniya.cn/v1/chat/completions "HTTP/1.1 200 OK"
[2026-06-12 23:46:28,750] INFO - HTTP Request: POST https://jeniya.cn/v1/chat/completions "HTTP/1.1 200 OK"
[2026-06-12 23:46:28,940] INFO - HTTP Request: POST https://jeniya.cn/v1/chat/completions "HTTP/1.1 200 OK"
[2026-06-12 23:46:29,013] INFO - HTTP Request: POST https://jeniya.cn/v1/chat/completions "HTTP/1.1 200 OK"
[2026-06-12 23:46:29,108] INFO - HTTP Request: POST https://jeniya.cn/v1/chat/completions "HTTP/1.1 200 OK"
[2026-06-12 23:46:30,376] INFO - HTTP Request: POST https://jeniya.cn/v1/chat/completions "HTTP/1.1 200 OK"
[2026-06-12 23:46:31,036] INFO - HTTP Request: POST https://jeniya.cn/v1/chat/completions "HTTP/1.1 200 OK"
[2026-06-12 23:46:31,872] INFO - HTTP Request: POST https://jeniya.cn/v1/chat/completions "HTTP/1.1 200 OK"
[2026-06-12 23:46:32,355] INFO - HTTP Request: POST https://jeniya.cn/v1/chat/completions "HTTP/1.1 200 OK"
[2026-06-12 23:46:32,891] INFO - HTTP Request: POST https://jeniya.cn/v1/chat/completions "HTTP/1.1 200 OK"
[2026-06-12 23:46:33,525] INFO - HTTP Request: POST https://jeniya.cn/v1/chat/completions "HTTP/1.1 200 OK"
[2026-06-12 23:46:33,582] INFO - HTTP Request: POST https://jeniya.cn/v1/chat/completions "HTTP/1.1 200 OK"
[2026-06-12 23:46:33,675] INFO - HTTP Request: POST https://jeniya.cn/v1/chat/completions "HTTP/1.1 200 OK"
[2026-06-12 23:46:34,994] INFO - HTTP Request: POST https://jeniya.cn/v1/chat/completions "HTTP/1.1 200 OK"
[2026-06-12 23:46:35,465] INFO - HTTP Request: POST https://jeniya.cn/v1/chat/completions "HTTP/1.1 200 OK"
[2026-06-12 23:46:35,748] INFO - HTTP Request: POST https://jeniya.cn/v1/chat/completions "HTTP/1.1 200 OK"
[2026-06-12 23:46:36,798] INFO - HTTP Request: POST https://jeniya.cn/v1/chat/completions "HTTP/1.1 200 OK"
[2026-06-12 23:46:37,434] INFO - HTTP Request: POST https://jeniya.cn/v1/chat/completions "HTTP/1.1 200 OK"
[2026-06-12 23:46:37,479] INFO - HTTP Request: POST https://jeniya.cn/v1/chat/completions "HTTP/1.1 200 OK"
[2026-06-12 23:46:38,542] INFO - HTTP Request: POST https://jeniya.cn/v1/chat/completions "HTTP/1.1 200 OK"
[2026-06-12 23:46:38,701] INFO - HTTP Request: POST https://jeniya.cn/v1/chat/completions "HTTP/1.1 200 OK"
[2026-06-12 23:46:42,493] INFO - HTTP Request: POST https://jeniya.cn/v1/chat/completions "HTTP/1.1 200 OK"
[2026-06-12 23:46:43,524] INFO - HTTP Request: POST https://jeniya.cn/v1/chat/completions "HTTP/1.1 200 OK"
[2026-06-12 23:46:44,752] INFO - HTTP Request: POST https://jeniya.cn/v1/chat/completions "HTTP/1.1 200 OK"
[2026-06-12 23:46:45,105] INFO - HTTP Request: POST https://jeniya.cn/v1/chat/completions "HTTP/1.1 200 OK"
[2026-06-12 23:46:45,207] INFO - HTTP Request: POST https://jeniya.cn/v1/chat/completions "HTTP/1.1 200 OK"
[2026-06-12 23:46:45,246] INFO - HTTP Request: POST https://jeniya.cn/v1/chat/completions "HTTP/1.1 200 OK"
[2026-06-12 23:46:45,559] INFO - HTTP Request: POST https://jeniya.cn/v1/chat/completions "HTTP/1.1 200 OK"
[2026-06-12 23:46:47,070] INFO - HTTP Request: POST https://jeniya.cn/v1/chat/completions "HTTP/1.1 200 OK"
[2026-06-12 23:46:47,500] INFO - HTTP Request: POST https://jeniya.cn/v1/chat/completions "HTTP/1.1 200 OK"
[2026-06-12 23:46:47,924] INFO - HTTP Request: POST https://jeniya.cn/v1/chat/completions "HTTP/1.1 200 OK"
[2026-06-12 23:46:49,598] INFO - HTTP Request: POST https://jeniya.cn/v1/chat/completions "HTTP/1.1 200 OK"
[2026-06-12 23:46:50,099] INFO - HTTP Request: POST https://jeniya.cn/v1/chat/completions "HTTP/1.1 200 OK"
[2026-06-12 23:46:52,840] INFO - HTTP Request: POST https://jeniya.cn/v1/chat/completions "HTTP/1.1 200 OK"
[2026-06-12 23:46:53,976] INFO - HTTP Request: POST https://jeniya.cn/v1/chat/completions "HTTP/1.1 200 OK"
[2026-06-12 23:46:54,573] INFO - HTTP Request: POST https://jeniya.cn/v1/chat/completions "HTTP/1.1 200 OK"
[2026-06-12 23:46:54,695] INFO - HTTP Request: POST https://jeniya.cn/v1/chat/completions "HTTP/1.1 200 OK"
[2026-06-12 23:46:56,234] INFO - HTTP Request: POST https://jeniya.cn/v1/chat/completions "HTTP/1.1 200 OK"
[2026-06-12 23:46:56,536] INFO - HTTP Request: POST https://jeniya.cn/v1/chat/completions "HTTP/1.1 200 OK"
[2026-06-12 23:46:57,208] INFO - HTTP Request: POST https://jeniya.cn/v1/chat/completions "HTTP/1.1 200 OK"
[2026-06-12 23:47:00,381] INFO - HTTP Request: POST https://jeniya.cn/v1/chat/completions "HTTP/1.1 200 OK"
[2026-06-12 23:47:01,869] INFO - HTTP Request: POST https://jeniya.cn/v1/chat/completions "HTTP/1.1 200 OK"
[2026-06-12 23:47:03,868] INFO - HTTP Request: POST https://jeniya.cn/v1/chat/completions "HTTP/1.1 200 OK"
[2026-06-12 23:47:04,183] INFO - HTTP Request: POST https://jeniya.cn/v1/chat/completions "HTTP/1.1 200 OK"
[2026-06-12 23:47:04,747] INFO - HTTP Request: POST https://jeniya.cn/v1/chat/completions "HTTP/1.1 200 OK"
[2026-06-12 23:47:04,806] INFO - HTTP Request: POST https://jeniya.cn/v1/chat/completions "HTTP/1.1 200 OK"
[2026-06-12 23:47:05,665] INFO - HTTP Request: POST https://jeniya.cn/v1/chat/completions "HTTP/1.1 200 OK"
[2026-06-12 23:47:05,821] INFO - HTTP Request: POST https://jeniya.cn/v1/chat/completions "HTTP/1.1 200 OK"
[2026-06-12 23:47:07,007] INFO - HTTP Request: POST https://jeniya.cn/v1/chat/completions "HTTP/1.1 200 OK"
[2026-06-12 23:47:07,209] INFO - HTTP Request: POST https://jeniya.cn/v1/chat/completions "HTTP/1.1 200 OK"
[2026-06-12 23:47:07,505] INFO - HTTP Request: POST https://jeniya.cn/v1/chat/completions "HTTP/1.1 200 OK"
[2026-06-12 23:47:08,769] INFO - HTTP Request: POST https://jeniya.cn/v1/chat/completions "HTTP/1.1 200 OK"
[2026-06-12 23:47:10,457] INFO - HTTP Request: POST https://jeniya.cn/v1/chat/completions "HTTP/1.1 200 OK"
[2026-06-12 23:47:10,649] INFO - HTTP Request: POST https://jeniya.cn/v1/chat/completions "HTTP/1.1 200 OK"
[2026-06-12 23:47:12,357] INFO - HTTP Request: POST https://jeniya.cn/v1/chat/completions "HTTP/1.1 200 OK"
[2026-06-12 23:47:12,631] INFO - HTTP Request: POST https://jeniya.cn/v1/chat/completions "HTTP/1.1 200 OK"
[2026-06-12 23:47:13,245] INFO - HTTP Request: POST https://jeniya.cn/v1/chat/completions "HTTP/1.1 200 OK"
[2026-06-12 23:47:13,643] INFO - HTTP Request: POST https://jeniya.cn/v1/chat/completions "HTTP/1.1 200 OK"
[2026-06-12 23:47:17,151] INFO - HTTP Request: POST https://jeniya.cn/v1/chat/completions "HTTP/1.1 200 OK"
[2026-06-12 23:47:17,189] INFO - HTTP Request: POST https://jeniya.cn/v1/chat/completions "HTTP/1.1 200 OK"
[2026-06-12 23:47:18,837] INFO - HTTP Request: POST https://jeniya.cn/v1/chat/completions "HTTP/1.1 200 OK"
[2026-06-12 23:47:18,877] INFO - HTTP Request: POST https://jeniya.cn/v1/chat/completions "HTTP/1.1 200 OK"
[2026-06-12 23:47:19,721] INFO - HTTP Request: POST https://jeniya.cn/v1/chat/completions "HTTP/1.1 200 OK"
[2026-06-12 23:47:19,957] INFO - HTTP Request: POST https://jeniya.cn/v1/chat/completions "HTTP/1.1 200 OK"
[2026-06-12 23:47:20,547] INFO - HTTP Request: POST https://jeniya.cn/v1/chat/completions "HTTP/1.1 200 OK"
[2026-06-12 23:47:22,905] INFO - HTTP Request: POST https://jeniya.cn/v1/chat/completions "HTTP/1.1 200 OK"
[2026-06-12 23:47:23,612] INFO - HTTP Request: POST https://jeniya.cn/v1/chat/completions "HTTP/1.1 200 OK"
[2026-06-12 23:47:23,835] INFO - HTTP Request: POST https://jeniya.cn/v1/chat/completions "HTTP/1.1 200 OK"
[2026-06-12 23:47:25,643] INFO - HTTP Request: POST https://jeniya.cn/v1/chat/completions "HTTP/1.1 200 OK"
[2026-06-12 23:47:25,866] INFO - HTTP Request: POST https://jeniya.cn/v1/chat/completions "HTTP/1.1 200 OK"
[2026-06-12 23:47:25,890] INFO - HTTP Request: POST https://jeniya.cn/v1/chat/completions "HTTP/1.1 200 OK"
[2026-06-12 23:47:26,644] INFO - HTTP Request: POST https://jeniya.cn/v1/chat/completions "HTTP/1.1 200 OK"
[2026-06-12 23:47:27,588] INFO - HTTP Request: POST https://jeniya.cn/v1/chat/completions "HTTP/1.1 200 OK"
[2026-06-12 23:47:28,371] INFO - HTTP Request: POST https://jeniya.cn/v1/chat/completions "HTTP/1.1 200 OK"
[2026-06-12 23:47:28,595] INFO - HTTP Request: POST https://jeniya.cn/v1/chat/completions "HTTP/1.1 200 OK"
[2026-06-12 23:47:31,067] INFO - HTTP Request: POST https://jeniya.cn/v1/chat/completions "HTTP/1.1 200 OK"
[2026-06-12 23:47:32,524] INFO - HTTP Request: POST https://jeniya.cn/v1/chat/completions "HTTP/1.1 200 OK"
[2026-06-12 23:47:33,339] INFO - HTTP Request: POST https://jeniya.cn/v1/chat/completions "HTTP/1.1 200 OK"
[2026-06-12 23:47:33,734] INFO - HTTP Request: POST https://jeniya.cn/v1/chat/completions "HTTP/1.1 200 OK"
[2026-06-12 23:47:33,937] INFO - HTTP Request: POST https://jeniya.cn/v1/chat/completions "HTTP/1.1 200 OK"
[2026-06-12 23:47:35,039] INFO - HTTP Request: POST https://jeniya.cn/v1/chat/completions "HTTP/1.1 200 OK"
[2026-06-12 23:47:35,483] INFO - HTTP Request: POST https://jeniya.cn/v1/chat/completions "HTTP/1.1 200 OK"
[2026-06-12 23:47:36,832] INFO - HTTP Request: POST https://jeniya.cn/v1/chat/completions "HTTP/1.1 200 OK"
[2026-06-12 23:47:38,273] INFO - HTTP Request: POST https://jeniya.cn/v1/chat/completions "HTTP/1.1 200 OK"
[2026-06-12 23:47:38,321] INFO - HTTP Request: POST https://jeniya.cn/v1/chat/completions "HTTP/1.1 200 OK"
[2026-06-12 23:47:38,776] INFO - HTTP Request: POST https://jeniya.cn/v1/chat/completions "HTTP/1.1 200 OK"
[2026-06-12 23:47:39,468] INFO - HTTP Request: POST https://jeniya.cn/v1/chat/completions "HTTP/1.1 200 OK"
[2026-06-12 23:47:40,332] INFO - HTTP Request: POST https://jeniya.cn/v1/chat/completions "HTTP/1.1 200 OK"
[2026-06-12 23:47:41,757] INFO - HTTP Request: POST https://jeniya.cn/v1/chat/completions "HTTP/1.1 200 OK"
[2026-06-12 23:47:42,431] INFO - HTTP Request: POST https://jeniya.cn/v1/chat/completions "HTTP/1.1 200 OK"
[2026-06-12 23:47:43,539] INFO - HTTP Request: POST https://jeniya.cn/v1/chat/completions "HTTP/1.1 200 OK"
[2026-06-12 23:47:45,796] INFO - HTTP Request: POST https://jeniya.cn/v1/chat/completions "HTTP/1.1 200 OK"
[2026-06-12 23:47:46,130] INFO - HTTP Request: POST https://jeniya.cn/v1/chat/completions "HTTP/1.1 200 OK"
[2026-06-12 23:47:46,617] INFO - HTTP Request: POST https://jeniya.cn/v1/chat/completions "HTTP/1.1 200 OK"
[2026-06-12 23:47:49,689] INFO - HTTP Request: POST https://jeniya.cn/v1/chat/completions "HTTP/1.1 200 OK"
[2026-06-12 23:47:50,628] INFO - HTTP Request: POST https://jeniya.cn/v1/chat/completions "HTTP/1.1 200 OK"
[2026-06-12 23:47:51,764] INFO - HTTP Request: POST https://jeniya.cn/v1/chat/completions "HTTP/1.1 200 OK"
[2026-06-12 23:47:52,387] INFO - HTTP Request: POST https://jeniya.cn/v1/chat/completions "HTTP/1.1 200 OK"
[2026-06-12 23:47:53,858] INFO - HTTP Request: POST https://jeniya.cn/v1/chat/completions "HTTP/1.1 200 OK"
[2026-06-12 23:47:54,271] INFO - HTTP Request: POST https://jeniya.cn/v1/chat/completions "HTTP/1.1 200 OK"
[2026-06-12 23:47:54,741] INFO - HTTP Request: POST https://jeniya.cn/v1/chat/completions "HTTP/1.1 200 OK"
[2026-06-12 23:47:55,762] INFO - HTTP Request: POST https://jeniya.cn/v1/chat/completions "HTTP/1.1 200 OK"
[2026-06-12 23:47:56,319] INFO - HTTP Request: POST https://jeniya.cn/v1/chat/completions "HTTP/1.1 200 OK"
[2026-06-12 23:47:56,703] INFO - HTTP Request: POST https://jeniya.cn/v1/chat/completions "HTTP/1.1 200 OK"
[2026-06-12 23:48:00,361] INFO - HTTP Request: POST https://jeniya.cn/v1/chat/completions "HTTP/1.1 200 OK"
[2026-06-12 23:48:01,261] INFO - HTTP Request: POST https://jeniya.cn/v1/chat/completions "HTTP/1.1 200 OK"
[2026-06-12 23:48:02,585] INFO - HTTP Request: POST https://jeniya.cn/v1/chat/completions "HTTP/1.1 200 OK"
[2026-06-12 23:48:04,533] INFO - HTTP Request: POST https://jeniya.cn/v1/chat/completions "HTTP/1.1 200 OK"
[2026-06-12 23:48:07,213] INFO - Retrying request to /chat/completions in 0.448022 seconds
[2026-06-12 23:48:09,952] INFO - HTTP Request: POST https://jeniya.cn/v1/chat/completions "HTTP/1.1 200 OK"
[2026-06-12 23:48:11,346] INFO - HTTP Request: POST https://jeniya.cn/v1/chat/completions "HTTP/1.1 200 OK"
[2026-06-12 23:48:13,662] INFO - HTTP Request: POST https://jeniya.cn/v1/chat/completions "HTTP/1.1 200 OK"
[2026-06-12 23:48:14,202] INFO - HTTP Request: POST https://jeniya.cn/v1/chat/completions "HTTP/1.1 200 OK"
[2026-06-12 23:48:15,973] INFO - HTTP Request: POST https://jeniya.cn/v1/chat/completions "HTTP/1.1 200 OK"
[2026-06-12 23:48:16,590] INFO - HTTP Request: POST https://jeniya.cn/v1/chat/completions "HTTP/1.1 200 OK"
[2026-06-12 23:48:17,768] INFO - HTTP Request: POST https://jeniya.cn/v1/chat/completions "HTTP/1.1 200 OK"
[2026-06-12 23:48:20,482] INFO - HTTP Request: POST https://jeniya.cn/v1/chat/completions "HTTP/1.1 200 OK"
[2026-06-12 23:48:22,022] INFO - HTTP Request: POST https://jeniya.cn/v1/chat/completions "HTTP/1.1 200 OK"
[2026-06-12 23:48:22,621] INFO - HTTP Request: POST https://jeniya.cn/v1/chat/completions "HTTP/1.1 200 OK"
[2026-06-12 23:48:23,048] INFO - HTTP Request: POST https://jeniya.cn/v1/chat/completions "HTTP/1.1 200 OK"
[2026-06-12 23:48:23,437] INFO - HTTP Request: POST https://jeniya.cn/v1/chat/completions "HTTP/1.1 200 OK"
[2026-06-12 23:48:24,550] INFO - HTTP Request: POST https://jeniya.cn/v1/chat/completions "HTTP/1.1 200 OK"
[2026-06-12 23:48:24,626] INFO - HTTP Request: POST https://jeniya.cn/v1/chat/completions "HTTP/1.1 200 OK"
[2026-06-12 23:48:25,568] INFO - HTTP Request: POST https://jeniya.cn/v1/chat/completions "HTTP/1.1 200 OK"
[2026-06-12 23:48:25,801] INFO - HTTP Request: POST https://jeniya.cn/v1/chat/completions "HTTP/1.1 200 OK"
[2026-06-12 23:48:26,356] INFO - HTTP Request: POST https://jeniya.cn/v1/chat/completions "HTTP/1.1 200 OK"
[2026-06-12 23:48:27,313] INFO - HTTP Request: POST https://jeniya.cn/v1/chat/completions "HTTP/1.1 200 OK"
[2026-06-12 23:48:27,926] INFO - HTTP Request: POST https://jeniya.cn/v1/chat/completions "HTTP/1.1 200 OK"
[2026-06-12 23:48:28,258] INFO - HTTP Request: POST https://jeniya.cn/v1/chat/completions "HTTP/1.1 200 OK"
[2026-06-12 23:48:28,465] INFO - HTTP Request: POST https://jeniya.cn/v1/chat/completions "HTTP/1.1 200 OK"
[2026-06-12 23:48:28,791] INFO - HTTP Request: POST https://jeniya.cn/v1/chat/completions "HTTP/1.1 200 OK"
[2026-06-12 23:48:29,898] INFO - HTTP Request: POST https://jeniya.cn/v1/chat/completions "HTTP/1.1 200 OK"
[2026-06-12 23:48:30,440] INFO - HTTP Request: POST https://jeniya.cn/v1/chat/completions "HTTP/1.1 200 OK"
[2026-06-12 23:48:30,610] INFO - HTTP Request: POST https://jeniya.cn/v1/chat/completions "HTTP/1.1 200 OK"
[2026-06-12 23:48:31,639] INFO - HTTP Request: POST https://jeniya.cn/v1/chat/completions "HTTP/1.1 200 OK"
[2026-06-12 23:48:32,778] INFO - HTTP Request: POST https://jeniya.cn/v1/chat/completions "HTTP/1.1 200 OK"
[2026-06-12 23:48:33,276] INFO - HTTP Request: POST https://jeniya.cn/v1/chat/completions "HTTP/1.1 200 OK"
[2026-06-12 23:48:33,364] INFO - HTTP Request: POST https://jeniya.cn/v1/chat/completions "HTTP/1.1 200 OK"
[2026-06-12 23:48:35,039] INFO - HTTP Request: POST https://jeniya.cn/v1/chat/completions "HTTP/1.1 200 OK"
[2026-06-12 23:48:35,381] INFO - HTTP Request: POST https://jeniya.cn/v1/chat/completions "HTTP/1.1 200 OK"
[2026-06-12 23:48:35,827] INFO - HTTP Request: POST https://jeniya.cn/v1/chat/completions "HTTP/1.1 200 OK"
[2026-06-12 23:48:35,846] INFO - HTTP Request: POST https://jeniya.cn/v1/chat/completions "HTTP/1.1 200 OK"
[2026-06-12 23:48:37,258] INFO - HTTP Request: POST https://jeniya.cn/v1/chat/completions "HTTP/1.1 200 OK"
[2026-06-12 23:48:38,074] INFO - HTTP Request: POST https://jeniya.cn/v1/chat/completions "HTTP/1.1 200 OK"
[2026-06-12 23:48:38,176] INFO - HTTP Request: POST https://jeniya.cn/v1/chat/completions "HTTP/1.1 200 OK"
[2026-06-12 23:48:39,139] INFO - HTTP Request: POST https://jeniya.cn/v1/chat/completions "HTTP/1.1 200 OK"
[2026-06-12 23:48:39,157] INFO - HTTP Request: POST https://jeniya.cn/v1/chat/completions "HTTP/1.1 200 OK"
[2026-06-12 23:48:40,106] INFO - HTTP Request: POST https://jeniya.cn/v1/chat/completions "HTTP/1.1 200 OK"
[2026-06-12 23:48:41,660] INFO - HTTP Request: POST https://jeniya.cn/v1/chat/completions "HTTP/1.1 200 OK"
[2026-06-12 23:48:41,771] INFO - Retrying request to /chat/completions in 0.493345 seconds
[2026-06-12 23:48:43,394] INFO - HTTP Request: POST https://jeniya.cn/v1/chat/completions "HTTP/1.1 200 OK"
[2026-06-12 23:48:44,771] INFO - HTTP Request: POST https://jeniya.cn/v1/chat/completions "HTTP/1.1 200 OK"
[2026-06-12 23:48:45,404] INFO - HTTP Request: POST https://jeniya.cn/v1/chat/completions "HTTP/1.1 200 OK"
[2026-06-12 23:48:46,226] INFO - HTTP Request: POST https://jeniya.cn/v1/chat/completions "HTTP/1.1 200 OK"
[2026-06-12 23:48:47,290] INFO - HTTP Request: POST https://jeniya.cn/v1/chat/completions "HTTP/1.1 200 OK"
[2026-06-12 23:48:47,299] INFO - HTTP Request: POST https://jeniya.cn/v1/chat/completions "HTTP/1.1 200 OK"
[2026-06-12 23:48:47,521] INFO - HTTP Request: POST https://jeniya.cn/v1/chat/completions "HTTP/1.1 200 OK"
[2026-06-12 23:48:47,836] INFO - HTTP Request: POST https://jeniya.cn/v1/chat/completions "HTTP/1.1 200 OK"
[2026-06-12 23:48:47,864] INFO - HTTP Request: POST https://jeniya.cn/v1/chat/completions "HTTP/1.1 200 OK"
[2026-06-12 23:48:49,739] INFO - HTTP Request: POST https://jeniya.cn/v1/chat/completions "HTTP/1.1 200 OK"
[2026-06-12 23:48:53,261] INFO - HTTP Request: POST https://jeniya.cn/v1/chat/completions "HTTP/1.1 200 OK"
[2026-06-12 23:48:58,226] INFO - HTTP Request: POST https://jeniya.cn/v1/chat/completions "HTTP/1.1 200 OK"
[2026-06-12 23:49:00,346] INFO - HTTP Request: POST https://jeniya.cn/v1/chat/completions "HTTP/1.1 200 OK"
[2026-06-12 23:49:00,754] INFO - HTTP Request: POST https://jeniya.cn/v1/chat/completions "HTTP/1.1 200 OK"
[2026-06-12 23:49:01,089] INFO - HTTP Request: POST https://jeniya.cn/v1/chat/completions "HTTP/1.1 200 OK"
[2026-06-12 23:49:02,847] INFO - HTTP Request: POST https://jeniya.cn/v1/chat/completions "HTTP/1.1 200 OK"
[2026-06-12 23:49:03,525] INFO - HTTP Request: POST https://jeniya.cn/v1/chat/completions "HTTP/1.1 200 OK"
[2026-06-12 23:49:05,381] INFO - HTTP Request: POST https://jeniya.cn/v1/chat/completions "HTTP/1.1 200 OK"
[2026-06-12 23:49:05,810] INFO - HTTP Request: POST https://jeniya.cn/v1/chat/completions "HTTP/1.1 200 OK"
[2026-06-12 23:49:07,505] INFO - HTTP Request: POST https://jeniya.cn/v1/chat/completions "HTTP/1.1 200 OK"
[2026-06-12 23:49:09,493] INFO - HTTP Request: POST https://jeniya.cn/v1/chat/completions "HTTP/1.1 200 OK"
[2026-06-12 23:49:09,639] INFO - HTTP Request: POST https://jeniya.cn/v1/chat/completions "HTTP/1.1 200 OK"
[2026-06-12 23:49:12,190] INFO - HTTP Request: POST https://jeniya.cn/v1/chat/completions "HTTP/1.1 200 OK"
[2026-06-12 23:49:14,032] INFO - HTTP Request: POST https://jeniya.cn/v1/chat/completions "HTTP/1.1 200 OK"
[2026-06-12 23:49:15,966] INFO - HTTP Request: POST https://jeniya.cn/v1/chat/completions "HTTP/1.1 200 OK"
[2026-06-12 23:49:16,206] INFO - HTTP Request: POST https://jeniya.cn/v1/chat/completions "HTTP/1.1 200 OK"
[2026-06-12 23:49:20,618] INFO - HTTP Request: POST https://jeniya.cn/v1/chat/completions "HTTP/1.1 200 OK"
[2026-06-12 23:49:23,543] INFO - HTTP Request: POST https://jeniya.cn/v1/chat/completions "HTTP/1.1 200 OK"
[2026-06-12 23:49:24,018] INFO - HTTP Request: POST https://jeniya.cn/v1/chat/completions "HTTP/1.1 200 OK"
[2026-06-12 23:49:26,285] INFO - HTTP Request: POST https://jeniya.cn/v1/chat/completions "HTTP/1.1 200 OK"
[2026-06-12 23:49:28,481] INFO - Retrying request to /chat/completions in 0.418653 seconds
[2026-06-12 23:49:29,346] INFO - HTTP Request: POST https://jeniya.cn/v1/chat/completions "HTTP/1.1 200 OK"
[2026-06-12 23:49:31,488] INFO - HTTP Request: POST https://jeniya.cn/v1/chat/completions "HTTP/1.1 200 OK"
[2026-06-12 23:49:32,435] INFO - HTTP Request: POST https://jeniya.cn/v1/chat/completions "HTTP/1.1 200 OK"
[2026-06-12 23:49:33,739] INFO - HTTP Request: POST https://jeniya.cn/v1/chat/completions "HTTP/1.1 200 OK"
[2026-06-12 23:49:35,004] INFO - HTTP Request: POST https://jeniya.cn/v1/chat/completions "HTTP/1.1 200 OK"
[2026-06-12 23:49:36,206] INFO - HTTP Request: POST https://jeniya.cn/v1/chat/completions "HTTP/1.1 200 OK"
[2026-06-12 23:49:39,146] INFO - HTTP Request: POST https://jeniya.cn/v1/chat/completions "HTTP/1.1 200 OK"
[2026-06-12 23:49:39,161] INFO - Retrying request to /chat/completions in 0.401197 seconds
[2026-06-12 23:49:41,829] INFO - HTTP Request: POST https://jeniya.cn/v1/chat/completions "HTTP/1.1 200 OK"
[2026-06-12 23:49:43,682] INFO - HTTP Request: POST https://jeniya.cn/v1/chat/completions "HTTP/1.1 200 OK"
[2026-06-12 23:49:45,525] INFO - HTTP Request: POST https://jeniya.cn/v1/chat/completions "HTTP/1.1 200 OK"
[2026-06-12 23:49:45,578] INFO - HTTP Request: POST https://jeniya.cn/v1/chat/completions "HTTP/1.1 200 OK"
[2026-06-12 23:49:47,300] INFO - Retrying request to /chat/completions in 0.392227 seconds
[2026-06-12 23:49:47,842] INFO - Retrying request to /chat/completions in 0.445687 seconds
[2026-06-12 23:49:53,271] INFO - Retrying request to /chat/completions in 0.402118 seconds
[2026-06-12 23:49:55,746] INFO - HTTP Request: POST https://jeniya.cn/v1/chat/completions "HTTP/1.1 200 OK"
[2026-06-12 23:49:55,778] INFO - HTTP Request: POST https://jeniya.cn/v1/chat/completions "HTTP/1.1 200 OK"
[2026-06-12 23:49:58,185] INFO - HTTP Request: POST https://jeniya.cn/v1/chat/completions "HTTP/1.1 200 OK"
[2026-06-12 23:49:59,840] INFO - HTTP Request: POST https://jeniya.cn/v1/chat/completions "HTTP/1.1 200 OK"
[2026-06-12 23:50:02,363] INFO - HTTP Request: POST https://jeniya.cn/v1/chat/completions "HTTP/1.1 200 OK"
[2026-06-12 23:50:03,389] INFO - HTTP Request: POST https://jeniya.cn/v1/chat/completions "HTTP/1.1 200 OK"
[2026-06-12 23:50:09,510] INFO - Retrying request to /chat/completions in 0.454773 seconds
[2026-06-12 23:50:13,212] INFO - HTTP Request: POST https://jeniya.cn/v1/chat/completions "HTTP/1.1 200 OK"
[2026-06-12 23:50:13,982] INFO - HTTP Request: POST https://jeniya.cn/v1/chat/completions "HTTP/1.1 200 OK"
[2026-06-12 23:50:16,409] INFO - HTTP Request: POST https://jeniya.cn/v1/chat/completions "HTTP/1.1 200 OK"
[2026-06-12 23:50:18,139] INFO - HTTP Request: POST https://jeniya.cn/v1/chat/completions "HTTP/1.1 200 OK"
[2026-06-12 23:50:26,288] INFO - Retrying request to /chat/completions in 0.408728 seconds
[2026-06-12 23:50:27,689] INFO - HTTP Request: POST https://jeniya.cn/v1/chat/completions "HTTP/1.1 200 OK"
[2026-06-12 23:50:28,815] INFO - HTTP Request: POST https://jeniya.cn/v1/chat/completions "HTTP/1.1 200 OK"
[2026-06-12 23:50:29,048] INFO - HTTP Request: POST https://jeniya.cn/v1/chat/completions "HTTP/1.1 200 OK"
[2026-06-12 23:50:31,503] INFO - HTTP Request: POST https://jeniya.cn/v1/chat/completions "HTTP/1.1 200 OK"
[2026-06-12 23:50:32,446] INFO - Retrying request to /chat/completions in 0.456463 seconds
[2026-06-12 23:50:33,848] INFO - HTTP Request: POST https://jeniya.cn/v1/chat/completions "HTTP/1.1 200 OK"
[2026-06-12 23:50:35,015] INFO - Retrying request to /chat/completions in 0.442230 seconds
[2026-06-12 23:50:40,584] INFO - HTTP Request: POST https://jeniya.cn/v1/chat/completions "HTTP/1.1 200 OK"
[2026-06-12 23:50:40,937] INFO - HTTP Request: POST https://jeniya.cn/v1/chat/completions "HTTP/1.1 200 OK"
[2026-06-12 23:50:45,981] INFO - HTTP Request: POST https://jeniya.cn/v1/chat/completions "HTTP/1.1 200 OK"
[2026-06-12 23:50:46,042] INFO - HTTP Request: POST https://jeniya.cn/v1/chat/completions "HTTP/1.1 200 OK"
[2026-06-12 23:50:48,838] INFO - HTTP Request: POST https://jeniya.cn/v1/chat/completions "HTTP/1.1 200 OK"
[2026-06-12 23:50:48,857] INFO - HTTP Request: POST https://jeniya.cn/v1/chat/completions "HTTP/1.1 200 OK"
[2026-06-12 23:50:49,622] INFO - HTTP Request: POST https://jeniya.cn/v1/chat/completions "HTTP/1.1 200 OK"
[2026-06-12 23:50:52,010] INFO - HTTP Request: POST https://jeniya.cn/v1/chat/completions "HTTP/1.1 200 OK"
[2026-06-12 23:50:54,597] INFO - HTTP Request: POST https://jeniya.cn/v1/chat/completions "HTTP/1.1 200 OK"
[2026-06-12 23:50:58,759] INFO - HTTP Request: POST https://jeniya.cn/v1/chat/completions "HTTP/1.1 200 OK"
[2026-06-12 23:50:59,450] INFO - HTTP Request: POST https://jeniya.cn/v1/chat/completions "HTTP/1.1 200 OK"
[2026-06-12 23:51:00,960] INFO - HTTP Request: POST https://jeniya.cn/v1/chat/completions "HTTP/1.1 200 OK"
[2026-06-12 23:51:02,014] INFO - HTTP Request: POST https://jeniya.cn/v1/chat/completions "HTTP/1.1 200 OK"
[2026-06-12 23:51:03,383] INFO - HTTP Request: POST https://jeniya.cn/v1/chat/completions "HTTP/1.1 200 OK"
[2026-06-12 23:51:07,794] INFO - HTTP Request: POST https://jeniya.cn/v1/chat/completions "HTTP/1.1 200 OK"
[2026-06-12 23:51:08,176] INFO - HTTP Request: POST https://jeniya.cn/v1/chat/completions "HTTP/1.1 200 OK"
[2026-06-12 23:51:10,948] INFO - Retrying request to /chat/completions in 0.983352 seconds
[2026-06-12 23:51:12,570] INFO - HTTP Request: POST https://jeniya.cn/v1/chat/completions "HTTP/1.1 200 OK"
[2026-06-12 23:51:13,991] INFO - Retrying request to /chat/completions in 0.488520 seconds
[2026-06-12 23:51:14,764] INFO - HTTP Request: POST https://jeniya.cn/v1/chat/completions "HTTP/1.1 200 OK"
[2026-06-12 23:51:15,230] INFO - HTTP Request: POST https://jeniya.cn/v1/chat/completions "HTTP/1.1 200 OK"
[2026-06-12 23:51:17,462] INFO - HTTP Request: POST https://jeniya.cn/v1/chat/completions "HTTP/1.1 200 OK"
[2026-06-12 23:51:20,548] INFO - HTTP Request: POST https://jeniya.cn/v1/chat/completions "HTTP/1.1 200 OK"
[2026-06-12 23:51:22,482] INFO - HTTP Request: POST https://jeniya.cn/v1/chat/completions "HTTP/1.1 200 OK"
[2026-06-12 23:51:24,468] INFO - HTTP Request: POST https://jeniya.cn/v1/chat/completions "HTTP/1.1 200 OK"
[2026-06-12 23:51:24,571] INFO - HTTP Request: POST https://jeniya.cn/v1/chat/completions "HTTP/1.1 200 OK"
[2026-06-12 23:51:28,210] INFO - HTTP Request: POST https://jeniya.cn/v1/chat/completions "HTTP/1.1 200 OK"
[2026-06-12 23:51:29,836] INFO - HTTP Request: POST https://jeniya.cn/v1/chat/completions "HTTP/1.1 200 OK"
[2026-06-12 23:51:32,214] INFO - HTTP Request: POST https://jeniya.cn/v1/chat/completions "HTTP/1.1 200 OK"
[2026-06-12 23:51:35,362] INFO - HTTP Request: POST https://jeniya.cn/v1/chat/completions "HTTP/1.1 200 OK"
[2026-06-12 23:51:41,377] INFO - HTTP Request: POST https://jeniya.cn/v1/chat/completions "HTTP/1.1 200 OK"
[2026-06-12 23:51:43,235] INFO - HTTP Request: POST https://jeniya.cn/v1/chat/completions "HTTP/1.1 200 OK"
[2026-06-12 23:51:44,255] INFO - HTTP Request: POST https://jeniya.cn/v1/chat/completions "HTTP/1.1 200 OK"
[2026-06-12 23:51:44,962] INFO - HTTP Request: POST https://jeniya.cn/v1/chat/completions "HTTP/1.1 200 OK"
[2026-06-12 23:51:46,600] INFO - HTTP Request: POST https://jeniya.cn/v1/chat/completions "HTTP/1.1 200 OK"
[2026-06-12 23:51:48,222] INFO - HTTP Request: POST https://jeniya.cn/v1/chat/completions "HTTP/1.1 200 OK"
[2026-06-12 23:51:57,590] INFO - HTTP Request: POST https://jeniya.cn/v1/chat/completions "HTTP/1.1 200 OK"
[2026-06-12 23:51:58,774] INFO - Retrying request to /chat/completions in 0.443055 seconds
[2026-06-12 23:51:59,750] INFO - HTTP Request: POST https://jeniya.cn/v1/chat/completions "HTTP/1.1 200 OK"
[2026-06-12 23:52:03,518] INFO - HTTP Request: POST https://jeniya.cn/v1/chat/completions "HTTP/1.1 200 OK"
[2026-06-12 23:52:06,532] INFO - HTTP Request: POST https://jeniya.cn/v1/chat/completions "HTTP/1.1 200 OK"
[2026-06-12 23:52:08,896] INFO - HTTP Request: POST https://jeniya.cn/v1/chat/completions "HTTP/1.1 200 OK"
[2026-06-12 23:52:15,059] INFO - Retrying request to /chat/completions in 0.872689 seconds
[2026-06-12 23:52:15,372] INFO - HTTP Request: POST https://jeniya.cn/v1/chat/completions "HTTP/1.1 200 OK"
[2026-06-12 23:52:20,837] INFO - HTTP Request: POST https://jeniya.cn/v1/chat/completions "HTTP/1.1 200 OK"
[2026-06-12 23:52:22,486] INFO - Retrying request to /chat/completions in 0.480439 seconds
[2026-06-12 23:52:22,487] INFO - HTTP Request: POST https://jeniya.cn/v1/chat/completions "HTTP/1.1 200 OK"
[2026-06-12 23:52:32,024] INFO - HTTP Request: POST https://jeniya.cn/v1/chat/completions "HTTP/1.1 200 OK"
[2026-06-12 23:52:35,136] INFO - HTTP Request: POST https://jeniya.cn/v1/chat/completions "HTTP/1.1 200 OK"
[2026-06-12 23:52:35,163] INFO - HTTP Request: POST https://jeniya.cn/v1/chat/completions "HTTP/1.1 200 OK"
[2026-06-12 23:52:37,439] INFO - HTTP Request: POST https://jeniya.cn/v1/chat/completions "HTTP/1.1 200 OK"
[2026-06-12 23:52:41,382] INFO - Retrying request to /chat/completions in 0.474656 seconds
[2026-06-12 23:52:42,773] INFO - HTTP Request: POST https://jeniya.cn/v1/chat/completions "HTTP/1.1 200 OK"
[2026-06-12 23:52:46,606] INFO - Retrying request to /chat/completions in 0.409173 seconds
[2026-06-12 23:52:50,199] INFO - HTTP Request: POST https://jeniya.cn/v1/chat/completions "HTTP/1.1 200 OK"
[2026-06-12 23:52:52,341] INFO - HTTP Request: POST https://jeniya.cn/v1/chat/completions "HTTP/1.1 200 OK"
[2026-06-12 23:52:55,002] INFO - HTTP Request: POST https://jeniya.cn/v1/chat/completions "HTTP/1.1 200 OK"
[2026-06-12 23:52:59,760] INFO - Retrying request to /chat/completions in 0.444293 seconds
[2026-06-12 23:53:01,608] INFO - Retrying request to /chat/completions in 0.980373 seconds
[2026-06-12 23:53:04,641] INFO - HTTP Request: POST https://jeniya.cn/v1/chat/completions "HTTP/1.1 200 OK"
[2026-06-12 23:53:04,845] INFO - HTTP Request: POST https://jeniya.cn/v1/chat/completions "HTTP/1.1 200 OK"
[2026-06-12 23:53:09,209] INFO - HTTP Request: POST https://jeniya.cn/v1/chat/completions "HTTP/1.1 200 OK"
[2026-06-12 23:53:10,323] INFO - HTTP Request: POST https://jeniya.cn/v1/chat/completions "HTTP/1.1 200 OK"
[2026-06-12 23:53:13,111] INFO - Retrying request to /chat/completions in 0.479350 seconds
[2026-06-12 23:53:18,282] INFO - HTTP Request: POST https://jeniya.cn/v1/chat/completions "HTTP/1.1 200 OK"
[2026-06-12 23:53:20,344] INFO - HTTP Request: POST https://jeniya.cn/v1/chat/completions "HTTP/1.1 200 OK"
[2026-06-12 23:53:23,593] INFO - Retrying request to /chat/completions in 0.929071 seconds
[2026-06-12 23:53:25,763] INFO - HTTP Request: POST https://jeniya.cn/v1/chat/completions "HTTP/1.1 200 OK"
[2026-06-12 23:53:28,965] INFO - HTTP Request: POST https://jeniya.cn/v1/chat/completions "HTTP/1.1 200 OK"
[2026-06-12 23:53:29,516] INFO - HTTP Request: POST https://jeniya.cn/v1/chat/completions "HTTP/1.1 200 OK"
[2026-06-12 23:53:31,761] INFO - HTTP Request: POST https://jeniya.cn/v1/chat/completions "HTTP/1.1 200 OK"
[2026-06-12 23:53:43,702] INFO - HTTP Request: POST https://jeniya.cn/v1/chat/completions "HTTP/1.1 200 OK"
[2026-06-12 23:53:43,706] INFO - HTTP Request: POST https://jeniya.cn/v1/chat/completions "HTTP/1.1 200 OK"
[2026-06-12 23:53:47,924] INFO - Retrying request to /chat/completions in 0.904336 seconds
[2026-06-12 23:53:48,417] INFO - HTTP Request: POST https://jeniya.cn/v1/chat/completions "HTTP/1.1 200 OK"
[2026-06-12 23:53:50,178] INFO - HTTP Request: POST https://jeniya.cn/v1/chat/completions "HTTP/1.1 200 OK"
[2026-06-12 23:53:52,349] INFO - Retrying request to /chat/completions in 0.485567 seconds
[2026-06-12 23:54:01,002] INFO - HTTP Request: POST https://jeniya.cn/v1/chat/completions "HTTP/1.1 200 OK"
[2026-06-12 23:54:05,962] INFO - HTTP Request: POST https://jeniya.cn/v1/chat/completions "HTTP/1.1 200 OK"
[2026-06-12 23:54:08,309] INFO - HTTP Request: POST https://jeniya.cn/v1/chat/completions "HTTP/1.1 200 OK"
[2026-06-12 23:54:15,275] INFO - Retrying request to /chat/completions in 0.773325 seconds
[2026-06-12 23:54:15,947] INFO - HTTP Request: POST https://jeniya.cn/v1/chat/completions "HTTP/1.1 200 OK"
[2026-06-12 23:54:20,054] INFO - HTTP Request: POST https://jeniya.cn/v1/chat/completions "HTTP/1.1 200 OK"
[2026-06-12 23:54:20,355] INFO - Retrying request to /chat/completions in 0.478999 seconds
[2026-06-12 23:54:24,534] INFO - HTTP Request: POST https://jeniya.cn/v1/chat/completions "HTTP/1.1 200 OK"
[2026-06-12 23:54:25,770] INFO - Retrying request to /chat/completions in 0.385361 seconds
[2026-06-12 23:54:30,284] INFO - HTTP Request: POST https://jeniya.cn/v1/chat/completions "HTTP/1.1 200 OK"
[2026-06-12 23:54:36,272] INFO - HTTP Request: POST https://jeniya.cn/v1/chat/completions "HTTP/1.1 200 OK"
[2026-06-12 23:54:40,304] INFO - HTTP Request: POST https://jeniya.cn/v1/chat/completions "HTTP/1.1 200 OK"
[2026-06-12 23:54:40,383] INFO - HTTP Request: POST https://jeniya.cn/v1/chat/completions "HTTP/1.1 200 OK"
[2026-06-12 23:54:42,310] INFO - HTTP Request: POST https://jeniya.cn/v1/chat/completions "HTTP/1.1 200 OK"
[2026-06-12 23:54:43,717] INFO - Retrying request to /chat/completions in 0.396653 seconds
[2026-06-12 23:54:49,227] INFO - HTTP Request: POST https://jeniya.cn/v1/chat/completions "HTTP/1.1 200 OK"
[2026-06-12 23:54:53,181] INFO - HTTP Request: POST https://jeniya.cn/v1/chat/completions "HTTP/1.1 200 OK"
[2026-06-12 23:54:54,298] INFO - HTTP Request: POST https://jeniya.cn/v1/chat/completions "HTTP/1.1 200 OK"
[2026-06-12 23:55:01,763] INFO - HTTP Request: POST https://jeniya.cn/v1/chat/completions "HTTP/1.1 200 OK"
[2026-06-12 23:55:04,626] INFO - HTTP Request: POST https://jeniya.cn/v1/chat/completions "HTTP/1.1 200 OK"
[2026-06-12 23:55:06,498] INFO - HTTP Request: POST https://jeniya.cn/v1/chat/completions "HTTP/1.1 200 OK"
[2026-06-12 23:55:08,317] INFO - Retrying request to /chat/completions in 0.486365 seconds
[2026-06-12 23:55:10,034] INFO - HTTP Request: POST https://jeniya.cn/v1/chat/completions "HTTP/1.1 200 OK"
[2026-06-12 23:55:11,420] INFO - HTTP Request: POST https://jeniya.cn/v1/chat/completions "HTTP/1.1 200 OK"
[2026-06-12 23:55:13,273] INFO - HTTP Request: POST https://jeniya.cn/v1/chat/completions "HTTP/1.1 200 OK"
[2026-06-12 23:55:21,234] INFO - HTTP Request: POST https://jeniya.cn/v1/chat/completions "HTTP/1.1 200 OK"
[2026-06-12 23:55:23,400] INFO - HTTP Request: POST https://jeniya.cn/v1/chat/completions "HTTP/1.1 200 OK"
[2026-06-12 23:55:24,283] INFO - HTTP Request: POST https://jeniya.cn/v1/chat/completions "HTTP/1.1 200 OK"
[2026-06-12 23:55:30,058] INFO - HTTP Request: POST https://jeniya.cn/v1/chat/completions "HTTP/1.1 200 OK"
[2026-06-12 23:55:30,299] INFO - Retrying request to /chat/completions in 0.474624 seconds
[2026-06-12 23:55:32,780] INFO - HTTP Request: POST https://jeniya.cn/v1/chat/completions "HTTP/1.1 200 OK"
[2026-06-12 23:55:40,320] INFO - Retrying request to /chat/completions in 0.396130 seconds
[2026-06-12 23:55:41,417] INFO - HTTP Request: POST https://jeniya.cn/v1/chat/completions "HTTP/1.1 200 OK"
[2026-06-12 23:55:42,214] INFO - HTTP Request: POST https://jeniya.cn/v1/chat/completions "HTTP/1.1 200 OK"
[2026-06-12 23:55:42,445] INFO - HTTP Request: POST https://jeniya.cn/v1/chat/completions "HTTP/1.1 200 OK"
[2026-06-12 23:55:44,417] INFO - HTTP Request: POST https://jeniya.cn/v1/chat/completions "HTTP/1.1 200 OK"
[2026-06-12 23:55:44,715] INFO - Retrying request to /chat/completions in 0.782107 seconds
[2026-06-12 23:55:44,979] INFO - HTTP Request: POST https://jeniya.cn/v1/chat/completions "HTTP/1.1 200 OK"
[2026-06-12 23:55:45,881] INFO - HTTP Request: POST https://jeniya.cn/v1/chat/completions "HTTP/1.1 200 OK"
[2026-06-12 23:55:46,567] INFO - HTTP Request: POST https://jeniya.cn/v1/chat/completions "HTTP/1.1 200 OK"
[2026-06-12 23:55:52,261] INFO - HTTP Request: POST https://jeniya.cn/v1/chat/completions "HTTP/1.1 200 OK"
[2026-06-12 23:55:55,035] INFO - HTTP Request: POST https://jeniya.cn/v1/chat/completions "HTTP/1.1 200 OK"
[2026-06-12 23:55:56,182] INFO - HTTP Request: POST https://jeniya.cn/v1/chat/completions "HTTP/1.1 200 OK"
[2026-06-12 23:55:56,753] INFO - HTTP Request: POST https://jeniya.cn/v1/chat/completions "HTTP/1.1 200 OK"
[2026-06-12 23:55:57,168] INFO - HTTP Request: POST https://jeniya.cn/v1/chat/completions "HTTP/1.1 200 OK"
[2026-06-12 23:55:57,965] INFO - HTTP Request: POST https://jeniya.cn/v1/chat/completions "HTTP/1.1 200 OK"
[2026-06-12 23:55:58,312] INFO - HTTP Request: POST https://jeniya.cn/v1/chat/completions "HTTP/1.1 200 OK"
[2026-06-12 23:55:58,919] INFO - HTTP Request: POST https://jeniya.cn/v1/chat/completions "HTTP/1.1 200 OK"
[2026-06-12 23:56:01,539] INFO - HTTP Request: POST https://jeniya.cn/v1/chat/completions "HTTP/1.1 200 OK"
[2026-06-12 23:56:01,693] INFO - HTTP Request: POST https://jeniya.cn/v1/chat/completions "HTTP/1.1 200 OK"
[2026-06-12 23:56:02,951] INFO - HTTP Request: POST https://jeniya.cn/v1/chat/completions "HTTP/1.1 200 OK"
[2026-06-12 23:56:04,639] INFO - Retrying request to /chat/completions in 0.421973 seconds
[2026-06-12 23:56:07,586] INFO - HTTP Request: POST https://jeniya.cn/v1/chat/completions "HTTP/1.1 200 OK"
[2026-06-12 23:56:07,658] INFO - HTTP Request: POST https://jeniya.cn/v1/chat/completions "HTTP/1.1 200 OK"
[2026-06-12 23:56:15,676] INFO - HTTP Request: POST https://jeniya.cn/v1/chat/completions "HTTP/1.1 200 OK"
[2026-06-12 23:56:16,260] INFO - HTTP Request: POST https://jeniya.cn/v1/chat/completions "HTTP/1.1 200 OK"
[2026-06-12 23:56:16,775] INFO - HTTP Request: POST https://jeniya.cn/v1/chat/completions "HTTP/1.1 200 OK"
[2026-06-12 23:56:16,997] INFO - HTTP Request: POST https://jeniya.cn/v1/chat/completions "HTTP/1.1 200 OK"
[2026-06-12 23:56:18,872] INFO - HTTP Request: POST https://jeniya.cn/v1/chat/completions "HTTP/1.1 200 OK"
[2026-06-12 23:56:19,033] INFO - HTTP Request: POST https://jeniya.cn/v1/chat/completions "HTTP/1.1 200 OK"
[2026-06-12 23:56:19,429] INFO - HTTP Request: POST https://jeniya.cn/v1/chat/completions "HTTP/1.1 200 OK"
[2026-06-12 23:56:21,267] INFO - HTTP Request: POST https://jeniya.cn/v1/chat/completions "HTTP/1.1 200 OK"
[2026-06-12 23:56:23,975] INFO - HTTP Request: POST https://jeniya.cn/v1/chat/completions "HTTP/1.1 200 OK"
[2026-06-12 23:56:24,430] INFO - HTTP Request: POST https://jeniya.cn/v1/chat/completions "HTTP/1.1 200 OK"
[2026-06-12 23:56:25,155] INFO - HTTP Request: POST https://jeniya.cn/v1/chat/completions "HTTP/1.1 200 OK"
[2026-06-12 23:56:26,347] INFO - HTTP Request: POST https://jeniya.cn/v1/chat/completions "HTTP/1.1 200 OK"
[2026-06-12 23:56:29,028] INFO - HTTP Request: POST https://jeniya.cn/v1/chat/completions "HTTP/1.1 200 OK"
[2026-06-12 23:56:29,657] INFO - HTTP Request: POST https://jeniya.cn/v1/chat/completions "HTTP/1.1 200 OK"
[2026-06-12 23:56:30,449] INFO - HTTP Request: POST https://jeniya.cn/v1/chat/completions "HTTP/1.1 200 OK"
[2026-06-12 23:56:30,732] INFO - HTTP Request: POST https://jeniya.cn/v1/chat/completions "HTTP/1.1 200 OK"
[2026-06-12 23:56:31,700] INFO - Retrying request to /chat/completions in 0.977330 seconds
[2026-06-12 23:56:35,457] INFO - HTTP Request: POST https://jeniya.cn/v1/chat/completions "HTTP/1.1 200 OK"
[2026-06-12 23:56:36,569] INFO - HTTP Request: POST https://jeniya.cn/v1/chat/completions "HTTP/1.1 200 OK"
[2026-06-12 23:56:38,489] INFO - HTTP Request: POST https://jeniya.cn/v1/chat/completions "HTTP/1.1 200 OK"
[2026-06-12 23:56:38,670] INFO - HTTP Request: POST https://jeniya.cn/v1/chat/completions "HTTP/1.1 200 OK"
[2026-06-12 23:56:41,388] INFO - HTTP Request: POST https://jeniya.cn/v1/chat/completions "HTTP/1.1 200 OK"
[2026-06-12 23:56:41,432] INFO - Retrying request to /chat/completions in 0.426679 seconds
[2026-06-12 23:56:41,478] INFO - HTTP Request: POST https://jeniya.cn/v1/chat/completions "HTTP/1.1 200 OK"
[2026-06-12 23:56:43,128] INFO - HTTP Request: POST https://jeniya.cn/v1/chat/completions "HTTP/1.1 200 OK"
[2026-06-12 23:56:46,359] INFO - HTTP Request: POST https://jeniya.cn/v1/chat/completions "HTTP/1.1 200 OK"
[2026-06-12 23:56:48,126] INFO - HTTP Request: POST https://jeniya.cn/v1/chat/completions "HTTP/1.1 200 OK"
[2026-06-12 23:56:52,164] INFO - HTTP Request: POST https://jeniya.cn/v1/chat/completions "HTTP/1.1 200 OK"
[2026-06-12 23:56:53,347] INFO - HTTP Request: POST https://jeniya.cn/v1/chat/completions "HTTP/1.1 200 OK"
[2026-06-12 23:56:54,842] INFO - HTTP Request: POST https://jeniya.cn/v1/chat/completions "HTTP/1.1 200 OK"
[2026-06-12 23:56:54,902] INFO - HTTP Request: POST https://jeniya.cn/v1/chat/completions "HTTP/1.1 200 OK"
[2026-06-12 23:56:56,596] INFO - HTTP Request: POST https://jeniya.cn/v1/chat/completions "HTTP/1.1 200 OK"
[2026-06-12 23:56:59,839] INFO - HTTP Request: POST https://jeniya.cn/v1/chat/completions "HTTP/1.1 200 OK"
[2026-06-12 23:57:01,702] INFO - Retrying request to /chat/completions in 0.375456 seconds
[2026-06-12 23:57:03,908] INFO - HTTP Request: POST https://jeniya.cn/v1/chat/completions "HTTP/1.1 200 OK"
[2026-06-12 23:57:04,323] INFO - HTTP Request: POST https://jeniya.cn/v1/chat/completions "HTTP/1.1 200 OK"
[2026-06-12 23:57:05,965] INFO - HTTP Request: POST https://jeniya.cn/v1/chat/completions "HTTP/1.1 200 OK"
[2026-06-12 23:57:06,013] INFO - HTTP Request: POST https://jeniya.cn/v1/chat/completions "HTTP/1.1 200 OK"
[2026-06-12 23:57:07,435] INFO - HTTP Request: POST https://jeniya.cn/v1/chat/completions "HTTP/1.1 200 OK"
[2026-06-12 23:57:07,705] INFO - HTTP Request: POST https://jeniya.cn/v1/chat/completions "HTTP/1.1 200 OK"
[2026-06-12 23:57:08,910] INFO - HTTP Request: POST https://jeniya.cn/v1/chat/completions "HTTP/1.1 200 OK"
[2026-06-12 23:57:09,553] INFO - HTTP Request: POST https://jeniya.cn/v1/chat/completions "HTTP/1.1 200 OK"
[2026-06-12 23:57:11,124] INFO - HTTP Request: POST https://jeniya.cn/v1/chat/completions "HTTP/1.1 200 OK"
[2026-06-12 23:57:12,604] INFO - HTTP Request: POST https://jeniya.cn/v1/chat/completions "HTTP/1.1 200 OK"
[2026-06-12 23:57:13,534] INFO - HTTP Request: POST https://jeniya.cn/v1/chat/completions "HTTP/1.1 200 OK"
[2026-06-12 23:57:19,576] INFO - HTTP Request: POST https://jeniya.cn/v1/chat/completions "HTTP/1.1 200 OK"
[2026-06-12 23:57:21,619] INFO - HTTP Request: POST https://jeniya.cn/v1/chat/completions "HTTP/1.1 200 OK"
[2026-06-12 23:57:23,983] INFO - Retrying request to /chat/completions in 0.442620 seconds
[2026-06-12 23:57:28,388] INFO - HTTP Request: POST https://jeniya.cn/v1/chat/completions "HTTP/1.1 200 OK"
[2026-06-12 23:57:28,562] INFO - HTTP Request: POST https://jeniya.cn/v1/chat/completions "HTTP/1.1 200 OK"
[2026-06-12 23:57:29,833] INFO - HTTP Request: POST https://jeniya.cn/v1/chat/completions "HTTP/1.1 200 OK"
[2026-06-12 23:57:31,490] INFO - HTTP Request: POST https://jeniya.cn/v1/chat/completions "HTTP/1.1 200 OK"
[2026-06-12 23:57:32,215] INFO - HTTP Request: POST https://jeniya.cn/v1/chat/completions "HTTP/1.1 200 OK"
[2026-06-12 23:57:35,825] INFO - HTTP Request: POST https://jeniya.cn/v1/chat/completions "HTTP/1.1 200 OK"
[2026-06-12 23:57:36,779] INFO - HTTP Request: POST https://jeniya.cn/v1/chat/completions "HTTP/1.1 200 OK"
[2026-06-12 23:57:37,233] INFO - HTTP Request: POST https://jeniya.cn/v1/chat/completions "HTTP/1.1 200 OK"
[2026-06-12 23:57:37,734] INFO - HTTP Request: POST https://jeniya.cn/v1/chat/completions "HTTP/1.1 200 OK"
[2026-06-12 23:57:37,760] INFO - HTTP Request: POST https://jeniya.cn/v1/chat/completions "HTTP/1.1 200 OK"
[2026-06-12 23:57:39,129] INFO - HTTP Request: POST https://jeniya.cn/v1/chat/completions "HTTP/1.1 200 OK"
[2026-06-12 23:57:39,298] INFO - HTTP Request: POST https://jeniya.cn/v1/chat/completions "HTTP/1.1 200 OK"
[2026-06-12 23:57:41,482] INFO - Retrying request to /chat/completions in 0.469350 seconds
[2026-06-12 23:57:43,169] INFO - HTTP Request: POST https://jeniya.cn/v1/chat/completions "HTTP/1.1 200 OK"
[2026-06-12 23:57:44,707] INFO - HTTP Request: POST https://jeniya.cn/v1/chat/completions "HTTP/1.1 200 OK"
[2026-06-12 23:57:45,103] INFO - HTTP Request: POST https://jeniya.cn/v1/chat/completions "HTTP/1.1 200 OK"
[2026-06-12 23:57:45,147] INFO - HTTP Request: POST https://jeniya.cn/v1/chat/completions "HTTP/1.1 200 OK"
[2026-06-12 23:57:45,257] INFO - HTTP Request: POST https://jeniya.cn/v1/chat/completions "HTTP/1.1 200 OK"
[2026-06-12 23:57:47,031] INFO - HTTP Request: POST https://jeniya.cn/v1/chat/completions "HTTP/1.1 200 OK"
[2026-06-12 23:57:47,508] INFO - HTTP Request: POST https://jeniya.cn/v1/chat/completions "HTTP/1.1 200 OK"
[2026-06-12 23:57:48,569] INFO - HTTP Request: POST https://jeniya.cn/v1/chat/completions "HTTP/1.1 200 OK"
[2026-06-12 23:57:49,387] INFO - HTTP Request: POST https://jeniya.cn/v1/chat/completions "HTTP/1.1 200 OK"
[2026-06-12 23:57:51,036] INFO - HTTP Request: POST https://jeniya.cn/v1/chat/completions "HTTP/1.1 200 OK"
[2026-06-12 23:57:52,959] INFO - HTTP Request: POST https://jeniya.cn/v1/chat/completions "HTTP/1.1 200 OK"
[2026-06-12 23:57:53,569] INFO - HTTP Request: POST https://jeniya.cn/v1/chat/completions "HTTP/1.1 200 OK"
[2026-06-12 23:57:55,603] INFO - HTTP Request: POST https://jeniya.cn/v1/chat/completions "HTTP/1.1 200 OK"
[2026-06-12 23:57:56,397] INFO - HTTP Request: POST https://jeniya.cn/v1/chat/completions "HTTP/1.1 200 OK"
[2026-06-12 23:57:57,367] INFO - HTTP Request: POST https://jeniya.cn/v1/chat/completions "HTTP/1.1 200 OK"
[2026-06-12 23:57:57,887] INFO - HTTP Request: POST https://jeniya.cn/v1/chat/completions "HTTP/1.1 200 OK"
[2026-06-12 23:58:00,672] INFO - HTTP Request: POST https://jeniya.cn/v1/chat/completions "HTTP/1.1 200 OK"
[2026-06-12 23:58:03,841] INFO - HTTP Request: POST https://jeniya.cn/v1/chat/completions "HTTP/1.1 200 OK"
[2026-06-12 23:58:04,326] INFO - Retrying request to /chat/completions in 0.413886 seconds
[2026-06-12 23:58:04,578] INFO - HTTP Request: POST https://jeniya.cn/v1/chat/completions "HTTP/1.1 200 OK"
[2026-06-12 23:58:08,557] INFO - HTTP Request: POST https://jeniya.cn/v1/chat/completions "HTTP/1.1 200 OK"
[2026-06-12 23:58:09,445] INFO - HTTP Request: POST https://jeniya.cn/v1/chat/completions "HTTP/1.1 200 OK"
[2026-06-12 23:58:09,564] INFO - Retrying request to /chat/completions in 0.430183 seconds
[2026-06-12 23:58:10,400] INFO - HTTP Request: POST https://jeniya.cn/v1/chat/completions "HTTP/1.1 200 OK"
[2026-06-12 23:58:11,473] INFO - HTTP Request: POST https://jeniya.cn/v1/chat/completions "HTTP/1.1 200 OK"
[2026-06-12 23:58:12,269] INFO - HTTP Request: POST https://jeniya.cn/v1/chat/completions "HTTP/1.1 200 OK"
[2026-06-12 23:58:13,309] INFO - HTTP Request: POST https://jeniya.cn/v1/chat/completions "HTTP/1.1 200 OK"
[2026-06-12 23:58:14,891] INFO - HTTP Request: POST https://jeniya.cn/v1/chat/completions "HTTP/1.1 200 OK"
[2026-06-12 23:58:16,629] INFO - HTTP Request: POST https://jeniya.cn/v1/chat/completions "HTTP/1.1 200 OK"
[2026-06-12 23:58:17,742] INFO - HTTP Request: POST https://jeniya.cn/v1/chat/completions "HTTP/1.1 200 OK"
[2026-06-12 23:58:18,419] INFO - HTTP Request: POST https://jeniya.cn/v1/chat/completions "HTTP/1.1 200 OK"
[2026-06-12 23:58:19,592] INFO - Retrying request to /chat/completions in 0.454582 seconds
[2026-06-12 23:58:20,808] INFO - HTTP Request: POST https://jeniya.cn/v1/chat/completions "HTTP/1.1 200 OK"
[2026-06-12 23:58:21,124] INFO - HTTP Request: POST https://jeniya.cn/v1/chat/completions "HTTP/1.1 200 OK"
[2026-06-12 23:58:21,235] INFO - HTTP Request: POST https://jeniya.cn/v1/chat/completions "HTTP/1.1 200 OK"
[2026-06-12 23:58:23,116] INFO - HTTP Request: POST https://jeniya.cn/v1/chat/completions "HTTP/1.1 200 OK"
[2026-06-12 23:58:26,710] INFO - HTTP Request: POST https://jeniya.cn/v1/chat/completions "HTTP/1.1 200 OK"
[2026-06-12 23:58:27,353] INFO - HTTP Request: POST https://jeniya.cn/v1/chat/completions "HTTP/1.1 200 OK"
[2026-06-12 23:58:28,762] INFO - HTTP Request: POST https://jeniya.cn/v1/chat/completions "HTTP/1.1 200 OK"
[2026-06-12 23:58:31,741] INFO - HTTP Request: POST https://jeniya.cn/v1/chat/completions "HTTP/1.1 200 OK"
[2026-06-12 23:58:34,882] INFO - HTTP Request: POST https://jeniya.cn/v1/chat/completions "HTTP/1.1 200 OK"
[2026-06-12 23:58:35,885] INFO - HTTP Request: POST https://jeniya.cn/v1/chat/completions "HTTP/1.1 200 OK"
[2026-06-12 23:58:35,955] INFO - HTTP Request: POST https://jeniya.cn/v1/chat/completions "HTTP/1.1 200 OK"
[2026-06-12 23:58:37,047] INFO - HTTP Request: POST https://jeniya.cn/v1/chat/completions "HTTP/1.1 200 OK"
[2026-06-12 23:58:37,760] INFO - HTTP Request: POST https://jeniya.cn/v1/chat/completions "HTTP/1.1 200 OK"
[2026-06-12 23:58:38,243] INFO - HTTP Request: POST https://jeniya.cn/v1/chat/completions "HTTP/1.1 200 OK"
[2026-06-12 23:58:41,637] INFO - HTTP Request: POST https://jeniya.cn/v1/chat/completions "HTTP/1.1 200 OK"
[2026-06-12 23:58:42,412] INFO - HTTP Request: POST https://jeniya.cn/v1/chat/completions "HTTP/1.1 200 OK"
[2026-06-12 23:58:42,995] INFO - HTTP Request: POST https://jeniya.cn/v1/chat/completions "HTTP/1.1 200 OK"
[2026-06-12 23:58:44,196] INFO - HTTP Request: POST https://jeniya.cn/v1/chat/completions "HTTP/1.1 200 OK"
[2026-06-12 23:58:44,580] INFO - HTTP Request: POST https://jeniya.cn/v1/chat/completions "HTTP/1.1 200 OK"
[2026-06-12 23:58:46,364] INFO - HTTP Request: POST https://jeniya.cn/v1/chat/completions "HTTP/1.1 200 OK"
[2026-06-12 23:58:47,149] INFO - HTTP Request: POST https://jeniya.cn/v1/chat/completions "HTTP/1.1 200 OK"
[2026-06-12 23:58:51,181] INFO - HTTP Request: POST https://jeniya.cn/v1/chat/completions "HTTP/1.1 200 OK"
[2026-06-12 23:58:52,972] INFO - Retrying request to /chat/completions in 0.478372 seconds
[2026-06-12 23:58:54,254] INFO - HTTP Request: POST https://jeniya.cn/v1/chat/completions "HTTP/1.1 200 OK"
[2026-06-12 23:58:56,382] INFO - HTTP Request: POST https://jeniya.cn/v1/chat/completions "HTTP/1.1 200 OK"
[2026-06-12 23:58:57,377] INFO - Retrying request to /chat/completions in 0.400418 seconds
[2026-06-12 23:58:57,797] INFO - HTTP Request: POST https://jeniya.cn/v1/chat/completions "HTTP/1.1 200 OK"
[2026-06-12 23:58:58,216] INFO - HTTP Request: POST https://jeniya.cn/v1/chat/completions "HTTP/1.1 200 OK"
[2026-06-12 23:58:59,386] INFO - HTTP Request: POST https://jeniya.cn/v1/chat/completions "HTTP/1.1 200 OK"
[2026-06-12 23:59:00,029] INFO - HTTP Request: POST https://jeniya.cn/v1/chat/completions "HTTP/1.1 200 OK"
[2026-06-12 23:59:01,789] INFO - HTTP Request: POST https://jeniya.cn/v1/chat/completions "HTTP/1.1 200 OK"
[2026-06-12 23:59:02,207] INFO - HTTP Request: POST https://jeniya.cn/v1/chat/completions "HTTP/1.1 200 OK"
[2026-06-12 23:59:03,157] INFO - HTTP Request: POST https://jeniya.cn/v1/chat/completions "HTTP/1.1 200 OK"
[2026-06-12 23:59:03,859] INFO - Retrying request to /chat/completions in 0.435250 seconds
[2026-06-12 23:59:04,595] INFO - Retrying request to /chat/completions in 0.397992 seconds
[2026-06-12 23:59:06,736] INFO - HTTP Request: POST https://jeniya.cn/v1/chat/completions "HTTP/1.1 200 OK"
[2026-06-12 23:59:08,500] INFO - HTTP Request: POST https://jeniya.cn/v1/chat/completions "HTTP/1.1 200 OK"
[2026-06-12 23:59:09,125] INFO - HTTP Request: POST https://jeniya.cn/v1/chat/completions "HTTP/1.1 200 OK"
[2026-06-12 23:59:09,260] INFO - HTTP Request: POST https://jeniya.cn/v1/chat/completions "HTTP/1.1 200 OK"
[2026-06-12 23:59:09,681] INFO - HTTP Request: POST https://jeniya.cn/v1/chat/completions "HTTP/1.1 200 OK"
[2026-06-12 23:59:10,942] INFO - HTTP Request: POST https://jeniya.cn/v1/chat/completions "HTTP/1.1 200 OK"
[2026-06-12 23:59:13,292] INFO - HTTP Request: POST https://jeniya.cn/v1/chat/completions "HTTP/1.1 200 OK"
[2026-06-12 23:59:15,127] INFO - HTTP Request: POST https://jeniya.cn/v1/chat/completions "HTTP/1.1 200 OK"
[2026-06-12 23:59:15,720] INFO - HTTP Request: POST https://jeniya.cn/v1/chat/completions "HTTP/1.1 200 OK"
[2026-06-12 23:59:16,351] INFO - HTTP Request: POST https://jeniya.cn/v1/chat/completions "HTTP/1.1 200 OK"
[2026-06-12 23:59:17,409] INFO - HTTP Request: POST https://jeniya.cn/v1/chat/completions "HTTP/1.1 200 OK"
[2026-06-12 23:59:18,098] INFO - HTTP Request: POST https://jeniya.cn/v1/chat/completions "HTTP/1.1 200 OK"
[2026-06-12 23:59:19,154] INFO - HTTP Request: POST https://jeniya.cn/v1/chat/completions "HTTP/1.1 200 OK"
[2026-06-12 23:59:20,989] INFO - HTTP Request: POST https://jeniya.cn/v1/chat/completions "HTTP/1.1 200 OK"
[2026-06-12 23:59:23,174] INFO - HTTP Request: POST https://jeniya.cn/v1/chat/completions "HTTP/1.1 200 OK"
[2026-06-12 23:59:23,338] INFO - HTTP Request: POST https://jeniya.cn/v1/chat/completions "HTTP/1.1 200 OK"
[2026-06-12 23:59:27,621] INFO - HTTP Request: POST https://jeniya.cn/v1/chat/completions "HTTP/1.1 200 OK"
[2026-06-12 23:59:29,950] INFO - HTTP Request: POST https://jeniya.cn/v1/chat/completions "HTTP/1.1 200 OK"
[2026-06-12 23:59:31,213] INFO - HTTP Request: POST https://jeniya.cn/v1/chat/completions "HTTP/1.1 200 OK"
[2026-06-12 23:59:31,558] INFO - HTTP Request: POST https://jeniya.cn/v1/chat/completions "HTTP/1.1 200 OK"
[2026-06-12 23:59:32,262] INFO - HTTP Request: POST https://jeniya.cn/v1/chat/completions "HTTP/1.1 200 OK"
[2026-06-12 23:59:33,418] INFO - HTTP Request: POST https://jeniya.cn/v1/chat/completions "HTTP/1.1 200 OK"
[2026-06-12 23:59:34,155] INFO - HTTP Request: POST https://jeniya.cn/v1/chat/completions "HTTP/1.1 200 OK"
[2026-06-12 23:59:34,567] INFO - HTTP Request: POST https://jeniya.cn/v1/chat/completions "HTTP/1.1 200 OK"
[2026-06-12 23:59:34,700] INFO - HTTP Request: POST https://jeniya.cn/v1/chat/completions "HTTP/1.1 200 OK"
[2026-06-12 23:59:38,120] INFO - HTTP Request: POST https://jeniya.cn/v1/chat/completions "HTTP/1.1 200 OK"
[2026-06-12 23:59:40,811] INFO - HTTP Request: POST https://jeniya.cn/v1/chat/completions "HTTP/1.1 200 OK"
[2026-06-12 23:59:41,653] INFO - Retrying request to /chat/completions in 0.419458 seconds
[2026-06-12 23:59:42,345] INFO - HTTP Request: POST https://jeniya.cn/v1/chat/completions "HTTP/1.1 200 OK"
[2026-06-12 23:59:43,004] INFO - Retrying request to /chat/completions in 0.439774 seconds
[2026-06-12 23:59:44,613] INFO - HTTP Request: POST https://jeniya.cn/v1/chat/completions "HTTP/1.1 200 OK"
[2026-06-12 23:59:46,824] INFO - HTTP Request: POST https://jeniya.cn/v1/chat/completions "HTTP/1.1 200 OK"
[2026-06-12 23:59:47,122] INFO - HTTP Request: POST https://jeniya.cn/v1/chat/completions "HTTP/1.1 200 OK"
[2026-06-12 23:59:48,393] INFO - HTTP Request: POST https://jeniya.cn/v1/chat/completions "HTTP/1.1 200 OK"
[2026-06-12 23:59:48,664] INFO - HTTP Request: POST https://jeniya.cn/v1/chat/completions "HTTP/1.1 200 OK"
[2026-06-12 23:59:50,206] INFO - HTTP Request: POST https://jeniya.cn/v1/chat/completions "HTTP/1.1 200 OK"
[2026-06-12 23:59:51,883] INFO - HTTP Request: POST https://jeniya.cn/v1/chat/completions "HTTP/1.1 200 OK"
[2026-06-12 23:59:52,458] INFO - HTTP Request: POST https://jeniya.cn/v1/chat/completions "HTTP/1.1 200 OK"
[2026-06-12 23:59:53,017] INFO - HTTP Request: POST https://jeniya.cn/v1/chat/completions "HTTP/1.1 200 OK"
[2026-06-12 23:59:53,069] INFO - HTTP Request: POST https://jeniya.cn/v1/chat/completions "HTTP/1.1 200 OK"
[2026-06-12 23:59:53,350] INFO - HTTP Request: POST https://jeniya.cn/v1/chat/completions "HTTP/1.1 200 OK"
[2026-06-12 23:59:53,549] INFO - HTTP Request: POST https://jeniya.cn/v1/chat/completions "HTTP/1.1 200 OK"
[2026-06-12 23:59:54,144] INFO - HTTP Request: POST https://jeniya.cn/v1/chat/completions "HTTP/1.1 200 OK"
[2026-06-12 23:59:54,165] INFO - HTTP Request: POST https://jeniya.cn/v1/chat/completions "HTTP/1.1 200 OK"
[2026-06-12 23:59:54,826] INFO - HTTP Request: POST https://jeniya.cn/v1/chat/completions "HTTP/1.1 200 OK"
[2026-06-12 23:59:54,909] INFO - HTTP Request: POST https://jeniya.cn/v1/chat/completions "HTTP/1.1 200 OK"
[2026-06-12 23:59:55,869] INFO - HTTP Request: POST https://jeniya.cn/v1/chat/completions "HTTP/1.1 200 OK"
[2026-06-12 23:59:56,534] INFO - HTTP Request: POST https://jeniya.cn/v1/chat/completions "HTTP/1.1 200 OK"
[2026-06-12 23:59:57,016] INFO - HTTP Request: POST https://jeniya.cn/v1/chat/completions "HTTP/1.1 200 OK"
[2026-06-12 23:59:58,277] INFO - HTTP Request: POST https://jeniya.cn/v1/chat/completions "HTTP/1.1 200 OK"
[2026-06-12 23:59:59,599] INFO - HTTP Request: POST https://jeniya.cn/v1/chat/completions "HTTP/1.1 200 OK"
[2026-06-13 00:00:00,340] INFO - HTTP Request: POST https://jeniya.cn/v1/chat/completions "HTTP/1.1 200 OK"
[2026-06-13 00:00:01,490] INFO - HTTP Request: POST https://jeniya.cn/v1/chat/completions "HTTP/1.1 200 OK"
[2026-06-13 00:00:01,894] INFO - HTTP Request: POST https://jeniya.cn/v1/chat/completions "HTTP/1.1 200 OK"
[2026-06-13 00:00:02,058] INFO - HTTP Request: POST https://jeniya.cn/v1/chat/completions "HTTP/1.1 200 OK"
[2026-06-13 00:00:03,179] INFO - HTTP Request: POST https://jeniya.cn/v1/chat/completions "HTTP/1.1 200 OK"
[2026-06-13 00:00:03,750] INFO - HTTP Request: POST https://jeniya.cn/v1/chat/completions "HTTP/1.1 200 OK"
[2026-06-13 00:00:06,381] INFO - HTTP Request: POST https://jeniya.cn/v1/chat/completions "HTTP/1.1 200 OK"
[2026-06-13 00:00:07,654] INFO - HTTP Request: POST https://jeniya.cn/v1/chat/completions "HTTP/1.1 200 OK"
[2026-06-13 00:00:08,516] INFO - Retrying request to /chat/completions in 0.433087 seconds
[2026-06-13 00:00:08,798] INFO - HTTP Request: POST https://jeniya.cn/v1/chat/completions "HTTP/1.1 200 OK"
[2026-06-13 00:00:10,926] INFO - HTTP Request: POST https://jeniya.cn/v1/chat/completions "HTTP/1.1 200 OK"
[2026-06-13 00:00:11,119] INFO - HTTP Request: POST https://jeniya.cn/v1/chat/completions "HTTP/1.1 200 OK"
[2026-06-13 00:00:11,422] INFO - HTTP Request: POST https://jeniya.cn/v1/chat/completions "HTTP/1.1 200 OK"
[2026-06-13 00:00:12,735] INFO - HTTP Request: POST https://jeniya.cn/v1/chat/completions "HTTP/1.1 200 OK"
[2026-06-13 00:00:12,843] INFO - HTTP Request: POST https://jeniya.cn/v1/chat/completions "HTTP/1.1 200 OK"
[2026-06-13 00:00:12,930] INFO - HTTP Request: POST https://jeniya.cn/v1/chat/completions "HTTP/1.1 200 OK"
[2026-06-13 00:00:13,025] INFO - HTTP Request: POST https://jeniya.cn/v1/chat/completions "HTTP/1.1 200 OK"
[2026-06-13 00:00:14,602] INFO - HTTP Request: POST https://jeniya.cn/v1/chat/completions "HTTP/1.1 200 OK"
[2026-06-13 00:00:14,857] INFO - HTTP Request: POST https://jeniya.cn/v1/chat/completions "HTTP/1.1 200 OK"
[2026-06-13 00:00:16,354] INFO - HTTP Request: POST https://jeniya.cn/v1/chat/completions "HTTP/1.1 200 OK"
[2026-06-13 00:00:16,750] INFO - HTTP Request: POST https://jeniya.cn/v1/chat/completions "HTTP/1.1 200 OK"
[2026-06-13 00:00:17,998] INFO - HTTP Request: POST https://jeniya.cn/v1/chat/completions "HTTP/1.1 200 OK"
[2026-06-13 00:00:18,420] INFO - HTTP Request: POST https://jeniya.cn/v1/chat/completions "HTTP/1.1 200 OK"
[2026-06-13 00:00:20,227] INFO - HTTP Request: POST https://jeniya.cn/v1/chat/completions "HTTP/1.1 200 OK"
[2026-06-13 00:00:22,158] INFO - HTTP Request: POST https://jeniya.cn/v1/chat/completions "HTTP/1.1 200 OK"
[2026-06-13 00:00:22,158] INFO - HTTP Request: POST https://jeniya.cn/v1/chat/completions "HTTP/1.1 200 OK"
[2026-06-13 00:00:23,548] INFO - HTTP Request: POST https://jeniya.cn/v1/chat/completions "HTTP/1.1 200 OK"
[2026-06-13 00:00:23,555] INFO - HTTP Request: POST https://jeniya.cn/v1/chat/completions "HTTP/1.1 200 OK"
[2026-06-13 00:00:23,882] INFO - HTTP Request: POST https://jeniya.cn/v1/chat/completions "HTTP/1.1 200 OK"
[2026-06-13 00:00:25,308] INFO - HTTP Request: POST https://jeniya.cn/v1/chat/completions "HTTP/1.1 200 OK"
[2026-06-13 00:00:25,362] INFO - HTTP Request: POST https://jeniya.cn/v1/chat/completions "HTTP/1.1 200 OK"
[2026-06-13 00:00:30,828] INFO - HTTP Request: POST https://jeniya.cn/v1/chat/completions "HTTP/1.1 200 OK"
[2026-06-13 00:00:30,921] INFO - HTTP Request: POST https://jeniya.cn/v1/chat/completions "HTTP/1.1 200 OK"
[2026-06-13 00:00:31,874] INFO - HTTP Request: POST https://jeniya.cn/v1/chat/completions "HTTP/1.1 200 OK"
[2026-06-13 00:00:33,219] INFO - HTTP Request: POST https://jeniya.cn/v1/chat/completions "HTTP/1.1 200 OK"
[2026-06-13 00:00:33,425] INFO - Retrying request to /chat/completions in 0.404950 seconds
[2026-06-13 00:00:35,790] INFO - HTTP Request: POST https://jeniya.cn/v1/chat/completions "HTTP/1.1 200 OK"
[2026-06-13 00:00:35,845] INFO - HTTP Request: POST https://jeniya.cn/v1/chat/completions "HTTP/1.1 200 OK"
[2026-06-13 00:00:35,909] INFO - HTTP Request: POST https://jeniya.cn/v1/chat/completions "HTTP/1.1 200 OK"
[2026-06-13 00:00:36,935] INFO - HTTP Request: POST https://jeniya.cn/v1/chat/completions "HTTP/1.1 200 OK"
[2026-06-13 00:00:37,586] INFO - HTTP Request: POST https://jeniya.cn/v1/chat/completions "HTTP/1.1 200 OK"
[2026-06-13 00:00:37,733] INFO - HTTP Request: POST https://jeniya.cn/v1/chat/completions "HTTP/1.1 200 OK"
[2026-06-13 00:00:38,222] INFO - HTTP Request: POST https://jeniya.cn/v1/chat/completions "HTTP/1.1 200 OK"
[2026-06-13 00:00:38,467] INFO - HTTP Request: POST https://jeniya.cn/v1/chat/completions "HTTP/1.1 200 OK"
[2026-06-13 00:00:39,562] INFO - HTTP Request: POST https://jeniya.cn/v1/chat/completions "HTTP/1.1 200 OK"
[2026-06-13 00:00:40,331] INFO - HTTP Request: POST https://jeniya.cn/v1/chat/completions "HTTP/1.1 200 OK"
[2026-06-13 00:00:40,469] INFO - HTTP Request: POST https://jeniya.cn/v1/chat/completions "HTTP/1.1 200 OK"
[2026-06-13 00:00:40,853] INFO - HTTP Request: POST https://jeniya.cn/v1/chat/completions "HTTP/1.1 200 OK"
[2026-06-13 00:00:41,058] INFO - HTTP Request: POST https://jeniya.cn/v1/chat/completions "HTTP/1.1 200 OK"
[2026-06-13 00:00:42,476] INFO - HTTP Request: POST https://jeniya.cn/v1/chat/completions "HTTP/1.1 200 OK"
[2026-06-13 00:00:42,920] INFO - HTTP Request: POST https://jeniya.cn/v1/chat/completions "HTTP/1.1 200 OK"
[2026-06-13 00:00:43,845] INFO - HTTP Request: POST https://jeniya.cn/v1/chat/completions "HTTP/1.1 200 OK"
[2026-06-13 00:00:44,152] INFO - HTTP Request: POST https://jeniya.cn/v1/chat/completions "HTTP/1.1 200 OK"
[2026-06-13 00:00:44,869] INFO - HTTP Request: POST https://jeniya.cn/v1/chat/completions "HTTP/1.1 200 OK"
[2026-06-13 00:00:46,758] INFO - HTTP Request: POST https://jeniya.cn/v1/chat/completions "HTTP/1.1 200 OK"
[2026-06-13 00:00:47,484] INFO - HTTP Request: POST https://jeniya.cn/v1/chat/completions "HTTP/1.1 200 OK"
[2026-06-13 00:00:47,658] INFO - HTTP Request: POST https://jeniya.cn/v1/chat/completions "HTTP/1.1 200 OK"
[2026-06-13 00:00:48,727] INFO - HTTP Request: POST https://jeniya.cn/v1/chat/completions "HTTP/1.1 200 OK"
[2026-06-13 00:00:49,409] INFO - HTTP Request: POST https://jeniya.cn/v1/chat/completions "HTTP/1.1 200 OK"
[2026-06-13 00:00:49,688] INFO - HTTP Request: POST https://jeniya.cn/v1/chat/completions "HTTP/1.1 200 OK"
[2026-06-13 00:00:49,692] INFO - HTTP Request: POST https://jeniya.cn/v1/chat/completions "HTTP/1.1 200 OK"
[2026-06-13 00:00:51,138] INFO - HTTP Request: POST https://jeniya.cn/v1/chat/completions "HTTP/1.1 200 OK"
[2026-06-13 00:00:51,769] INFO - HTTP Request: POST https://jeniya.cn/v1/chat/completions "HTTP/1.1 200 OK"
[2026-06-13 00:00:52,783] INFO - HTTP Request: POST https://jeniya.cn/v1/chat/completions "HTTP/1.1 200 OK"
[2026-06-13 00:00:53,178] INFO - HTTP Request: POST https://jeniya.cn/v1/chat/completions "HTTP/1.1 200 OK"
[2026-06-13 00:00:54,016] INFO - HTTP Request: POST https://jeniya.cn/v1/chat/completions "HTTP/1.1 200 OK"
[2026-06-13 00:00:54,198] INFO - HTTP Request: POST https://jeniya.cn/v1/chat/completions "HTTP/1.1 200 OK"
[2026-06-13 00:00:55,133] INFO - HTTP Request: POST https://jeniya.cn/v1/chat/completions "HTTP/1.1 200 OK"
[2026-06-13 00:00:57,358] INFO - HTTP Request: POST https://jeniya.cn/v1/chat/completions "HTTP/1.1 200 OK"
[2026-06-13 00:00:58,383] INFO - HTTP Request: POST https://jeniya.cn/v1/chat/completions "HTTP/1.1 200 OK"
[2026-06-13 00:00:58,660] INFO - HTTP Request: POST https://jeniya.cn/v1/chat/completions "HTTP/1.1 200 OK"
[2026-06-13 00:00:59,109] INFO - HTTP Request: POST https://jeniya.cn/v1/chat/completions "HTTP/1.1 200 OK"
[2026-06-13 00:00:59,788] INFO - HTTP Request: POST https://jeniya.cn/v1/chat/completions "HTTP/1.1 200 OK"
[2026-06-13 00:01:00,576] INFO - HTTP Request: POST https://jeniya.cn/v1/chat/completions "HTTP/1.1 200 OK"
[2026-06-13 00:01:02,307] INFO - HTTP Request: POST https://jeniya.cn/v1/chat/completions "HTTP/1.1 200 OK"
[2026-06-13 00:01:02,928] INFO - HTTP Request: POST https://jeniya.cn/v1/chat/completions "HTTP/1.1 200 OK"
[2026-06-13 00:01:04,327] INFO - HTTP Request: POST https://jeniya.cn/v1/chat/completions "HTTP/1.1 200 OK"
[2026-06-13 00:01:05,160] INFO - HTTP Request: POST https://jeniya.cn/v1/chat/completions "HTTP/1.1 200 OK"
[2026-06-13 00:01:06,007] INFO - HTTP Request: POST https://jeniya.cn/v1/chat/completions "HTTP/1.1 200 OK"
[2026-06-13 00:01:06,139] INFO - HTTP Request: POST https://jeniya.cn/v1/chat/completions "HTTP/1.1 200 OK"
[2026-06-13 00:01:09,444] INFO - HTTP Request: POST https://jeniya.cn/v1/chat/completions "HTTP/1.1 200 OK"
[2026-06-13 00:01:09,585] INFO - HTTP Request: POST https://jeniya.cn/v1/chat/completions "HTTP/1.1 200 OK"
[2026-06-13 00:01:10,409] INFO - HTTP Request: POST https://jeniya.cn/v1/chat/completions "HTTP/1.1 200 OK"
[2026-06-13 00:01:11,325] INFO - HTTP Request: POST https://jeniya.cn/v1/chat/completions "HTTP/1.1 200 OK"
[2026-06-13 00:01:11,482] INFO - HTTP Request: POST https://jeniya.cn/v1/chat/completions "HTTP/1.1 200 OK"
[2026-06-13 00:01:11,757] INFO - HTTP Request: POST https://jeniya.cn/v1/chat/completions "HTTP/1.1 200 OK"
[2026-06-13 00:01:12,533] INFO - HTTP Request: POST https://jeniya.cn/v1/chat/completions "HTTP/1.1 200 OK"
[2026-06-13 00:01:13,224] INFO - HTTP Request: POST https://jeniya.cn/v1/chat/completions "HTTP/1.1 200 OK"
[2026-06-13 00:01:13,368] INFO - HTTP Request: POST https://jeniya.cn/v1/chat/completions "HTTP/1.1 200 OK"
[2026-06-13 00:01:15,809] INFO - HTTP Request: POST https://jeniya.cn/v1/chat/completions "HTTP/1.1 200 OK"
[2026-06-13 00:01:16,414] INFO - HTTP Request: POST https://jeniya.cn/v1/chat/completions "HTTP/1.1 200 OK"
[2026-06-13 00:01:16,862] INFO - HTTP Request: POST https://jeniya.cn/v1/chat/completions "HTTP/1.1 200 OK"
[2026-06-13 00:01:17,074] INFO - HTTP Request: POST https://jeniya.cn/v1/chat/completions "HTTP/1.1 200 OK"
[2026-06-13 00:01:17,560] INFO - HTTP Request: POST https://jeniya.cn/v1/chat/completions "HTTP/1.1 200 OK"
[2026-06-13 00:01:17,659] INFO - HTTP Request: POST https://jeniya.cn/v1/chat/completions "HTTP/1.1 200 OK"
[2026-06-13 00:01:18,857] INFO - HTTP Request: POST https://jeniya.cn/v1/chat/completions "HTTP/1.1 200 OK"
[2026-06-13 00:01:19,137] INFO - HTTP Request: POST https://jeniya.cn/v1/chat/completions "HTTP/1.1 200 OK"
[2026-06-13 00:01:20,887] INFO - HTTP Request: POST https://jeniya.cn/v1/chat/completions "HTTP/1.1 200 OK"
[2026-06-13 00:01:21,158] INFO - HTTP Request: POST https://jeniya.cn/v1/chat/completions "HTTP/1.1 200 OK"
[2026-06-13 00:01:21,716] INFO - HTTP Request: POST https://jeniya.cn/v1/chat/completions "HTTP/1.1 200 OK"
[2026-06-13 00:01:21,840] INFO - HTTP Request: POST https://jeniya.cn/v1/chat/completions "HTTP/1.1 200 OK"
[2026-06-13 00:01:23,027] INFO - HTTP Request: POST https://jeniya.cn/v1/chat/completions "HTTP/1.1 200 OK"
[2026-06-13 00:01:23,506] INFO - HTTP Request: POST https://jeniya.cn/v1/chat/completions "HTTP/1.1 200 OK"
[2026-06-13 00:01:24,713] INFO - HTTP Request: POST https://jeniya.cn/v1/chat/completions "HTTP/1.1 200 OK"
[2026-06-13 00:01:25,289] INFO - HTTP Request: POST https://jeniya.cn/v1/chat/completions "HTTP/1.1 200 OK"
[2026-06-13 00:01:25,669] INFO - HTTP Request: POST https://jeniya.cn/v1/chat/completions "HTTP/1.1 200 OK"
[2026-06-13 00:01:26,468] INFO - HTTP Request: POST https://jeniya.cn/v1/chat/completions "HTTP/1.1 200 OK"
[2026-06-13 00:01:26,614] INFO - HTTP Request: POST https://jeniya.cn/v1/chat/completions "HTTP/1.1 200 OK"
[2026-06-13 00:01:28,559] INFO - HTTP Request: POST https://jeniya.cn/v1/chat/completions "HTTP/1.1 200 OK"
[2026-06-13 00:01:29,755] INFO - HTTP Request: POST https://jeniya.cn/v1/chat/completions "HTTP/1.1 200 OK"
[2026-06-13 00:01:30,455] INFO - HTTP Request: POST https://jeniya.cn/v1/chat/completions "HTTP/1.1 200 OK"
[2026-06-13 00:01:30,608] INFO - HTTP Request: POST https://jeniya.cn/v1/chat/completions "HTTP/1.1 200 OK"
[2026-06-13 00:01:31,494] INFO - HTTP Request: POST https://jeniya.cn/v1/chat/completions "HTTP/1.1 200 OK"
[2026-06-13 00:01:31,917] INFO - HTTP Request: POST https://jeniya.cn/v1/chat/completions "HTTP/1.1 200 OK"
[2026-06-13 00:01:33,503] INFO - HTTP Request: POST https://jeniya.cn/v1/chat/completions "HTTP/1.1 200 OK"
[2026-06-13 00:01:34,437] INFO - Retrying request to /chat/completions in 0.794719 seconds
[2026-06-13 00:01:35,312] INFO - HTTP Request: POST https://jeniya.cn/v1/chat/completions "HTTP/1.1 200 OK"
[2026-06-13 00:01:36,068] INFO - HTTP Request: POST https://jeniya.cn/v1/chat/completions "HTTP/1.1 200 OK"
[2026-06-13 00:01:36,579] INFO - HTTP Request: POST https://jeniya.cn/v1/chat/completions "HTTP/1.1 200 OK"
[2026-06-13 00:01:36,612] INFO - HTTP Request: POST https://jeniya.cn/v1/chat/completions "HTTP/1.1 200 OK"
[2026-06-13 00:01:37,649] INFO - HTTP Request: POST https://jeniya.cn/v1/chat/completions "HTTP/1.1 200 OK"
[2026-06-13 00:01:37,732] INFO - HTTP Request: POST https://jeniya.cn/v1/chat/completions "HTTP/1.1 200 OK"
[2026-06-13 00:01:38,560] INFO - HTTP Request: POST https://jeniya.cn/v1/chat/completions "HTTP/1.1 200 OK"
[2026-06-13 00:01:38,773] INFO - HTTP Request: POST https://jeniya.cn/v1/chat/completions "HTTP/1.1 200 OK"
[2026-06-13 00:01:39,625] INFO - HTTP Request: POST https://jeniya.cn/v1/chat/completions "HTTP/1.1 200 OK"
[2026-06-13 00:01:40,320] INFO - HTTP Request: POST https://jeniya.cn/v1/chat/completions "HTTP/1.1 200 OK"
[2026-06-13 00:01:40,955] INFO - HTTP Request: POST https://jeniya.cn/v1/chat/completions "HTTP/1.1 200 OK"
[2026-06-13 00:01:41,413] INFO - HTTP Request: POST https://jeniya.cn/v1/chat/completions "HTTP/1.1 200 OK"
[2026-06-13 00:01:41,622] INFO - HTTP Request: POST https://jeniya.cn/v1/chat/completions "HTTP/1.1 200 OK"
[2026-06-13 00:01:42,178] INFO - HTTP Request: POST https://jeniya.cn/v1/chat/completions "HTTP/1.1 200 OK"
[2026-06-13 00:01:42,240] INFO - HTTP Request: POST https://jeniya.cn/v1/chat/completions "HTTP/1.1 200 OK"
[2026-06-13 00:01:43,105] INFO - HTTP Request: POST https://jeniya.cn/v1/chat/completions "HTTP/1.1 200 OK"
[2026-06-13 00:01:43,954] INFO - HTTP Request: POST https://jeniya.cn/v1/chat/completions "HTTP/1.1 200 OK"
[2026-06-13 00:01:43,998] INFO - HTTP Request: POST https://jeniya.cn/v1/chat/completions "HTTP/1.1 200 OK"
[2026-06-13 00:01:44,590] INFO - HTTP Request: POST https://jeniya.cn/v1/chat/completions "HTTP/1.1 200 OK"
[2026-06-13 00:01:46,267] INFO - HTTP Request: POST https://jeniya.cn/v1/chat/completions "HTTP/1.1 200 OK"
[2026-06-13 00:01:46,598] INFO - HTTP Request: POST https://jeniya.cn/v1/chat/completions "HTTP/1.1 200 OK"
[2026-06-13 00:01:46,724] INFO - HTTP Request: POST https://jeniya.cn/v1/chat/completions "HTTP/1.1 200 OK"
[2026-06-13 00:01:46,947] INFO - HTTP Request: POST https://jeniya.cn/v1/chat/completions "HTTP/1.1 200 OK"
[2026-06-13 00:01:48,458] INFO - HTTP Request: POST https://jeniya.cn/v1/chat/completions "HTTP/1.1 200 OK"
[2026-06-13 00:01:48,639] INFO - HTTP Request: POST https://jeniya.cn/v1/chat/completions "HTTP/1.1 200 OK"
[2026-06-13 00:01:48,670] INFO - HTTP Request: POST https://jeniya.cn/v1/chat/completions "HTTP/1.1 200 OK"
[2026-06-13 00:01:48,736] INFO - HTTP Request: POST https://jeniya.cn/v1/chat/completions "HTTP/1.1 200 OK"
[2026-06-13 00:01:49,025] INFO - HTTP Request: POST https://jeniya.cn/v1/chat/completions "HTTP/1.1 200 OK"
[2026-06-13 00:01:50,533] INFO - HTTP Request: POST https://jeniya.cn/v1/chat/completions "HTTP/1.1 200 OK"
[2026-06-13 00:01:50,851] INFO - HTTP Request: POST https://jeniya.cn/v1/chat/completions "HTTP/1.1 200 OK"
[2026-06-13 00:01:50,922] INFO - HTTP Request: POST https://jeniya.cn/v1/chat/completions "HTTP/1.1 200 OK"
[2026-06-13 00:01:51,877] INFO - HTTP Request: POST https://jeniya.cn/v1/chat/completions "HTTP/1.1 200 OK"
[2026-06-13 00:01:52,796] INFO - HTTP Request: POST https://jeniya.cn/v1/chat/completions "HTTP/1.1 200 OK"
[2026-06-13 00:01:53,064] INFO - HTTP Request: POST https://jeniya.cn/v1/chat/completions "HTTP/1.1 200 OK"
[2026-06-13 00:01:54,648] INFO - HTTP Request: POST https://jeniya.cn/v1/chat/completions "HTTP/1.1 200 OK"
[2026-06-13 00:01:54,675] INFO - HTTP Request: POST https://jeniya.cn/v1/chat/completions "HTTP/1.1 200 OK"
[2026-06-13 00:01:55,012] INFO - HTTP Request: POST https://jeniya.cn/v1/chat/completions "HTTP/1.1 200 OK"
[2026-06-13 00:01:56,563] INFO - HTTP Request: POST https://jeniya.cn/v1/chat/completions "HTTP/1.1 200 OK"
[2026-06-13 00:01:58,129] INFO - HTTP Request: POST https://jeniya.cn/v1/chat/completions "HTTP/1.1 200 OK"
[2026-06-13 00:01:58,612] INFO - HTTP Request: POST https://jeniya.cn/v1/chat/completions "HTTP/1.1 200 OK"
[2026-06-13 00:01:59,194] INFO - HTTP Request: POST https://jeniya.cn/v1/chat/completions "HTTP/1.1 200 OK"
[2026-06-13 00:02:00,918] INFO - HTTP Request: POST https://jeniya.cn/v1/chat/completions "HTTP/1.1 200 OK"
[2026-06-13 00:02:02,172] INFO - HTTP Request: POST https://jeniya.cn/v1/chat/completions "HTTP/1.1 200 OK"
[2026-06-13 00:02:02,188] INFO - HTTP Request: POST https://jeniya.cn/v1/chat/completions "HTTP/1.1 200 OK"
[2026-06-13 00:02:03,035] INFO - HTTP Request: POST https://jeniya.cn/v1/chat/completions "HTTP/1.1 200 OK"
[2026-06-13 00:02:04,231] INFO - HTTP Request: POST https://jeniya.cn/v1/chat/completions "HTTP/1.1 200 OK"
[2026-06-13 00:02:04,851] INFO - HTTP Request: POST https://jeniya.cn/v1/chat/completions "HTTP/1.1 200 OK"
[2026-06-13 00:02:06,076] INFO - HTTP Request: POST https://jeniya.cn/v1/chat/completions "HTTP/1.1 200 OK"
[2026-06-13 00:02:06,655] INFO - HTTP Request: POST https://jeniya.cn/v1/chat/completions "HTTP/1.1 200 OK"
[2026-06-13 00:02:10,526] INFO - HTTP Request: POST https://jeniya.cn/v1/chat/completions "HTTP/1.1 200 OK"
[2026-06-13 00:02:10,645] INFO - HTTP Request: POST https://jeniya.cn/v1/chat/completions "HTTP/1.1 200 OK"
[2026-06-13 00:02:12,684] INFO - HTTP Request: POST https://jeniya.cn/v1/chat/completions "HTTP/1.1 200 OK"
[2026-06-13 00:02:14,071] INFO - HTTP Request: POST https://jeniya.cn/v1/chat/completions "HTTP/1.1 200 OK"
[2026-06-13 00:02:16,874] INFO - HTTP Request: POST https://jeniya.cn/v1/chat/completions "HTTP/1.1 200 OK"
[2026-06-13 00:02:17,961] INFO - HTTP Request: POST https://jeniya.cn/v1/chat/completions "HTTP/1.1 200 OK"
[2026-06-13 00:02:18,213] INFO - HTTP Request: POST https://jeniya.cn/v1/chat/completions "HTTP/1.1 200 OK"
[2026-06-13 00:02:20,137] INFO - HTTP Request: POST https://jeniya.cn/v1/chat/completions "HTTP/1.1 200 OK"
[2026-06-13 00:02:20,280] INFO - HTTP Request: POST https://jeniya.cn/v1/chat/completions "HTTP/1.1 200 OK"
[2026-06-13 00:02:23,443] INFO - HTTP Request: POST https://jeniya.cn/v1/chat/completions "HTTP/1.1 200 OK"
[2026-06-13 00:02:24,267] INFO - HTTP Request: POST https://jeniya.cn/v1/chat/completions "HTTP/1.1 200 OK"
[2026-06-13 00:02:25,295] INFO - HTTP Request: POST https://jeniya.cn/v1/chat/completions "HTTP/1.1 200 OK"
[2026-06-13 00:02:26,836] INFO - HTTP Request: POST https://jeniya.cn/v1/chat/completions "HTTP/1.1 200 OK"
[2026-06-13 00:02:27,478] INFO - HTTP Request: POST https://jeniya.cn/v1/chat/completions "HTTP/1.1 200 OK"
[2026-06-13 00:02:28,699] INFO - HTTP Request: POST https://jeniya.cn/v1/chat/completions "HTTP/1.1 200 OK"
[2026-06-13 00:02:28,889] INFO - HTTP Request: POST https://jeniya.cn/v1/chat/completions "HTTP/1.1 200 OK"
[2026-06-13 00:02:32,209] INFO - HTTP Request: POST https://jeniya.cn/v1/chat/completions "HTTP/1.1 200 OK"
[2026-06-13 00:02:35,030] INFO - HTTP Request: POST https://jeniya.cn/v1/chat/completions "HTTP/1.1 200 OK"
[2026-06-13 00:02:35,346] INFO - HTTP Request: POST https://jeniya.cn/v1/chat/completions "HTTP/1.1 200 OK"
[2026-06-13 00:02:37,665] INFO - Retrying request to /chat/completions in 0.375615 seconds
[2026-06-13 00:02:37,767] INFO - HTTP Request: POST https://jeniya.cn/v1/chat/completions "HTTP/1.1 200 OK"
[2026-06-13 00:02:39,534] INFO - HTTP Request: POST https://jeniya.cn/v1/chat/completions "HTTP/1.1 200 OK"
[2026-06-13 00:02:39,737] INFO - HTTP Request: POST https://jeniya.cn/v1/chat/completions "HTTP/1.1 200 OK"
[2026-06-13 00:02:40,535] INFO - HTTP Request: POST https://jeniya.cn/v1/chat/completions "HTTP/1.1 200 OK"
[2026-06-13 00:02:40,786] INFO - HTTP Request: POST https://jeniya.cn/v1/chat/completions "HTTP/1.1 200 OK"
[2026-06-13 00:02:40,978] INFO - HTTP Request: POST https://jeniya.cn/v1/chat/completions "HTTP/1.1 200 OK"
[2026-06-13 00:02:41,418] INFO - Retrying request to /chat/completions in 0.464843 seconds
[2026-06-13 00:02:41,455] INFO - HTTP Request: POST https://jeniya.cn/v1/chat/completions "HTTP/1.1 200 OK"
[2026-06-13 00:02:41,774] INFO - HTTP Request: POST https://jeniya.cn/v1/chat/completions "HTTP/1.1 200 OK"
[2026-06-13 00:02:43,982] INFO - HTTP Request: POST https://jeniya.cn/v1/chat/completions "HTTP/1.1 200 OK"
[2026-06-13 00:02:44,244] INFO - HTTP Request: POST https://jeniya.cn/v1/chat/completions "HTTP/1.1 200 OK"
[2026-06-13 00:02:44,345] INFO - HTTP Request: POST https://jeniya.cn/v1/chat/completions "HTTP/1.1 200 OK"
[2026-06-13 00:02:45,532] INFO - HTTP Request: POST https://jeniya.cn/v1/chat/completions "HTTP/1.1 200 OK"
[2026-06-13 00:02:46,265] INFO - HTTP Request: POST https://jeniya.cn/v1/chat/completions "HTTP/1.1 200 OK"
[2026-06-13 00:02:46,552] INFO - HTTP Request: POST https://jeniya.cn/v1/chat/completions "HTTP/1.1 200 OK"
[2026-06-13 00:02:46,694] INFO - HTTP Request: POST https://jeniya.cn/v1/chat/completions "HTTP/1.1 200 OK"
[2026-06-13 00:02:48,231] INFO - HTTP Request: POST https://jeniya.cn/v1/chat/completions "HTTP/1.1 200 OK"
[2026-06-13 00:02:49,988] INFO - HTTP Request: POST https://jeniya.cn/v1/chat/completions "HTTP/1.1 200 OK"
[2026-06-13 00:02:50,149] INFO - HTTP Request: POST https://jeniya.cn/v1/chat/completions "HTTP/1.1 200 OK"
[2026-06-13 00:02:52,427] INFO - HTTP Request: POST https://jeniya.cn/v1/chat/completions "HTTP/1.1 200 OK"
[2026-06-13 00:02:52,650] INFO - HTTP Request: POST https://jeniya.cn/v1/chat/completions "HTTP/1.1 200 OK"
[2026-06-13 00:02:52,786] INFO - HTTP Request: POST https://jeniya.cn/v1/chat/completions "HTTP/1.1 200 OK"
[2026-06-13 00:02:52,900] INFO - HTTP Request: POST https://jeniya.cn/v1/chat/completions "HTTP/1.1 200 OK"
[2026-06-13 00:02:54,388] INFO - HTTP Request: POST https://jeniya.cn/v1/chat/completions "HTTP/1.1 200 OK"
[2026-06-13 00:02:54,989] INFO - HTTP Request: POST https://jeniya.cn/v1/chat/completions "HTTP/1.1 200 OK"
[2026-06-13 00:02:57,710] INFO - HTTP Request: POST https://jeniya.cn/v1/chat/completions "HTTP/1.1 200 OK"
[2026-06-13 00:02:58,944] INFO - HTTP Request: POST https://jeniya.cn/v1/chat/completions "HTTP/1.1 200 OK"
[2026-06-13 00:02:59,985] INFO - HTTP Request: POST https://jeniya.cn/v1/chat/completions "HTTP/1.1 200 OK"
[2026-06-13 00:03:01,751] INFO - HTTP Request: POST https://jeniya.cn/v1/chat/completions "HTTP/1.1 200 OK"
[2026-06-13 00:03:04,735] INFO - HTTP Request: POST https://jeniya.cn/v1/chat/completions "HTTP/1.1 200 OK"
[2026-06-13 00:03:05,242] INFO - HTTP Request: POST https://jeniya.cn/v1/chat/completions "HTTP/1.1 200 OK"
[2026-06-13 00:03:05,543] INFO - HTTP Request: POST https://jeniya.cn/v1/chat/completions "HTTP/1.1 200 OK"
[2026-06-13 00:03:05,768] INFO - HTTP Request: POST https://jeniya.cn/v1/chat/completions "HTTP/1.1 200 OK"
[2026-06-13 00:03:07,306] INFO - HTTP Request: POST https://jeniya.cn/v1/chat/completions "HTTP/1.1 200 OK"
[2026-06-13 00:03:07,653] INFO - HTTP Request: POST https://jeniya.cn/v1/chat/completions "HTTP/1.1 200 OK"
[2026-06-13 00:03:08,257] INFO - HTTP Request: POST https://jeniya.cn/v1/chat/completions "HTTP/1.1 200 OK"
[2026-06-13 00:03:08,961] INFO - HTTP Request: POST https://jeniya.cn/v1/chat/completions "HTTP/1.1 200 OK"
[2026-06-13 00:03:09,459] INFO - HTTP Request: POST https://jeniya.cn/v1/chat/completions "HTTP/1.1 200 OK"
[2026-06-13 00:03:11,401] INFO - HTTP Request: POST https://jeniya.cn/v1/chat/completions "HTTP/1.1 200 OK"
[2026-06-13 00:03:14,237] INFO - HTTP Request: POST https://jeniya.cn/v1/chat/completions "HTTP/1.1 200 OK"
[2026-06-13 00:03:16,264] INFO - HTTP Request: POST https://jeniya.cn/v1/chat/completions "HTTP/1.1 200 OK"
[2026-06-13 00:03:18,425] INFO - HTTP Request: POST https://jeniya.cn/v1/chat/completions "HTTP/1.1 200 OK"
[2026-06-13 00:03:19,813] INFO - HTTP Request: POST https://jeniya.cn/v1/chat/completions "HTTP/1.1 200 OK"
[2026-06-13 00:03:20,752] INFO - HTTP Request: POST https://jeniya.cn/v1/chat/completions "HTTP/1.1 200 OK"
[2026-06-13 00:03:22,225] INFO - HTTP Request: POST https://jeniya.cn/v1/chat/completions "HTTP/1.1 200 OK"
[2026-06-13 00:03:22,462] INFO - HTTP Request: POST https://jeniya.cn/v1/chat/completions "HTTP/1.1 200 OK"
[2026-06-13 00:03:22,799] INFO - HTTP Request: POST https://jeniya.cn/v1/chat/completions "HTTP/1.1 200 OK"
[2026-06-13 00:03:24,563] INFO - HTTP Request: POST https://jeniya.cn/v1/chat/completions "HTTP/1.1 200 OK"
[2026-06-13 00:03:24,952] INFO - HTTP Request: POST https://jeniya.cn/v1/chat/completions "HTTP/1.1 200 OK"
[2026-06-13 00:03:25,311] INFO - Retrying request to /chat/completions in 0.448753 seconds
[2026-06-13 00:03:25,810] INFO - HTTP Request: POST https://jeniya.cn/v1/chat/completions "HTTP/1.1 200 OK"
[2026-06-13 00:03:26,831] INFO - HTTP Request: POST https://jeniya.cn/v1/chat/completions "HTTP/1.1 200 OK"
[2026-06-13 00:03:28,672] INFO - HTTP Request: POST https://jeniya.cn/v1/chat/completions "HTTP/1.1 200 OK"
[2026-06-13 00:03:29,433] INFO - HTTP Request: POST https://jeniya.cn/v1/chat/completions "HTTP/1.1 200 OK"
[2026-06-13 00:03:30,730] INFO - HTTP Request: POST https://jeniya.cn/v1/chat/completions "HTTP/1.1 200 OK"
[2026-06-13 00:03:31,622] INFO - HTTP Request: POST https://jeniya.cn/v1/chat/completions "HTTP/1.1 200 OK"
[2026-06-13 00:03:32,918] INFO - HTTP Request: POST https://jeniya.cn/v1/chat/completions "HTTP/1.1 200 OK"
[2026-06-13 00:03:33,720] INFO - HTTP Request: POST https://jeniya.cn/v1/chat/completions "HTTP/1.1 200 OK"
[2026-06-13 00:03:35,567] INFO - HTTP Request: POST https://jeniya.cn/v1/chat/completions "HTTP/1.1 200 OK"
[2026-06-13 00:03:35,693] INFO - HTTP Request: POST https://jeniya.cn/v1/chat/completions "HTTP/1.1 200 OK"
[2026-06-13 00:03:36,470] INFO - HTTP Request: POST https://jeniya.cn/v1/chat/completions "HTTP/1.1 200 OK"
[2026-06-13 00:03:37,880] INFO - HTTP Request: POST https://jeniya.cn/v1/chat/completions "HTTP/1.1 200 OK"
[2026-06-13 00:03:38,454] INFO - HTTP Request: POST https://jeniya.cn/v1/chat/completions "HTTP/1.1 200 OK"
[2026-06-13 00:03:38,507] INFO - HTTP Request: POST https://jeniya.cn/v1/chat/completions "HTTP/1.1 200 OK"
[2026-06-13 00:03:40,511] INFO - HTTP Request: POST https://jeniya.cn/v1/chat/completions "HTTP/1.1 200 OK"
[2026-06-13 00:03:41,146] INFO - HTTP Request: POST https://jeniya.cn/v1/chat/completions "HTTP/1.1 200 OK"
[2026-06-13 00:03:43,834] INFO - HTTP Request: POST https://jeniya.cn/v1/chat/completions "HTTP/1.1 200 OK"
[2026-06-13 00:03:47,618] INFO - HTTP Request: POST https://jeniya.cn/v1/chat/completions "HTTP/1.1 200 OK"
[2026-06-13 00:03:49,015] INFO - HTTP Request: POST https://jeniya.cn/v1/chat/completions "HTTP/1.1 200 OK"
[2026-06-13 00:03:49,977] INFO - HTTP Request: POST https://jeniya.cn/v1/chat/completions "HTTP/1.1 200 OK"
[2026-06-13 00:03:51,043] INFO - HTTP Request: POST https://jeniya.cn/v1/chat/completions "HTTP/1.1 200 OK"
[2026-06-13 00:03:52,053] INFO - HTTP Request: POST https://jeniya.cn/v1/chat/completions "HTTP/1.1 200 OK"
[2026-06-13 00:03:54,490] INFO - HTTP Request: POST https://jeniya.cn/v1/chat/completions "HTTP/1.1 200 OK"
[2026-06-13 00:03:57,437] INFO - HTTP Request: POST https://jeniya.cn/v1/chat/completions "HTTP/1.1 200 OK"
[2026-06-13 00:03:57,716] INFO - Retrying request to /chat/completions in 0.454316 seconds
[2026-06-13 00:03:58,351] INFO - HTTP Request: POST https://jeniya.cn/v1/chat/completions "HTTP/1.1 200 OK"
[2026-06-13 00:04:00,761] INFO - HTTP Request: POST https://jeniya.cn/v1/chat/completions "HTTP/1.1 200 OK"
[2026-06-13 00:04:02,305] INFO - HTTP Request: POST https://jeniya.cn/v1/chat/completions "HTTP/1.1 200 OK"
[2026-06-13 00:04:02,363] INFO - HTTP Request: POST https://jeniya.cn/v1/chat/completions "HTTP/1.1 200 OK"
[2026-06-13 00:04:03,513] INFO - HTTP Request: POST https://jeniya.cn/v1/chat/completions "HTTP/1.1 200 OK"
[2026-06-13 00:04:03,890] INFO - HTTP Request: POST https://jeniya.cn/v1/chat/completions "HTTP/1.1 200 OK"
[2026-06-13 00:04:07,104] INFO - HTTP Request: POST https://jeniya.cn/v1/chat/completions "HTTP/1.1 200 OK"
[2026-06-13 00:04:07,462] INFO - HTTP Request: POST https://jeniya.cn/v1/chat/completions "HTTP/1.1 200 OK"
[2026-06-13 00:04:12,686] INFO - HTTP Request: POST https://jeniya.cn/v1/chat/completions "HTTP/1.1 200 OK"
[2026-06-13 00:04:13,110] INFO - HTTP Request: POST https://jeniya.cn/v1/chat/completions "HTTP/1.1 200 OK"
[2026-06-13 00:04:13,592] INFO - HTTP Request: POST https://jeniya.cn/v1/chat/completions "HTTP/1.1 200 OK"
[2026-06-13 00:04:14,247] INFO - Retrying request to /chat/completions in 0.461857 seconds
[2026-06-13 00:04:14,332] INFO - HTTP Request: POST https://jeniya.cn/v1/chat/completions "HTTP/1.1 200 OK"
[2026-06-13 00:04:16,556] INFO - HTTP Request: POST https://jeniya.cn/v1/chat/completions "HTTP/1.1 200 OK"
[2026-06-13 00:04:17,020] INFO - HTTP Request: POST https://jeniya.cn/v1/chat/completions "HTTP/1.1 200 OK"
[2026-06-13 00:04:18,434] INFO - Retrying request to /chat/completions in 0.441092 seconds
[2026-06-13 00:04:19,596] INFO - HTTP Request: POST https://jeniya.cn/v1/chat/completions "HTTP/1.1 200 OK"
[2026-06-13 00:04:23,369] INFO - HTTP Request: POST https://jeniya.cn/v1/chat/completions "HTTP/1.1 200 OK"
[2026-06-13 00:04:24,045] INFO - HTTP Request: POST https://jeniya.cn/v1/chat/completions "HTTP/1.1 200 OK"
[2026-06-13 00:04:26,754] INFO - HTTP Request: POST https://jeniya.cn/v1/chat/completions "HTTP/1.1 200 OK"
[2026-06-13 00:04:26,850] INFO - HTTP Request: POST https://jeniya.cn/v1/chat/completions "HTTP/1.1 200 OK"
[2026-06-13 00:04:28,027] INFO - HTTP Request: POST https://jeniya.cn/v1/chat/completions "HTTP/1.1 200 OK"
[2026-06-13 00:04:31,811] INFO - HTTP Request: POST https://jeniya.cn/v1/chat/completions "HTTP/1.1 200 OK"
[2026-06-13 00:04:34,495] INFO - HTTP Request: POST https://jeniya.cn/v1/chat/completions "HTTP/1.1 200 OK"
[2026-06-13 00:04:35,652] INFO - HTTP Request: POST https://jeniya.cn/v1/chat/completions "HTTP/1.1 200 OK"
[2026-06-13 00:04:36,714] INFO - HTTP Request: POST https://jeniya.cn/v1/chat/completions "HTTP/1.1 200 OK"
[2026-06-13 00:04:36,957] INFO - HTTP Request: POST https://jeniya.cn/v1/chat/completions "HTTP/1.1 200 OK"
[2026-06-13 00:04:38,594] INFO - HTTP Request: POST https://jeniya.cn/v1/chat/completions "HTTP/1.1 200 OK"
[2026-06-13 00:04:41,335] INFO - HTTP Request: POST https://jeniya.cn/v1/chat/completions "HTTP/1.1 200 OK"
[2026-06-13 00:04:43,145] INFO - HTTP Request: POST https://jeniya.cn/v1/chat/completions "HTTP/1.1 200 OK"
[2026-06-13 00:04:47,734] INFO - HTTP Request: POST https://jeniya.cn/v1/chat/completions "HTTP/1.1 200 OK"
[2026-06-13 00:04:54,808] INFO - HTTP Request: POST https://jeniya.cn/v1/chat/completions "HTTP/1.1 200 OK"
[2026-06-13 00:04:56,974] INFO - HTTP Request: POST https://jeniya.cn/v1/chat/completions "HTTP/1.1 200 OK"
[2026-06-13 00:05:03,900] INFO - HTTP Request: POST https://jeniya.cn/v1/chat/completions "HTTP/1.1 200 OK"
[2026-06-13 00:05:04,175] INFO - HTTP Request: POST https://jeniya.cn/v1/chat/completions "HTTP/1.1 200 OK"
[2026-06-13 00:05:05,710] INFO - HTTP Request: POST https://jeniya.cn/v1/chat/completions "HTTP/1.1 200 OK"
[2026-06-13 00:05:06,116] INFO - HTTP Request: POST https://jeniya.cn/v1/chat/completions "HTTP/1.1 200 OK"
[2026-06-13 00:05:07,473] INFO - Retrying request to /chat/completions in 0.387829 seconds
[2026-06-13 00:05:07,909] INFO - HTTP Request: POST https://jeniya.cn/v1/chat/completions "HTTP/1.1 200 OK"
[2026-06-13 00:05:10,051] INFO - HTTP Request: POST https://jeniya.cn/v1/chat/completions "HTTP/1.1 200 OK"
[2026-06-13 00:05:11,943] INFO - HTTP Request: POST https://jeniya.cn/v1/chat/completions "HTTP/1.1 200 OK"
[2026-06-13 00:05:12,696] INFO - Retrying request to /chat/completions in 0.417283 seconds
[2026-06-13 00:05:13,471] INFO - HTTP Request: POST https://jeniya.cn/v1/chat/completions "HTTP/1.1 200 OK"
[2026-06-13 00:05:16,139] INFO - HTTP Request: POST https://jeniya.cn/v1/chat/completions "HTTP/1.1 200 OK"
[2026-06-13 00:05:16,563] INFO - Retrying request to /chat/completions in 0.454048 seconds
[2026-06-13 00:05:17,767] INFO - HTTP Request: POST https://jeniya.cn/v1/chat/completions "HTTP/1.1 200 OK"
[2026-06-13 00:05:18,171] INFO - HTTP Request: POST https://jeniya.cn/v1/chat/completions "HTTP/1.1 200 OK"
[2026-06-13 00:05:19,609] INFO - Retrying request to /chat/completions in 0.426090 seconds
[2026-06-13 00:05:21,837] INFO - HTTP Request: POST https://jeniya.cn/v1/chat/completions "HTTP/1.1 200 OK"
[2026-06-13 00:05:23,677] INFO - HTTP Request: POST https://jeniya.cn/v1/chat/completions "HTTP/1.1 200 OK"
[2026-06-13 00:05:23,725] INFO - HTTP Request: POST https://jeniya.cn/v1/chat/completions "HTTP/1.1 200 OK"
[2026-06-13 00:05:24,099] INFO - HTTP Request: POST https://jeniya.cn/v1/chat/completions "HTTP/1.1 200 OK"
[2026-06-13 00:05:24,279] INFO - HTTP Request: POST https://jeniya.cn/v1/chat/completions "HTTP/1.1 200 OK"
[2026-06-13 00:05:26,241] INFO - HTTP Request: POST https://jeniya.cn/v1/chat/completions "HTTP/1.1 200 OK"
[2026-06-13 00:05:27,069] INFO - HTTP Request: POST https://jeniya.cn/v1/chat/completions "HTTP/1.1 200 OK"
[2026-06-13 00:05:28,056] INFO - HTTP Request: POST https://jeniya.cn/v1/chat/completions "HTTP/1.1 200 OK"
[2026-06-13 00:05:30,553] INFO - HTTP Request: POST https://jeniya.cn/v1/chat/completions "HTTP/1.1 200 OK"
[2026-06-13 00:05:31,775] INFO - HTTP Request: POST https://jeniya.cn/v1/chat/completions "HTTP/1.1 200 OK"
[2026-06-13 00:05:32,088] INFO - HTTP Request: POST https://jeniya.cn/v1/chat/completions "HTTP/1.1 200 OK"
[2026-06-13 00:05:32,481] INFO - HTTP Request: POST https://jeniya.cn/v1/chat/completions "HTTP/1.1 200 OK"
[2026-06-13 00:05:33,449] INFO - HTTP Request: POST https://jeniya.cn/v1/chat/completions "HTTP/1.1 200 OK"
[2026-06-13 00:05:34,776] INFO - HTTP Request: POST https://jeniya.cn/v1/chat/completions "HTTP/1.1 200 OK"
[2026-06-13 00:05:34,788] INFO - HTTP Request: POST https://jeniya.cn/v1/chat/completions "HTTP/1.1 200 OK"
[2026-06-13 00:05:36,153] INFO - HTTP Request: POST https://jeniya.cn/v1/chat/completions "HTTP/1.1 200 OK"
[2026-06-13 00:05:36,771] INFO - HTTP Request: POST https://jeniya.cn/v1/chat/completions "HTTP/1.1 200 OK"
[2026-06-13 00:05:36,958] INFO - HTTP Request: POST https://jeniya.cn/v1/chat/completions "HTTP/1.1 200 OK"
[2026-06-13 00:05:36,960] INFO - Retrying request to /chat/completions in 0.429033 seconds
[2026-06-13 00:05:37,500] INFO - HTTP Request: POST https://jeniya.cn/v1/chat/completions "HTTP/1.1 200 OK"
[2026-06-13 00:05:37,950] INFO - HTTP Request: POST https://jeniya.cn/v1/chat/completions "HTTP/1.1 200 OK"
[2026-06-13 00:05:39,381] INFO - HTTP Request: POST https://jeniya.cn/v1/chat/completions "HTTP/1.1 200 OK"
[2026-06-13 00:05:39,676] INFO - HTTP Request: POST https://jeniya.cn/v1/chat/completions "HTTP/1.1 200 OK"
[2026-06-13 00:05:40,708] INFO - HTTP Request: POST https://jeniya.cn/v1/chat/completions "HTTP/1.1 200 OK"
[2026-06-13 00:05:42,710] INFO - HTTP Request: POST https://jeniya.cn/v1/chat/completions "HTTP/1.1 200 OK"
[2026-06-13 00:05:43,156] INFO - Retrying request to /chat/completions in 0.403919 seconds
[2026-06-13 00:05:44,227] INFO - HTTP Request: POST https://jeniya.cn/v1/chat/completions "HTTP/1.1 200 OK"
[2026-06-13 00:05:45,111] INFO - HTTP Request: POST https://jeniya.cn/v1/chat/completions "HTTP/1.1 200 OK"
[2026-06-13 00:05:46,227] INFO - HTTP Request: POST https://jeniya.cn/v1/chat/completions "HTTP/1.1 200 OK"
[2026-06-13 00:05:46,676] INFO - HTTP Request: POST https://jeniya.cn/v1/chat/completions "HTTP/1.1 200 OK"
[2026-06-13 00:05:47,843] INFO - HTTP Request: POST https://jeniya.cn/v1/chat/completions "HTTP/1.1 200 OK"
[2026-06-13 00:05:48,197] INFO - HTTP Request: POST https://jeniya.cn/v1/chat/completions "HTTP/1.1 200 OK"
[2026-06-13 00:05:48,461] INFO - HTTP Request: POST https://jeniya.cn/v1/chat/completions "HTTP/1.1 200 OK"
[2026-06-13 00:05:49,081] INFO - HTTP Request: POST https://jeniya.cn/v1/chat/completions "HTTP/1.1 200 OK"
[2026-06-13 00:05:51,835] INFO - HTTP Request: POST https://jeniya.cn/v1/chat/completions "HTTP/1.1 200 OK"
[2026-06-13 00:05:54,551] INFO - HTTP Request: POST https://jeniya.cn/v1/chat/completions "HTTP/1.1 200 OK"
[2026-06-13 00:05:54,951] INFO - HTTP Request: POST https://jeniya.cn/v1/chat/completions "HTTP/1.1 200 OK"
[2026-06-13 00:05:57,501] INFO - HTTP Request: POST https://jeniya.cn/v1/chat/completions "HTTP/1.1 200 OK"
[2026-06-13 00:06:00,271] INFO - HTTP Request: POST https://jeniya.cn/v1/chat/completions "HTTP/1.1 200 OK"
[2026-06-13 00:06:00,842] INFO - HTTP Request: POST https://jeniya.cn/v1/chat/completions "HTTP/1.1 200 OK"
[2026-06-13 00:06:02,744] INFO - HTTP Request: POST https://jeniya.cn/v1/chat/completions "HTTP/1.1 200 OK"
[2026-06-13 00:06:07,305] INFO - HTTP Request: POST https://jeniya.cn/v1/chat/completions "HTTP/1.1 200 OK"
[2026-06-13 00:06:07,924] INFO - HTTP Request: POST https://jeniya.cn/v1/chat/completions "HTTP/1.1 200 OK"
[2026-06-13 00:06:09,894] INFO - HTTP Request: POST https://jeniya.cn/v1/chat/completions "HTTP/1.1 200 OK"
[2026-06-13 00:06:11,388] INFO - HTTP Request: POST https://jeniya.cn/v1/chat/completions "HTTP/1.1 200 OK"
[2026-06-13 00:06:11,889] INFO - HTTP Request: POST https://jeniya.cn/v1/chat/completions "HTTP/1.1 200 OK"
[2026-06-13 00:06:15,522] INFO - HTTP Request: POST https://jeniya.cn/v1/chat/completions "HTTP/1.1 200 OK"
[2026-06-13 00:06:15,923] INFO - HTTP Request: POST https://jeniya.cn/v1/chat/completions "HTTP/1.1 200 OK"
[2026-06-13 00:06:23,740] INFO - Retrying request to /chat/completions in 0.404623 seconds
[2026-06-13 00:06:25,678] INFO - HTTP Request: POST https://jeniya.cn/v1/chat/completions "HTTP/1.1 200 OK"
[2026-06-13 00:06:28,071] INFO - Retrying request to /chat/completions in 0.413708 seconds
[2026-06-13 00:06:29,281] INFO - HTTP Request: POST https://jeniya.cn/v1/chat/completions "HTTP/1.1 200 OK"
[2026-06-13 00:06:32,446] INFO - HTTP Request: POST https://jeniya.cn/v1/chat/completions "HTTP/1.1 200 OK"
[2026-06-13 00:06:32,520] INFO - HTTP Request: POST https://jeniya.cn/v1/chat/completions "HTTP/1.1 200 OK"
[2026-06-13 00:06:33,721] INFO - HTTP Request: POST https://jeniya.cn/v1/chat/completions "HTTP/1.1 200 OK"
[2026-06-13 00:06:34,116] INFO - HTTP Request: POST https://jeniya.cn/v1/chat/completions "HTTP/1.1 200 OK"
[2026-06-13 00:06:34,880] INFO - HTTP Request: POST https://jeniya.cn/v1/chat/completions "HTTP/1.1 200 OK"
[2026-06-13 00:06:36,709] INFO - HTTP Request: POST https://jeniya.cn/v1/chat/completions "HTTP/1.1 200 OK"
[2026-06-13 00:06:37,870] INFO - HTTP Request: POST https://jeniya.cn/v1/chat/completions "HTTP/1.1 200 OK"
[2026-06-13 00:06:40,729] INFO - HTTP Request: POST https://jeniya.cn/v1/chat/completions "HTTP/1.1 200 OK"
[2026-06-13 00:06:41,135] INFO - HTTP Request: POST https://jeniya.cn/v1/chat/completions "HTTP/1.1 200 OK"
[2026-06-13 00:06:43,032] INFO - HTTP Request: POST https://jeniya.cn/v1/chat/completions "HTTP/1.1 200 OK"
[2026-06-13 00:06:43,570] INFO - HTTP Request: POST https://jeniya.cn/v1/chat/completions "HTTP/1.1 200 OK"
[2026-06-13 00:06:44,165] INFO - Retrying request to /chat/completions in 0.795100 seconds
[2026-06-13 00:06:47,783] INFO - HTTP Request: POST https://jeniya.cn/v1/chat/completions "HTTP/1.1 200 OK"
[2026-06-13 00:06:47,936] INFO - HTTP Request: POST https://jeniya.cn/v1/chat/completions "HTTP/1.1 200 OK"
[2026-06-13 00:06:49,285] INFO - HTTP Request: POST https://jeniya.cn/v1/chat/completions "HTTP/1.1 200 OK"
[2026-06-13 00:06:51,839] INFO - Retrying request to /chat/completions in 0.457495 seconds
[2026-06-13 00:06:52,222] INFO - HTTP Request: POST https://jeniya.cn/v1/chat/completions "HTTP/1.1 200 OK"
[2026-06-13 00:06:54,136] INFO - HTTP Request: POST https://jeniya.cn/v1/chat/completions "HTTP/1.1 200 OK"
[2026-06-13 00:06:54,258] INFO - HTTP Request: POST https://jeniya.cn/v1/chat/completions "HTTP/1.1 200 OK"
[2026-06-13 00:06:55,882] INFO - HTTP Request: POST https://jeniya.cn/v1/chat/completions "HTTP/1.1 200 OK"
[2026-06-13 00:06:55,975] INFO - HTTP Request: POST https://jeniya.cn/v1/chat/completions "HTTP/1.1 200 OK"
[2026-06-13 00:07:00,152] INFO - HTTP Request: POST https://jeniya.cn/v1/chat/completions "HTTP/1.1 200 OK"
[2026-06-13 00:07:01,482] INFO - HTTP Request: POST https://jeniya.cn/v1/chat/completions "HTTP/1.1 200 OK"
[2026-06-13 00:07:02,266] INFO - HTTP Request: POST https://jeniya.cn/v1/chat/completions "HTTP/1.1 200 OK"
[2026-06-13 00:07:02,657] INFO - HTTP Request: POST https://jeniya.cn/v1/chat/completions "HTTP/1.1 200 OK"
[2026-06-13 00:07:03,296] INFO - HTTP Request: POST https://jeniya.cn/v1/chat/completions "HTTP/1.1 200 OK"
[2026-06-13 00:07:04,183] INFO - HTTP Request: POST https://jeniya.cn/v1/chat/completions "HTTP/1.1 200 OK"
[2026-06-13 00:07:06,952] INFO - HTTP Request: POST https://jeniya.cn/v1/chat/completions "HTTP/1.1 200 OK"
[2026-06-13 00:07:07,311] INFO - Retrying request to /chat/completions in 0.463958 seconds
[2026-06-13 00:07:10,171] INFO - HTTP Request: POST https://jeniya.cn/v1/chat/completions "HTTP/1.1 200 OK"
[2026-06-13 00:07:11,107] INFO - HTTP Request: POST https://jeniya.cn/v1/chat/completions "HTTP/1.1 200 OK"
[2026-06-13 00:07:11,127] INFO - HTTP Request: POST https://jeniya.cn/v1/chat/completions "HTTP/1.1 200 OK"
[2026-06-13 00:07:11,896] INFO - Retrying request to /chat/completions in 0.496436 seconds
[2026-06-13 00:07:12,556] INFO - HTTP Request: POST https://jeniya.cn/v1/chat/completions "HTTP/1.1 200 OK"
[2026-06-13 00:07:12,851] INFO - HTTP Request: POST https://jeniya.cn/v1/chat/completions "HTTP/1.1 200 OK"
[2026-06-13 00:07:13,227] INFO - HTTP Request: POST https://jeniya.cn/v1/chat/completions "HTTP/1.1 200 OK"
[2026-06-13 00:07:15,347] INFO - HTTP Request: POST https://jeniya.cn/v1/chat/completions "HTTP/1.1 200 OK"
[2026-06-13 00:07:17,354] INFO - HTTP Request: POST https://jeniya.cn/v1/chat/completions "HTTP/1.1 200 OK"
[2026-06-13 00:07:17,887] INFO - HTTP Request: POST https://jeniya.cn/v1/chat/completions "HTTP/1.1 200 OK"
[2026-06-13 00:07:20,505] INFO - HTTP Request: POST https://jeniya.cn/v1/chat/completions "HTTP/1.1 200 OK"
[2026-06-13 00:07:25,735] INFO - HTTP Request: POST https://jeniya.cn/v1/chat/completions "HTTP/1.1 200 OK"
[2026-06-13 00:07:29,918] INFO - HTTP Request: POST https://jeniya.cn/v1/chat/completions "HTTP/1.1 200 OK"
[2026-06-13 00:07:34,459] INFO - HTTP Request: POST https://jeniya.cn/v1/chat/completions "HTTP/1.1 200 OK"
[2026-06-13 00:07:34,533] INFO - HTTP Request: POST https://jeniya.cn/v1/chat/completions "HTTP/1.1 200 OK"
[2026-06-13 00:07:36,425] INFO - HTTP Request: POST https://jeniya.cn/v1/chat/completions "HTTP/1.1 200 OK"
[2026-06-13 00:07:36,602] INFO - HTTP Request: POST https://jeniya.cn/v1/chat/completions "HTTP/1.1 200 OK"
[2026-06-13 00:07:36,837] INFO - HTTP Request: POST https://jeniya.cn/v1/chat/completions "HTTP/1.1 200 OK"
[2026-06-13 00:07:38,669] INFO - HTTP Request: POST https://jeniya.cn/v1/chat/completions "HTTP/1.1 200 OK"
[2026-06-13 00:07:39,785] INFO - HTTP Request: POST https://jeniya.cn/v1/chat/completions "HTTP/1.1 200 OK"
[2026-06-13 00:07:39,808] INFO - HTTP Request: POST https://jeniya.cn/v1/chat/completions "HTTP/1.1 200 OK"
[2026-06-13 00:07:42,368] INFO - HTTP Request: POST https://jeniya.cn/v1/chat/completions "HTTP/1.1 200 OK"
[2026-06-13 00:07:42,563] INFO - HTTP Request: POST https://jeniya.cn/v1/chat/completions "HTTP/1.1 200 OK"
[2026-06-13 00:07:43,038] INFO - Retrying request to /chat/completions in 0.454752 seconds
[2026-06-13 00:07:43,967] INFO - HTTP Request: POST https://jeniya.cn/v1/chat/completions "HTTP/1.1 200 OK"
[2026-06-13 00:07:47,624] INFO - HTTP Request: POST https://jeniya.cn/v1/chat/completions "HTTP/1.1 200 OK"
[2026-06-13 00:07:47,684] INFO - HTTP Request: POST https://jeniya.cn/v1/chat/completions "HTTP/1.1 200 OK"
[2026-06-13 00:07:47,785] INFO - Retrying request to /chat/completions in 0.441577 seconds
[2026-06-13 00:07:49,713] INFO - HTTP Request: POST https://jeniya.cn/v1/chat/completions "HTTP/1.1 200 OK"
[2026-06-13 00:07:50,062] INFO - HTTP Request: POST https://jeniya.cn/v1/chat/completions "HTTP/1.1 200 OK"
[2026-06-13 00:07:50,769] INFO - HTTP Request: POST https://jeniya.cn/v1/chat/completions "HTTP/1.1 200 OK"
[2026-06-13 00:07:51,453] INFO - HTTP Request: POST https://jeniya.cn/v1/chat/completions "HTTP/1.1 200 OK"
[2026-06-13 00:07:51,834] INFO - HTTP Request: POST https://jeniya.cn/v1/chat/completions "HTTP/1.1 200 OK"
[2026-06-13 00:07:52,001] INFO - HTTP Request: POST https://jeniya.cn/v1/chat/completions "HTTP/1.1 200 OK"
[2026-06-13 00:07:53,034] INFO - HTTP Request: POST https://jeniya.cn/v1/chat/completions "HTTP/1.1 200 OK"
[2026-06-13 00:07:54,647] INFO - HTTP Request: POST https://jeniya.cn/v1/chat/completions "HTTP/1.1 200 OK"
[2026-06-13 00:07:56,030] INFO - HTTP Request: POST https://jeniya.cn/v1/chat/completions "HTTP/1.1 200 OK"
[2026-06-13 00:08:00,063] INFO - HTTP Request: POST https://jeniya.cn/v1/chat/completions "HTTP/1.1 200 OK"
[2026-06-13 00:08:02,972] INFO - HTTP Request: POST https://jeniya.cn/v1/chat/completions "HTTP/1.1 200 OK"
[2026-06-13 00:08:03,306] INFO - Retrying request to /chat/completions in 0.393983 seconds
[2026-06-13 00:08:04,667] INFO - HTTP Request: POST https://jeniya.cn/v1/chat/completions "HTTP/1.1 200 OK"
[2026-06-13 00:08:05,035] INFO - HTTP Request: POST https://jeniya.cn/v1/chat/completions "HTTP/1.1 200 OK"
[2026-06-13 00:08:05,365] INFO - HTTP Request: POST https://jeniya.cn/v1/chat/completions "HTTP/1.1 200 OK"
[2026-06-13 00:08:06,603] INFO - HTTP Request: POST https://jeniya.cn/v1/chat/completions "HTTP/1.1 200 OK"
[2026-06-13 00:08:08,135] INFO - HTTP Request: POST https://jeniya.cn/v1/chat/completions "HTTP/1.1 200 OK"
[2026-06-13 00:08:09,594] INFO - HTTP Request: POST https://jeniya.cn/v1/chat/completions "HTTP/1.1 200 OK"
[2026-06-13 00:08:13,462] INFO - HTTP Request: POST https://jeniya.cn/v1/chat/completions "HTTP/1.1 200 OK"
[2026-06-13 00:08:14,200] INFO - HTTP Request: POST https://jeniya.cn/v1/chat/completions "HTTP/1.1 200 OK"
[2026-06-13 00:08:15,938] INFO - HTTP Request: POST https://jeniya.cn/v1/chat/completions "HTTP/1.1 200 OK"
[2026-06-13 00:08:15,957] INFO - HTTP Request: POST https://jeniya.cn/v1/chat/completions "HTTP/1.1 200 OK"
[2026-06-13 00:08:16,147] INFO - HTTP Request: POST https://jeniya.cn/v1/chat/completions "HTTP/1.1 200 OK"
[2026-06-13 00:08:17,079] INFO - HTTP Request: POST https://jeniya.cn/v1/chat/completions "HTTP/1.1 200 OK"
[2026-06-13 00:08:17,946] INFO - HTTP Request: POST https://jeniya.cn/v1/chat/completions "HTTP/1.1 200 OK"
[2026-06-13 00:08:18,044] INFO - HTTP Request: POST https://jeniya.cn/v1/chat/completions "HTTP/1.1 200 OK"
[2026-06-13 00:08:19,482] INFO - HTTP Request: POST https://jeniya.cn/v1/chat/completions "HTTP/1.1 200 OK"
[2026-06-13 00:08:19,906] INFO - HTTP Request: POST https://jeniya.cn/v1/chat/completions "HTTP/1.1 200 OK"
[2026-06-13 00:08:21,018] INFO - HTTP Request: POST https://jeniya.cn/v1/chat/completions "HTTP/1.1 200 OK"
[2026-06-13 00:08:21,054] INFO - HTTP Request: POST https://jeniya.cn/v1/chat/completions "HTTP/1.1 200 OK"
[2026-06-13 00:08:21,445] INFO - HTTP Request: POST https://jeniya.cn/v1/chat/completions "HTTP/1.1 200 OK"
[2026-06-13 00:08:21,805] INFO - HTTP Request: POST https://jeniya.cn/v1/chat/completions "HTTP/1.1 200 OK"
[2026-06-13 00:08:22,858] INFO - HTTP Request: POST https://jeniya.cn/v1/chat/completions "HTTP/1.1 200 OK"
[2026-06-13 00:08:23,923] INFO - HTTP Request: POST https://jeniya.cn/v1/chat/completions "HTTP/1.1 200 OK"
[2026-06-13 00:08:24,123] INFO - HTTP Request: POST https://jeniya.cn/v1/chat/completions "HTTP/1.1 200 OK"
[2026-06-13 00:08:24,739] INFO - HTTP Request: POST https://jeniya.cn/v1/chat/completions "HTTP/1.1 200 OK"
[2026-06-13 00:08:26,073] INFO - HTTP Request: POST https://jeniya.cn/v1/chat/completions "HTTP/1.1 200 OK"
[2026-06-13 00:08:31,359] INFO - HTTP Request: POST https://jeniya.cn/v1/chat/completions "HTTP/1.1 200 OK"
[2026-06-13 00:08:33,290] INFO - HTTP Request: POST https://jeniya.cn/v1/chat/completions "HTTP/1.1 200 OK"
[2026-06-13 00:08:43,980] INFO - Retrying request to /chat/completions in 0.411680 seconds
[2026-06-13 00:08:47,699] INFO - Retrying request to /chat/completions in 0.478960 seconds
[2026-06-13 00:08:52,842] INFO - HTTP Request: POST https://jeniya.cn/v1/chat/completions "HTTP/1.1 200 OK"
[2026-06-13 00:08:54,266] INFO - HTTP Request: POST https://jeniya.cn/v1/chat/completions "HTTP/1.1 200 OK"
[2026-06-13 00:08:59,387] INFO - Config loaded from D:\code\Subtitle-Translation-Tools\config.json
[2026-06-13 00:09:19,367] INFO - HTTP Request: POST https://jeniya.cn/v1/chat/completions "HTTP/1.1 200 OK"
[2026-06-13 00:09:19,835] INFO - 剧情背景分析完成（1945 字）:
【作品类型】  
剧情向成人游戏番（近亲相奸+猜谜游戏综艺式结构），基调为禁忌母子/姐弟调情与金钱刺激结合的“恩爱巨乳家族”类型。叙事结构为：开场自我介绍与规则说明→乳房触摸猜谜前戏→下体刺激与口交过渡→中出本番与惩罚游戏高潮，整体以“100万日元奖金+猜错即惩罚”的游戏框架推进，充满巨乳特写、近亲禁忌对话与逐步失控的性爱过程。

【场景分割】  
场景1（约0%～8%）：摄影棚中央｜谷あずさ（母）、里乃（姐）、步美（妹）、はじめ（子）、主持人甲田利宾｜全员自我介绍、巨乳参数公布、游戏规则说明（猜裸体归属可得100万日元）｜采访问答与宣传式对白，轻松带色情暗示。  
场景2（约8%～22%）：同一棚内｜全员｜脱衣后儿子蒙眼触摸三女G/H/H罩杯乳房，逐一称重、揉捏、用逗奶器刺激｜调情挑逗与前戏对白，儿子惊叹重量与弹性，三女以娇羞、兴奋、引导语气回应。  
场景3（约22%～35%）：棚内乳房区｜同上｜儿子近距离闻味、吸吮、比较三女乳头反应与声音提示，逐步锁定身份｜挑逗与口交式对白，混杂回忆童年吸奶与现时禁忌快感。  
场景4（约35%～48%）：棚内｜同上｜脱下眼罩、蒙眼亲吻游戏，三女轮流用舌头与乳房刺激儿子｜前戏升级，吻技与乳交对白，强调“家人却不知对方是谁”的刺激感。  
场景5（约48%～60%）：棚内下体区｜同上｜打开下半身面板，比较阴毛、阴蒂敏感度，用震动棒刺激三女小穴，记录不同反应｜前戏与本番过渡，呻吟增多，母女以“紧张却忍不住”的语气为主。  
场景6（约60%～72%）：棚内｜同上｜儿子肉棒插入三女小穴（戴套与否交替），三女轮流骑乘与后入，儿子凭紧致度与声音猜测｜本番阶段，呻吟为主，混杂“妈妈最紧”“处女般紧”等对话。  
场景7（约72%～85%）：棚内｜同上｜最终判决与惩罚游戏：猜错即中出惩罚，三女排队接受儿子内射｜高潮本番，惩罚对白激烈，强调“必须中出才能拿奖金”。  
场景8（约85%～100%）：棚内｜同上｜事后清理、事后对话与最终确认｜事后聊天，母子姐弟恢复亲密称呼，混杂满足与禁忌后遗症的复杂语气。

【人物档案】  
谷あずさ（母，44岁，全职主妇，G杯）：温柔强势的“妈宝男制造者”，说话带成熟主妇腔，常自嘲“已经40多岁了”，口头禅包括“没事的”“好厉害呢”“妈妈看着你”。儿子叫她“妈妈”，她叫儿子“はじめ酱”“宝宝”。  
里乃（姐，25岁，H杯）：外向主动，带男友经验丰富，语气最色情开放，常说“够啦”“好主动地亲上来”，儿子叫她“姐姐”，她回应“哥哥”。  
步美（妹，H杯，初产）：最年轻拘谨，减肥中，声音尖细，初期抗拒强，后转为娇喘，口头禅“不要”“好害羞”。儿子叫她“妹妹”，她初期以“哥哥”回应，后因紧张多用短促喘息。  
はじめ（子，22岁，大学生）：表面纯良实为重度妈宝与奶星人，口头禅“最喜欢了”“好厉害”“我就是妈宝男”。三女统称他“儿子”“哥哥”“はじめちゃん”。  
主持人甲田利宾：中立解说，负责推进游戏，称呼全员为“各位”“儿子”。

【语气与文体】  
母亲：初期端庄，后转为沉浸式母爱与性爱混合，呻吟低沉绵长，对白比例从60%降至20%。  
姐姐：全程主动挑逗，语气淫荡直接，呻吟高亢，对白与呻吟比例维持3:7。  
妹妹：拘谨→放开→沉浸，初期抗拒句多，后期纯呻吟，对白从70%降至10%。  
儿子：兴奋惊讶为主，语气从礼貌到彻底失控，呻吟极少，对白以感叹与猜测为主。  
整体：前半对白密集（介绍、猜测、提示），后半呻吟主导；采访式解说与本番呻吟需严格区分。

【统一用语表】  
- 母亲固定称“妈妈”“谷あずさ”。  
- 姐姐固定称“姐姐”“里乃”。  
- 妹妹固定称“妹妹”“步美”“阿由美”。  
- 儿子固定称“儿子”“はじめ”“はじめちゃん”“哥哥”。  
- 奖金固定为“100万日元”“100万块”。  
- 乳房统一称“奶子”“巨乳”“G罩杯/H罩杯”。  
- 小穴统一称“小穴”“嫩穴”“这里”。  
- 游戏规则关键词：“猜中”“惩罚游戏”“内射”“中出”。

【易错提醒】  
- 人称指代：大量“这个”“那边”“A/B/C”需结合上下文判断对应人物，避免混淆三女。  
- 语气强度：妹妹“不要”多为娇嗔而非真拒；母亲“真的不行”实为欲拒还迎。  
- 前后呼应：童年吸奶回忆与现时口交需呼应；“好久没做了”仅母亲线出现，不可误用于姐妹。  
- 采访与本番混淆：主持人解说句与三女呻吟句不可混用语气；蒙眼阶段所有“声音”“反应”均为提示，不可当作真实身份确认。  
- 百分比位置：所有“现在”“刚才”需严格对应场景百分比区间，避免跨场景指代错误。
[2026-06-13 00:09:21,793] INFO - HTTP Request: POST https://jeniya.cn/v1/chat/completions "HTTP/1.1 200 OK"
[2026-06-13 00:09:22,816] INFO - HTTP Request: POST https://jeniya.cn/v1/chat/completions "HTTP/1.1 200 OK"
[2026-06-13 00:09:24,667] INFO - HTTP Request: POST https://jeniya.cn/v1/chat/completions "HTTP/1.1 200 OK"
[2026-06-13 00:09:25,128] INFO - HTTP Request: POST https://jeniya.cn/v1/chat/completions "HTTP/1.1 200 OK"
[2026-06-13 00:09:25,436] INFO - HTTP Request: POST https://jeniya.cn/v1/chat/completions "HTTP/1.1 200 OK"
[2026-06-13 00:09:25,533] INFO - HTTP Request: POST https://jeniya.cn/v1/chat/completions "HTTP/1.1 200 OK"
[2026-06-13 00:09:26,558] INFO - HTTP Request: POST https://jeniya.cn/v1/chat/completions "HTTP/1.1 200 OK"
[2026-06-13 00:09:26,914] INFO - HTTP Request: POST https://jeniya.cn/v1/chat/completions "HTTP/1.1 200 OK"
[2026-06-13 00:09:27,856] INFO - HTTP Request: POST https://jeniya.cn/v1/chat/completions "HTTP/1.1 200 OK"
[2026-06-13 00:09:27,878] INFO - HTTP Request: POST https://jeniya.cn/v1/chat/completions "HTTP/1.1 200 OK"
[2026-06-13 00:09:28,331] INFO - HTTP Request: POST https://jeniya.cn/v1/chat/completions "HTTP/1.1 200 OK"
[2026-06-13 00:09:30,023] INFO - HTTP Request: POST https://jeniya.cn/v1/chat/completions "HTTP/1.1 200 OK"
[2026-06-13 00:09:34,826] INFO - HTTP Request: POST https://jeniya.cn/v1/chat/completions "HTTP/1.1 200 OK"
[2026-06-13 00:09:36,085] INFO - HTTP Request: POST https://jeniya.cn/v1/chat/completions "HTTP/1.1 200 OK"
[2026-06-13 00:09:36,633] INFO - HTTP Request: POST https://jeniya.cn/v1/chat/completions "HTTP/1.1 200 OK"
[2026-06-13 00:09:37,507] INFO - HTTP Request: POST https://jeniya.cn/v1/chat/completions "HTTP/1.1 200 OK"
[2026-06-13 00:09:41,081] INFO - HTTP Request: POST https://jeniya.cn/v1/chat/completions "HTTP/1.1 200 OK"
[2026-06-13 00:09:42,904] INFO - HTTP Request: POST https://jeniya.cn/v1/chat/completions "HTTP/1.1 200 OK"
[2026-06-13 00:09:42,976] INFO - HTTP Request: POST https://jeniya.cn/v1/chat/completions "HTTP/1.1 200 OK"
[2026-06-13 00:09:43,839] INFO - HTTP Request: POST https://jeniya.cn/v1/chat/completions "HTTP/1.1 200 OK"
[2026-06-13 00:09:43,911] INFO - HTTP Request: POST https://jeniya.cn/v1/chat/completions "HTTP/1.1 200 OK"
[2026-06-13 00:09:45,113] INFO - HTTP Request: POST https://jeniya.cn/v1/chat/completions "HTTP/1.1 200 OK"
[2026-06-13 00:09:45,662] INFO - HTTP Request: POST https://jeniya.cn/v1/chat/completions "HTTP/1.1 200 OK"
[2026-06-13 00:09:45,666] INFO - HTTP Request: POST https://jeniya.cn/v1/chat/completions "HTTP/1.1 200 OK"
[2026-06-13 00:09:46,906] INFO - HTTP Request: POST https://jeniya.cn/v1/chat/completions "HTTP/1.1 200 OK"
[2026-06-13 00:09:49,013] INFO - HTTP Request: POST https://jeniya.cn/v1/chat/completions "HTTP/1.1 200 OK"
[2026-06-13 00:09:55,111] INFO - HTTP Request: POST https://jeniya.cn/v1/chat/completions "HTTP/1.1 200 OK"
[2026-06-13 00:09:56,940] INFO - HTTP Request: POST https://jeniya.cn/v1/chat/completions "HTTP/1.1 200 OK"
[2026-06-13 00:09:57,966] INFO - HTTP Request: POST https://jeniya.cn/v1/chat/completions "HTTP/1.1 200 OK"
[2026-06-13 00:10:01,396] INFO - HTTP Request: POST https://jeniya.cn/v1/chat/completions "HTTP/1.1 200 OK"
[2026-06-13 00:10:03,452] INFO - HTTP Request: POST https://jeniya.cn/v1/chat/completions "HTTP/1.1 200 OK"
[2026-06-13 00:10:04,422] INFO - HTTP Request: POST https://jeniya.cn/v1/chat/completions "HTTP/1.1 200 OK"
[2026-06-13 00:10:05,524] INFO - HTTP Request: POST https://jeniya.cn/v1/chat/completions "HTTP/1.1 200 OK"
[2026-06-13 00:10:10,104] INFO - HTTP Request: POST https://jeniya.cn/v1/chat/completions "HTTP/1.1 200 OK"
[2026-06-13 00:10:10,211] INFO - HTTP Request: POST https://jeniya.cn/v1/chat/completions "HTTP/1.1 200 OK"
[2026-06-13 00:10:14,492] INFO - HTTP Request: POST https://jeniya.cn/v1/chat/completions "HTTP/1.1 200 OK"
[2026-06-13 00:10:14,614] INFO - HTTP Request: POST https://jeniya.cn/v1/chat/completions "HTTP/1.1 200 OK"
[2026-06-13 00:10:17,252] INFO - HTTP Request: POST https://jeniya.cn/v1/chat/completions "HTTP/1.1 200 OK"
[2026-06-13 00:10:22,477] INFO - HTTP Request: POST https://jeniya.cn/v1/chat/completions "HTTP/1.1 200 OK"
[2026-06-13 00:10:23,483] INFO - HTTP Request: POST https://jeniya.cn/v1/chat/completions "HTTP/1.1 200 OK"
[2026-06-13 00:10:24,675] INFO - HTTP Request: POST https://jeniya.cn/v1/chat/completions "HTTP/1.1 200 OK"
[2026-06-13 00:10:25,914] INFO - HTTP Request: POST https://jeniya.cn/v1/chat/completions "HTTP/1.1 200 OK"
[2026-06-13 00:10:28,861] INFO - HTTP Request: POST https://jeniya.cn/v1/chat/completions "HTTP/1.1 200 OK"
[2026-06-13 00:10:29,274] INFO - HTTP Request: POST https://jeniya.cn/v1/chat/completions "HTTP/1.1 200 OK"
[2026-06-13 00:10:31,626] INFO - HTTP Request: POST https://jeniya.cn/v1/chat/completions "HTTP/1.1 200 OK"
[2026-06-13 00:10:37,018] INFO - HTTP Request: POST https://jeniya.cn/v1/chat/completions "HTTP/1.1 200 OK"
[2026-06-13 00:10:40,244] INFO - HTTP Request: POST https://jeniya.cn/v1/chat/completions "HTTP/1.1 200 OK"
[2026-06-13 00:10:45,080] INFO - HTTP Request: POST https://jeniya.cn/v1/chat/completions "HTTP/1.1 200 OK"
[2026-06-13 00:10:45,118] INFO - Retrying request to /chat/completions in 0.470965 seconds
[2026-06-13 00:10:45,801] INFO - HTTP Request: POST https://jeniya.cn/v1/chat/completions "HTTP/1.1 200 OK"
[2026-06-13 00:10:47,234] INFO - HTTP Request: POST https://jeniya.cn/v1/chat/completions "HTTP/1.1 200 OK"
[2026-06-13 00:10:50,859] INFO - HTTP Request: POST https://jeniya.cn/v1/chat/completions "HTTP/1.1 200 OK"
[2026-06-13 00:10:54,901] INFO - HTTP Request: POST https://jeniya.cn/v1/chat/completions "HTTP/1.1 200 OK"
[2026-06-13 00:10:55,515] INFO - HTTP Request: POST https://jeniya.cn/v1/chat/completions "HTTP/1.1 200 OK"
[2026-06-13 00:10:56,450] INFO - HTTP Request: POST https://jeniya.cn/v1/chat/completions "HTTP/1.1 200 OK"
[2026-06-13 00:11:02,343] INFO - HTTP Request: POST https://jeniya.cn/v1/chat/completions "HTTP/1.1 200 OK"
[2026-06-13 00:11:04,690] INFO - HTTP Request: POST https://jeniya.cn/v1/chat/completions "HTTP/1.1 200 OK"
[2026-06-13 00:11:05,529] INFO - HTTP Request: POST https://jeniya.cn/v1/chat/completions "HTTP/1.1 200 OK"
[2026-06-13 00:11:08,889] INFO - HTTP Request: POST https://jeniya.cn/v1/chat/completions "HTTP/1.1 200 OK"
[2026-06-13 00:11:10,252] INFO - HTTP Request: POST https://jeniya.cn/v1/chat/completions "HTTP/1.1 200 OK"
[2026-06-13 00:11:12,553] INFO - HTTP Request: POST https://jeniya.cn/v1/chat/completions "HTTP/1.1 200 OK"
[2026-06-13 00:11:14,388] INFO - HTTP Request: POST https://jeniya.cn/v1/chat/completions "HTTP/1.1 200 OK"
[2026-06-13 00:11:22,482] INFO - Retrying request to /chat/completions in 0.451478 seconds
[2026-06-13 00:11:23,783] INFO - HTTP Request: POST https://jeniya.cn/v1/chat/completions "HTTP/1.1 200 OK"
[2026-06-13 00:11:26,733] INFO - HTTP Request: POST https://jeniya.cn/v1/chat/completions "HTTP/1.1 200 OK"
[2026-06-13 00:11:27,296] INFO - HTTP Request: POST https://jeniya.cn/v1/chat/completions "HTTP/1.1 200 OK"
[2026-06-13 00:11:28,204] INFO - HTTP Request: POST https://jeniya.cn/v1/chat/completions "HTTP/1.1 200 OK"
[2026-06-13 00:11:28,214] INFO - HTTP Request: POST https://jeniya.cn/v1/chat/completions "HTTP/1.1 200 OK"
[2026-06-13 00:11:31,021] INFO - HTTP Request: POST https://jeniya.cn/v1/chat/completions "HTTP/1.1 200 OK"
[2026-06-13 00:11:31,965] INFO - HTTP Request: POST https://jeniya.cn/v1/chat/completions "HTTP/1.1 200 OK"
[2026-06-13 00:11:36,159] INFO - HTTP Request: POST https://jeniya.cn/v1/chat/completions "HTTP/1.1 200 OK"
[2026-06-13 00:11:39,056] INFO - HTTP Request: POST https://jeniya.cn/v1/chat/completions "HTTP/1.1 200 OK"
[2026-06-13 00:11:39,070] INFO - HTTP Request: POST https://jeniya.cn/v1/chat/completions "HTTP/1.1 200 OK"
[2026-06-13 00:11:39,838] INFO - HTTP Request: POST https://jeniya.cn/v1/chat/completions "HTTP/1.1 200 OK"
[2026-06-13 00:11:43,412] INFO - HTTP Request: POST https://jeniya.cn/v1/chat/completions "HTTP/1.1 200 OK"
[2026-06-13 00:11:43,584] INFO - HTTP Request: POST https://jeniya.cn/v1/chat/completions "HTTP/1.1 200 OK"
[2026-06-13 00:11:46,221] INFO - Retrying request to /chat/completions in 0.953168 seconds
[2026-06-13 00:11:49,364] INFO - HTTP Request: POST https://jeniya.cn/v1/chat/completions "HTTP/1.1 200 OK"
[2026-06-13 00:11:59,008] INFO - HTTP Request: POST https://jeniya.cn/v1/chat/completions "HTTP/1.1 200 OK"
[2026-06-13 00:12:01,068] INFO - HTTP Request: POST https://jeniya.cn/v1/chat/completions "HTTP/1.1 200 OK"
[2026-06-13 00:12:01,358] INFO - HTTP Request: POST https://jeniya.cn/v1/chat/completions "HTTP/1.1 200 OK"
[2026-06-13 00:12:04,333] INFO - HTTP Request: POST https://jeniya.cn/v1/chat/completions "HTTP/1.1 200 OK"
[2026-06-13 00:12:04,638] INFO - HTTP Request: POST https://jeniya.cn/v1/chat/completions "HTTP/1.1 200 OK"
[2026-06-13 00:12:05,536] INFO - Retrying request to /chat/completions in 0.416961 seconds
[2026-06-13 00:12:09,907] INFO - HTTP Request: POST https://jeniya.cn/v1/chat/completions "HTTP/1.1 200 OK"
[2026-06-13 00:12:18,067] INFO - HTTP Request: POST https://jeniya.cn/v1/chat/completions "HTTP/1.1 200 OK"
[2026-06-13 00:12:18,365] INFO - HTTP Request: POST https://jeniya.cn/v1/chat/completions "HTTP/1.1 200 OK"
[2026-06-13 00:12:22,056] INFO - HTTP Request: POST https://jeniya.cn/v1/chat/completions "HTTP/1.1 200 OK"
[2026-06-13 00:12:23,588] INFO - Retrying request to /chat/completions in 0.893016 seconds
[2026-06-13 00:12:24,184] INFO - HTTP Request: POST https://jeniya.cn/v1/chat/completions "HTTP/1.1 200 OK"
[2026-06-13 00:12:26,592] INFO - HTTP Request: POST https://jeniya.cn/v1/chat/completions "HTTP/1.1 200 OK"
[2026-06-13 00:12:26,785] INFO - HTTP Request: POST https://jeniya.cn/v1/chat/completions "HTTP/1.1 200 OK"
[2026-06-13 00:12:29,959] INFO - HTTP Request: POST https://jeniya.cn/v1/chat/completions "HTTP/1.1 200 OK"
[2026-06-13 00:12:37,856] INFO - HTTP Request: POST https://jeniya.cn/v1/chat/completions "HTTP/1.1 200 OK"
[2026-06-13 00:12:39,060] INFO - Retrying request to /chat/completions in 0.427452 seconds
[2026-06-13 00:12:41,413] INFO - HTTP Request: POST https://jeniya.cn/v1/chat/completions "HTTP/1.1 200 OK"
[2026-06-13 00:12:43,940] INFO - HTTP Request: POST https://jeniya.cn/v1/chat/completions "HTTP/1.1 200 OK"
[2026-06-13 00:12:44,776] INFO - HTTP Request: POST https://jeniya.cn/v1/chat/completions "HTTP/1.1 200 OK"
[2026-06-13 00:12:46,231] INFO - HTTP Request: POST https://jeniya.cn/v1/chat/completions "HTTP/1.1 200 OK"
[2026-06-13 00:12:46,476] INFO - HTTP Request: POST https://jeniya.cn/v1/chat/completions "HTTP/1.1 200 OK"
[2026-06-13 00:12:50,004] INFO - HTTP Request: POST https://jeniya.cn/v1/chat/completions "HTTP/1.1 200 OK"
[2026-06-13 00:12:51,620] INFO - HTTP Request: POST https://jeniya.cn/v1/chat/completions "HTTP/1.1 200 OK"
[2026-06-13 00:12:54,001] INFO - HTTP Request: POST https://jeniya.cn/v1/chat/completions "HTTP/1.1 200 OK"
[2026-06-13 00:13:04,078] INFO - HTTP Request: POST https://jeniya.cn/v1/chat/completions "HTTP/1.1 200 OK"
[2026-06-13 00:13:05,033] INFO - HTTP Request: POST https://jeniya.cn/v1/chat/completions "HTTP/1.1 200 OK"
[2026-06-13 00:13:09,919] INFO - Retrying request to /chat/completions in 0.416135 seconds
[2026-06-13 00:13:10,619] INFO - HTTP Request: POST https://jeniya.cn/v1/chat/completions "HTTP/1.1 200 OK"
[2026-06-13 00:13:11,154] INFO - HTTP Request: POST https://jeniya.cn/v1/chat/completions "HTTP/1.1 200 OK"
[2026-06-13 00:13:13,324] INFO - HTTP Request: POST https://jeniya.cn/v1/chat/completions "HTTP/1.1 200 OK"
[2026-06-13 00:13:14,321] INFO - HTTP Request: POST https://jeniya.cn/v1/chat/completions "HTTP/1.1 200 OK"
[2026-06-13 00:13:22,069] INFO - Retrying request to /chat/completions in 0.400780 seconds
[2026-06-13 00:13:24,593] INFO - HTTP Request: POST https://jeniya.cn/v1/chat/completions "HTTP/1.1 200 OK"
[2026-06-13 00:13:31,121] INFO - HTTP Request: POST https://jeniya.cn/v1/chat/completions "HTTP/1.1 200 OK"
[2026-06-13 00:13:32,281] INFO - HTTP Request: POST https://jeniya.cn/v1/chat/completions "HTTP/1.1 200 OK"
[2026-06-13 00:13:33,983] INFO - HTTP Request: POST https://jeniya.cn/v1/chat/completions "HTTP/1.1 200 OK"
[2026-06-13 00:13:35,906] INFO - HTTP Request: POST https://jeniya.cn/v1/chat/completions "HTTP/1.1 200 OK"
[2026-06-13 00:13:37,638] INFO - HTTP Request: POST https://jeniya.cn/v1/chat/completions "HTTP/1.1 200 OK"
[2026-06-13 00:13:42,353] INFO - HTTP Request: POST https://jeniya.cn/v1/chat/completions "HTTP/1.1 200 OK"
[2026-06-13 00:13:53,471] INFO - HTTP Request: POST https://jeniya.cn/v1/chat/completions "HTTP/1.1 200 OK"
[2026-06-13 00:13:55,108] INFO - HTTP Request: POST https://jeniya.cn/v1/chat/completions "HTTP/1.1 200 OK"
[2026-06-13 00:13:55,192] INFO - HTTP Request: POST https://jeniya.cn/v1/chat/completions "HTTP/1.1 200 OK"
[2026-06-13 00:13:57,717] INFO - HTTP Request: POST https://jeniya.cn/v1/chat/completions "HTTP/1.1 200 OK"
[2026-06-13 00:14:01,652] INFO - HTTP Request: POST https://jeniya.cn/v1/chat/completions "HTTP/1.1 200 OK"
[2026-06-13 00:14:02,420] INFO - HTTP Request: POST https://jeniya.cn/v1/chat/completions "HTTP/1.1 200 OK"
[2026-06-13 00:14:03,497] INFO - HTTP Request: POST https://jeniya.cn/v1/chat/completions "HTTP/1.1 200 OK"
[2026-06-13 00:14:03,500] INFO - HTTP Request: POST https://jeniya.cn/v1/chat/completions "HTTP/1.1 200 OK"
[2026-06-13 00:14:05,411] INFO - HTTP Request: POST https://jeniya.cn/v1/chat/completions "HTTP/1.1 200 OK"
[2026-06-13 00:14:11,120] INFO - Retrying request to /chat/completions in 0.981465 seconds
[2026-06-13 00:14:19,669] INFO - HTTP Request: POST https://jeniya.cn/v1/chat/completions "HTTP/1.1 200 OK"
[2026-06-13 00:14:23,440] INFO - Retrying request to /chat/completions in 0.761324 seconds
[2026-06-13 00:14:23,755] INFO - HTTP Request: POST https://jeniya.cn/v1/chat/completions "HTTP/1.1 200 OK"
[2026-06-13 00:14:35,919] INFO - Retrying request to /chat/completions in 0.487303 seconds
[2026-06-13 00:14:37,647] INFO - Retrying request to /chat/completions in 0.415262 seconds
[2026-06-13 00:14:38,025] INFO - HTTP Request: POST https://jeniya.cn/v1/chat/completions "HTTP/1.1 200 OK"
[2026-06-13 00:14:39,190] INFO - HTTP Request: POST https://jeniya.cn/v1/chat/completions "HTTP/1.1 200 OK"
[2026-06-13 00:14:48,416] INFO - HTTP Request: POST https://jeniya.cn/v1/chat/completions "HTTP/1.1 200 OK"
[2026-06-13 00:14:49,421] INFO - HTTP Request: POST https://jeniya.cn/v1/chat/completions "HTTP/1.1 200 OK"
[2026-06-13 00:14:56,335] INFO - HTTP Request: POST https://jeniya.cn/v1/chat/completions "HTTP/1.1 200 OK"
[2026-06-13 00:14:57,777] INFO - HTTP Request: POST https://jeniya.cn/v1/chat/completions "HTTP/1.1 200 OK"
[2026-06-13 00:15:12,414] INFO - HTTP Request: POST https://jeniya.cn/v1/chat/completions "HTTP/1.1 200 OK"
[2026-06-13 00:15:13,796] INFO - HTTP Request: POST https://jeniya.cn/v1/chat/completions "HTTP/1.1 200 OK"
[2026-06-13 00:15:16,413] INFO - HTTP Request: POST https://jeniya.cn/v1/chat/completions "HTTP/1.1 200 OK"
[2026-06-13 00:15:18,991] INFO - HTTP Request: POST https://jeniya.cn/v1/chat/completions "HTTP/1.1 200 OK"
[2026-06-13 00:15:19,458] INFO - HTTP Request: POST https://jeniya.cn/v1/chat/completions "HTTP/1.1 200 OK"
[2026-06-13 00:15:23,346] INFO - HTTP Request: POST https://jeniya.cn/v1/chat/completions "HTTP/1.1 200 OK"
[2026-06-13 00:15:26,891] INFO - HTTP Request: POST https://jeniya.cn/v1/chat/completions "HTTP/1.1 200 OK"
[2026-06-13 00:15:31,852] INFO - HTTP Request: POST https://jeniya.cn/v1/chat/completions "HTTP/1.1 200 OK"
[2026-06-13 00:15:37,150] INFO - Retrying request to /chat/completions in 0.975136 seconds
[2026-06-13 00:15:39,811] INFO - HTTP Request: POST https://jeniya.cn/v1/chat/completions "HTTP/1.1 200 OK"
[2026-06-13 00:15:43,275] INFO - HTTP Request: POST https://jeniya.cn/v1/chat/completions "HTTP/1.1 200 OK"
[2026-06-13 00:15:44,717] INFO - HTTP Request: POST https://jeniya.cn/v1/chat/completions "HTTP/1.1 200 OK"
[2026-06-13 00:15:47,299] INFO - HTTP Request: POST https://jeniya.cn/v1/chat/completions "HTTP/1.1 200 OK"
[2026-06-13 00:15:48,746] INFO - HTTP Request: POST https://jeniya.cn/v1/chat/completions "HTTP/1.1 200 OK"
[2026-06-13 00:15:51,695] INFO - HTTP Request: POST https://jeniya.cn/v1/chat/completions "HTTP/1.1 200 OK"
[2026-06-13 00:15:54,346] INFO - HTTP Request: POST https://jeniya.cn/v1/chat/completions "HTTP/1.1 200 OK"
[2026-06-13 00:15:57,794] INFO - Retrying request to /chat/completions in 0.477047 seconds
[2026-06-13 00:15:58,137] INFO - HTTP Request: POST https://jeniya.cn/v1/chat/completions "HTTP/1.1 200 OK"
[2026-06-13 00:16:04,264] INFO - HTTP Request: POST https://jeniya.cn/v1/chat/completions "HTTP/1.1 200 OK"
[2026-06-13 00:16:05,012] INFO - HTTP Request: POST https://jeniya.cn/v1/chat/completions "HTTP/1.1 200 OK"
[2026-06-13 00:16:06,026] INFO - HTTP Request: POST https://jeniya.cn/v1/chat/completions "HTTP/1.1 200 OK"
[2026-06-13 00:16:06,594] INFO - HTTP Request: POST https://jeniya.cn/v1/chat/completions "HTTP/1.1 200 OK"
[2026-06-13 00:16:08,280] INFO - HTTP Request: POST https://jeniya.cn/v1/chat/completions "HTTP/1.1 200 OK"
[2026-06-13 00:16:10,360] INFO - HTTP Request: POST https://jeniya.cn/v1/chat/completions "HTTP/1.1 200 OK"
[2026-06-13 00:16:12,430] INFO - HTTP Request: POST https://jeniya.cn/v1/chat/completions "HTTP/1.1 200 OK"
[2026-06-13 00:16:14,479] INFO - HTTP Request: POST https://jeniya.cn/v1/chat/completions "HTTP/1.1 200 OK"
[2026-06-13 00:16:14,864] INFO - HTTP Request: POST https://jeniya.cn/v1/chat/completions "HTTP/1.1 200 OK"
[2026-06-13 00:16:17,300] INFO - HTTP Request: POST https://jeniya.cn/v1/chat/completions "HTTP/1.1 200 OK"
[2026-06-13 00:16:22,586] INFO - HTTP Request: POST https://jeniya.cn/v1/chat/completions "HTTP/1.1 200 OK"
[2026-06-13 00:16:23,103] INFO - HTTP Request: POST https://jeniya.cn/v1/chat/completions "HTTP/1.1 200 OK"
[2026-06-13 00:16:25,124] INFO - HTTP Request: POST https://jeniya.cn/v1/chat/completions "HTTP/1.1 200 OK"
[2026-06-13 00:16:26,904] INFO - Retrying request to /chat/completions in 0.485828 seconds
[2026-06-13 00:16:27,721] INFO - HTTP Request: POST https://jeniya.cn/v1/chat/completions "HTTP/1.1 200 OK"
[2026-06-13 00:16:28,723] INFO - HTTP Request: POST https://jeniya.cn/v1/chat/completions "HTTP/1.1 200 OK"
[2026-06-13 00:16:29,521] INFO - HTTP Request: POST https://jeniya.cn/v1/chat/completions "HTTP/1.1 200 OK"
[2026-06-13 00:16:36,533] INFO - HTTP Request: POST https://jeniya.cn/v1/chat/completions "HTTP/1.1 200 OK"
[2026-06-13 00:16:37,883] INFO - HTTP Request: POST https://jeniya.cn/v1/chat/completions "HTTP/1.1 200 OK"
[2026-06-13 00:16:39,599] INFO - HTTP Request: POST https://jeniya.cn/v1/chat/completions "HTTP/1.1 200 OK"
[2026-06-13 00:16:40,744] INFO - HTTP Request: POST https://jeniya.cn/v1/chat/completions "HTTP/1.1 200 OK"
[2026-06-13 00:16:44,436] INFO - HTTP Request: POST https://jeniya.cn/v1/chat/completions "HTTP/1.1 200 OK"
[2026-06-13 00:16:44,839] INFO - HTTP Request: POST https://jeniya.cn/v1/chat/completions "HTTP/1.1 200 OK"
[2026-06-13 00:16:46,281] INFO - HTTP Request: POST https://jeniya.cn/v1/chat/completions "HTTP/1.1 200 OK"
[2026-06-13 00:16:49,045] INFO - HTTP Request: POST https://jeniya.cn/v1/chat/completions "HTTP/1.1 200 OK"
[2026-06-13 00:16:51,048] INFO - HTTP Request: POST https://jeniya.cn/v1/chat/completions "HTTP/1.1 200 OK"
[2026-06-13 00:16:53,362] INFO - HTTP Request: POST https://jeniya.cn/v1/chat/completions "HTTP/1.1 200 OK"
[2026-06-13 00:16:54,159] INFO - HTTP Request: POST https://jeniya.cn/v1/chat/completions "HTTP/1.1 200 OK"
[2026-06-13 00:16:57,920] INFO - HTTP Request: POST https://jeniya.cn/v1/chat/completions "HTTP/1.1 200 OK"
[2026-06-13 00:16:58,628] INFO - HTTP Request: POST https://jeniya.cn/v1/chat/completions "HTTP/1.1 200 OK"
[2026-06-13 00:17:00,311] INFO - HTTP Request: POST https://jeniya.cn/v1/chat/completions "HTTP/1.1 200 OK"
[2026-06-13 00:17:01,044] INFO - HTTP Request: POST https://jeniya.cn/v1/chat/completions "HTTP/1.1 200 OK"
[2026-06-13 00:17:04,870] INFO - HTTP Request: POST https://jeniya.cn/v1/chat/completions "HTTP/1.1 200 OK"
[2026-06-13 00:17:05,196] INFO - HTTP Request: POST https://jeniya.cn/v1/chat/completions "HTTP/1.1 200 OK"
[2026-06-13 00:17:05,531] INFO - HTTP Request: POST https://jeniya.cn/v1/chat/completions "HTTP/1.1 200 OK"
[2026-06-13 00:17:15,300] INFO - HTTP Request: POST https://jeniya.cn/v1/chat/completions "HTTP/1.1 200 OK"
[2026-06-13 00:17:15,558] INFO - HTTP Request: POST https://jeniya.cn/v1/chat/completions "HTTP/1.1 200 OK"
[2026-06-13 00:17:20,690] INFO - HTTP Request: POST https://jeniya.cn/v1/chat/completions "HTTP/1.1 200 OK"
[2026-06-13 00:17:24,170] INFO - HTTP Request: POST https://jeniya.cn/v1/chat/completions "HTTP/1.1 200 OK"
[2026-06-13 00:17:24,580] INFO - HTTP Request: POST https://jeniya.cn/v1/chat/completions "HTTP/1.1 200 OK"
[2026-06-13 00:17:24,735] INFO - HTTP Request: POST https://jeniya.cn/v1/chat/completions "HTTP/1.1 200 OK"
[2026-06-13 00:17:27,913] INFO - HTTP Request: POST https://jeniya.cn/v1/chat/completions "HTTP/1.1 200 OK"
[2026-06-13 00:17:31,839] INFO - HTTP Request: POST https://jeniya.cn/v1/chat/completions "HTTP/1.1 200 OK"
[2026-06-13 00:17:32,540] INFO - HTTP Request: POST https://jeniya.cn/v1/chat/completions "HTTP/1.1 200 OK"
[2026-06-13 00:17:41,860] INFO - HTTP Request: POST https://jeniya.cn/v1/chat/completions "HTTP/1.1 200 OK"
[2026-06-13 00:17:42,576] INFO - HTTP Request: POST https://jeniya.cn/v1/chat/completions "HTTP/1.1 200 OK"
[2026-06-13 00:17:43,490] INFO - HTTP Request: POST https://jeniya.cn/v1/chat/completions "HTTP/1.1 200 OK"
[2026-06-13 00:17:44,088] INFO - HTTP Request: POST https://jeniya.cn/v1/chat/completions "HTTP/1.1 200 OK"
[2026-06-13 00:17:44,846] INFO - Retrying request to /chat/completions in 0.463037 seconds
[2026-06-13 00:17:49,057] INFO - Retrying request to /chat/completions in 0.489073 seconds
[2026-06-13 00:17:49,558] INFO - HTTP Request: POST https://jeniya.cn/v1/chat/completions "HTTP/1.1 200 OK"
[2026-06-13 00:17:52,800] INFO - HTTP Request: POST https://jeniya.cn/v1/chat/completions "HTTP/1.1 200 OK"
[2026-06-13 00:17:53,089] INFO - HTTP Request: POST https://jeniya.cn/v1/chat/completions "HTTP/1.1 200 OK"
[2026-06-13 00:17:55,589] INFO - HTTP Request: POST https://jeniya.cn/v1/chat/completions "HTTP/1.1 200 OK"
[2026-06-13 00:17:57,086] INFO - HTTP Request: POST https://jeniya.cn/v1/chat/completions "HTTP/1.1 200 OK"
[2026-06-13 00:17:59,705] INFO - HTTP Request: POST https://jeniya.cn/v1/chat/completions "HTTP/1.1 200 OK"
[2026-06-13 00:18:00,765] INFO - HTTP Request: POST https://jeniya.cn/v1/chat/completions "HTTP/1.1 200 OK"
[2026-06-13 00:18:01,035] INFO - HTTP Request: POST https://jeniya.cn/v1/chat/completions "HTTP/1.1 200 OK"
[2026-06-13 00:18:01,478] INFO - HTTP Request: POST https://jeniya.cn/v1/chat/completions "HTTP/1.1 200 OK"
[2026-06-13 00:18:03,373] INFO - HTTP Request: POST https://jeniya.cn/v1/chat/completions "HTTP/1.1 200 OK"
[2026-06-13 00:18:03,727] INFO - HTTP Request: POST https://jeniya.cn/v1/chat/completions "HTTP/1.1 200 OK"
[2026-06-13 00:18:04,690] INFO - HTTP Request: POST https://jeniya.cn/v1/chat/completions "HTTP/1.1 200 OK"
[2026-06-13 00:18:06,235] INFO - HTTP Request: POST https://jeniya.cn/v1/chat/completions "HTTP/1.1 200 OK"
[2026-06-13 00:18:06,617] INFO - HTTP Request: POST https://jeniya.cn/v1/chat/completions "HTTP/1.1 200 OK"
[2026-06-13 00:18:06,658] INFO - HTTP Request: POST https://jeniya.cn/v1/chat/completions "HTTP/1.1 200 OK"
[2026-06-13 00:18:13,004] INFO - HTTP Request: POST https://jeniya.cn/v1/chat/completions "HTTP/1.1 200 OK"
[2026-06-13 00:18:15,183] INFO - HTTP Request: POST https://jeniya.cn/v1/chat/completions "HTTP/1.1 200 OK"
[2026-06-13 00:18:18,615] INFO - HTTP Request: POST https://jeniya.cn/v1/chat/completions "HTTP/1.1 200 OK"
[2026-06-13 00:18:18,799] INFO - HTTP Request: POST https://jeniya.cn/v1/chat/completions "HTTP/1.1 200 OK"
[2026-06-13 00:18:20,448] INFO - HTTP Request: POST https://jeniya.cn/v1/chat/completions "HTTP/1.1 200 OK"
[2026-06-13 00:18:20,994] INFO - HTTP Request: POST https://jeniya.cn/v1/chat/completions "HTTP/1.1 200 OK"
[2026-06-13 00:18:22,377] INFO - HTTP Request: POST https://jeniya.cn/v1/chat/completions "HTTP/1.1 200 OK"
[2026-06-13 00:18:23,474] INFO - HTTP Request: POST https://jeniya.cn/v1/chat/completions "HTTP/1.1 200 OK"
[2026-06-13 00:18:23,501] INFO - HTTP Request: POST https://jeniya.cn/v1/chat/completions "HTTP/1.1 200 OK"
[2026-06-13 00:18:23,531] INFO - HTTP Request: POST https://jeniya.cn/v1/chat/completions "HTTP/1.1 200 OK"
[2026-06-13 00:18:24,143] INFO - HTTP Request: POST https://jeniya.cn/v1/chat/completions "HTTP/1.1 200 OK"
[2026-06-13 00:18:25,249] INFO - HTTP Request: POST https://jeniya.cn/v1/chat/completions "HTTP/1.1 200 OK"
[2026-06-13 00:18:25,327] INFO - HTTP Request: POST https://jeniya.cn/v1/chat/completions "HTTP/1.1 200 OK"
[2026-06-13 00:18:27,604] INFO - HTTP Request: POST https://jeniya.cn/v1/chat/completions "HTTP/1.1 200 OK"
[2026-06-13 00:18:29,443] INFO - HTTP Request: POST https://jeniya.cn/v1/chat/completions "HTTP/1.1 200 OK"
[2026-06-13 00:18:29,489] INFO - HTTP Request: POST https://jeniya.cn/v1/chat/completions "HTTP/1.1 200 OK"
[2026-06-13 00:18:30,444] INFO - HTTP Request: POST https://jeniya.cn/v1/chat/completions "HTTP/1.1 200 OK"
[2026-06-13 00:18:31,143] INFO - HTTP Request: POST https://jeniya.cn/v1/chat/completions "HTTP/1.1 200 OK"
[2026-06-13 00:18:31,423] INFO - HTTP Request: POST https://jeniya.cn/v1/chat/completions "HTTP/1.1 200 OK"
[2026-06-13 00:18:31,587] INFO - HTTP Request: POST https://jeniya.cn/v1/chat/completions "HTTP/1.1 200 OK"
[2026-06-13 00:18:32,723] INFO - HTTP Request: POST https://jeniya.cn/v1/chat/completions "HTTP/1.1 200 OK"
[2026-06-13 00:18:33,258] INFO - HTTP Request: POST https://jeniya.cn/v1/chat/completions "HTTP/1.1 200 OK"
[2026-06-13 00:18:33,321] INFO - HTTP Request: POST https://jeniya.cn/v1/chat/completions "HTTP/1.1 200 OK"
[2026-06-13 00:18:33,643] INFO - HTTP Request: POST https://jeniya.cn/v1/chat/completions "HTTP/1.1 200 OK"
[2026-06-13 00:18:33,682] INFO - HTTP Request: POST https://jeniya.cn/v1/chat/completions "HTTP/1.1 200 OK"
[2026-06-13 00:18:36,333] INFO - HTTP Request: POST https://jeniya.cn/v1/chat/completions "HTTP/1.1 200 OK"
[2026-06-13 00:18:36,961] INFO - HTTP Request: POST https://jeniya.cn/v1/chat/completions "HTTP/1.1 200 OK"
[2026-06-13 00:18:37,063] INFO - HTTP Request: POST https://jeniya.cn/v1/chat/completions "HTTP/1.1 200 OK"
[2026-06-13 00:18:38,833] INFO - HTTP Request: POST https://jeniya.cn/v1/chat/completions "HTTP/1.1 200 OK"
[2026-06-13 00:18:39,124] INFO - HTTP Request: POST https://jeniya.cn/v1/chat/completions "HTTP/1.1 200 OK"
[2026-06-13 00:18:43,808] INFO - HTTP Request: POST https://jeniya.cn/v1/chat/completions "HTTP/1.1 200 OK"
[2026-06-13 00:18:43,968] INFO - HTTP Request: POST https://jeniya.cn/v1/chat/completions "HTTP/1.1 200 OK"
[2026-06-13 00:18:45,664] INFO - HTTP Request: POST https://jeniya.cn/v1/chat/completions "HTTP/1.1 200 OK"
[2026-06-13 00:18:46,062] INFO - HTTP Request: POST https://jeniya.cn/v1/chat/completions "HTTP/1.1 200 OK"
[2026-06-13 00:18:49,002] INFO - HTTP Request: POST https://jeniya.cn/v1/chat/completions "HTTP/1.1 200 OK"
[2026-06-13 00:18:51,142] INFO - HTTP Request: POST https://jeniya.cn/v1/chat/completions "HTTP/1.1 200 OK"
[2026-06-13 00:18:51,690] INFO - HTTP Request: POST https://jeniya.cn/v1/chat/completions "HTTP/1.1 200 OK"
[2026-06-13 00:18:51,989] INFO - HTTP Request: POST https://jeniya.cn/v1/chat/completions "HTTP/1.1 200 OK"
[2026-06-13 00:18:52,743] INFO - HTTP Request: POST https://jeniya.cn/v1/chat/completions "HTTP/1.1 200 OK"
[2026-06-13 00:18:53,650] INFO - HTTP Request: POST https://jeniya.cn/v1/chat/completions "HTTP/1.1 200 OK"
[2026-06-13 00:18:54,632] INFO - HTTP Request: POST https://jeniya.cn/v1/chat/completions "HTTP/1.1 200 OK"
[2026-06-13 00:18:55,483] INFO - HTTP Request: POST https://jeniya.cn/v1/chat/completions "HTTP/1.1 200 OK"
[2026-06-13 00:18:57,283] INFO - HTTP Request: POST https://jeniya.cn/v1/chat/completions "HTTP/1.1 200 OK"
[2026-06-13 00:18:58,432] INFO - HTTP Request: POST https://jeniya.cn/v1/chat/completions "HTTP/1.1 200 OK"
[2026-06-13 00:18:59,057] INFO - HTTP Request: POST https://jeniya.cn/v1/chat/completions "HTTP/1.1 200 OK"
[2026-06-13 00:18:59,281] INFO - HTTP Request: POST https://jeniya.cn/v1/chat/completions "HTTP/1.1 200 OK"
[2026-06-13 00:18:59,739] INFO - HTTP Request: POST https://jeniya.cn/v1/chat/completions "HTTP/1.1 200 OK"
[2026-06-13 00:19:01,462] INFO - HTTP Request: POST https://jeniya.cn/v1/chat/completions "HTTP/1.1 200 OK"
[2026-06-13 00:19:01,822] INFO - HTTP Request: POST https://jeniya.cn/v1/chat/completions "HTTP/1.1 200 OK"
[2026-06-13 00:19:07,275] INFO - HTTP Request: POST https://jeniya.cn/v1/chat/completions "HTTP/1.1 200 OK"
[2026-06-13 00:19:07,353] INFO - HTTP Request: POST https://jeniya.cn/v1/chat/completions "HTTP/1.1 200 OK"
[2026-06-13 00:19:08,363] INFO - HTTP Request: POST https://jeniya.cn/v1/chat/completions "HTTP/1.1 200 OK"
[2026-06-13 00:19:09,049] INFO - HTTP Request: POST https://jeniya.cn/v1/chat/completions "HTTP/1.1 200 OK"
[2026-06-13 00:19:15,730] INFO - HTTP Request: POST https://jeniya.cn/v1/chat/completions "HTTP/1.1 200 OK"
[2026-06-13 00:19:15,891] INFO - HTTP Request: POST https://jeniya.cn/v1/chat/completions "HTTP/1.1 200 OK"
[2026-06-13 00:19:18,627] INFO - Retrying request to /chat/completions in 0.463425 seconds
[2026-06-13 00:19:18,690] INFO - HTTP Request: POST https://jeniya.cn/v1/chat/completions "HTTP/1.1 200 OK"
[2026-06-13 00:19:19,982] INFO - HTTP Request: POST https://jeniya.cn/v1/chat/completions "HTTP/1.1 200 OK"
[2026-06-13 00:19:20,785] INFO - HTTP Request: POST https://jeniya.cn/v1/chat/completions "HTTP/1.1 200 OK"
[2026-06-13 00:19:21,006] INFO - HTTP Request: POST https://jeniya.cn/v1/chat/completions "HTTP/1.1 200 OK"
[2026-06-13 00:19:21,809] INFO - HTTP Request: POST https://jeniya.cn/v1/chat/completions "HTTP/1.1 200 OK"
[2026-06-13 00:19:23,069] INFO - HTTP Request: POST https://jeniya.cn/v1/chat/completions "HTTP/1.1 200 OK"
[2026-06-13 00:19:23,925] INFO - HTTP Request: POST https://jeniya.cn/v1/chat/completions "HTTP/1.1 200 OK"
[2026-06-13 00:19:24,386] INFO - HTTP Request: POST https://jeniya.cn/v1/chat/completions "HTTP/1.1 200 OK"
[2026-06-13 00:19:24,909] INFO - HTTP Request: POST https://jeniya.cn/v1/chat/completions "HTTP/1.1 200 OK"
[2026-06-13 00:19:25,311] INFO - HTTP Request: POST https://jeniya.cn/v1/chat/completions "HTTP/1.1 200 OK"
[2026-06-13 00:19:26,359] INFO - HTTP Request: POST https://jeniya.cn/v1/chat/completions "HTTP/1.1 200 OK"
[2026-06-13 00:19:27,043] INFO - HTTP Request: POST https://jeniya.cn/v1/chat/completions "HTTP/1.1 200 OK"
[2026-06-13 00:19:27,121] INFO - HTTP Request: POST https://jeniya.cn/v1/chat/completions "HTTP/1.1 200 OK"
[2026-06-13 00:19:28,027] INFO - HTTP Request: POST https://jeniya.cn/v1/chat/completions "HTTP/1.1 200 OK"
[2026-06-13 00:19:29,768] INFO - HTTP Request: POST https://jeniya.cn/v1/chat/completions "HTTP/1.1 200 OK"
[2026-06-13 00:19:33,104] INFO - HTTP Request: POST https://jeniya.cn/v1/chat/completions "HTTP/1.1 200 OK"
[2026-06-13 00:19:34,928] INFO - HTTP Request: POST https://jeniya.cn/v1/chat/completions "HTTP/1.1 200 OK"
[2026-06-13 00:19:35,377] INFO - HTTP Request: POST https://jeniya.cn/v1/chat/completions "HTTP/1.1 200 OK"
[2026-06-13 00:19:37,178] INFO - HTTP Request: POST https://jeniya.cn/v1/chat/completions "HTTP/1.1 200 OK"
[2026-06-13 00:19:38,769] INFO - HTTP Request: POST https://jeniya.cn/v1/chat/completions "HTTP/1.1 200 OK"
[2026-06-13 00:19:38,917] INFO - HTTP Request: POST https://jeniya.cn/v1/chat/completions "HTTP/1.1 200 OK"
[2026-06-13 00:19:39,651] INFO - HTTP Request: POST https://jeniya.cn/v1/chat/completions "HTTP/1.1 200 OK"
[2026-06-13 00:19:39,696] INFO - HTTP Request: POST https://jeniya.cn/v1/chat/completions "HTTP/1.1 200 OK"
[2026-06-13 00:19:39,761] INFO - HTTP Request: POST https://jeniya.cn/v1/chat/completions "HTTP/1.1 200 OK"
[2026-06-13 00:19:39,824] INFO - HTTP Request: POST https://jeniya.cn/v1/chat/completions "HTTP/1.1 200 OK"
[2026-06-13 00:19:41,643] INFO - HTTP Request: POST https://jeniya.cn/v1/chat/completions "HTTP/1.1 200 OK"
[2026-06-13 00:19:43,960] INFO - HTTP Request: POST https://jeniya.cn/v1/chat/completions "HTTP/1.1 200 OK"
[2026-06-13 00:19:44,891] INFO - HTTP Request: POST https://jeniya.cn/v1/chat/completions "HTTP/1.1 200 OK"
[2026-06-13 00:19:45,491] INFO - HTTP Request: POST https://jeniya.cn/v1/chat/completions "HTTP/1.1 200 OK"
[2026-06-13 00:19:46,753] INFO - HTTP Request: POST https://jeniya.cn/v1/chat/completions "HTTP/1.1 200 OK"
[2026-06-13 00:19:47,486] INFO - HTTP Request: POST https://jeniya.cn/v1/chat/completions "HTTP/1.1 200 OK"
[2026-06-13 00:19:48,238] INFO - HTTP Request: POST https://jeniya.cn/v1/chat/completions "HTTP/1.1 200 OK"
[2026-06-13 00:19:49,330] INFO - HTTP Request: POST https://jeniya.cn/v1/chat/completions "HTTP/1.1 200 OK"
[2026-06-13 00:19:50,008] INFO - HTTP Request: POST https://jeniya.cn/v1/chat/completions "HTTP/1.1 200 OK"
[2026-06-13 00:19:50,095] INFO - HTTP Request: POST https://jeniya.cn/v1/chat/completions "HTTP/1.1 200 OK"
[2026-06-13 00:19:50,388] INFO - HTTP Request: POST https://jeniya.cn/v1/chat/completions "HTTP/1.1 200 OK"
[2026-06-13 00:19:50,401] INFO - HTTP Request: POST https://jeniya.cn/v1/chat/completions "HTTP/1.1 200 OK"
[2026-06-13 00:19:51,040] INFO - HTTP Request: POST https://jeniya.cn/v1/chat/completions "HTTP/1.1 200 OK"
[2026-06-13 00:19:51,177] INFO - HTTP Request: POST https://jeniya.cn/v1/chat/completions "HTTP/1.1 200 OK"
[2026-06-13 00:19:51,991] INFO - HTTP Request: POST https://jeniya.cn/v1/chat/completions "HTTP/1.1 200 OK"
[2026-06-13 00:19:52,092] INFO - HTTP Request: POST https://jeniya.cn/v1/chat/completions "HTTP/1.1 200 OK"
[2026-06-13 00:19:52,297] INFO - HTTP Request: POST https://jeniya.cn/v1/chat/completions "HTTP/1.1 200 OK"
[2026-06-13 00:19:52,753] INFO - HTTP Request: POST https://jeniya.cn/v1/chat/completions "HTTP/1.1 200 OK"
[2026-06-13 00:19:53,086] INFO - HTTP Request: POST https://jeniya.cn/v1/chat/completions "HTTP/1.1 200 OK"
[2026-06-13 00:19:53,921] INFO - HTTP Request: POST https://jeniya.cn/v1/chat/completions "HTTP/1.1 200 OK"
[2026-06-13 00:19:53,942] INFO - HTTP Request: POST https://jeniya.cn/v1/chat/completions "HTTP/1.1 200 OK"
[2026-06-13 00:19:54,362] INFO - HTTP Request: POST https://jeniya.cn/v1/chat/completions "HTTP/1.1 200 OK"
[2026-06-13 00:19:56,133] INFO - HTTP Request: POST https://jeniya.cn/v1/chat/completions "HTTP/1.1 200 OK"
[2026-06-13 00:19:56,515] INFO - HTTP Request: POST https://jeniya.cn/v1/chat/completions "HTTP/1.1 200 OK"
[2026-06-13 00:19:56,735] INFO - HTTP Request: POST https://jeniya.cn/v1/chat/completions "HTTP/1.1 200 OK"
[2026-06-13 00:19:58,774] INFO - HTTP Request: POST https://jeniya.cn/v1/chat/completions "HTTP/1.1 200 OK"
[2026-06-13 00:19:59,188] INFO - HTTP Request: POST https://jeniya.cn/v1/chat/completions "HTTP/1.1 200 OK"
[2026-06-13 00:19:59,507] INFO - HTTP Request: POST https://jeniya.cn/v1/chat/completions "HTTP/1.1 200 OK"
[2026-06-13 00:20:00,643] INFO - HTTP Request: POST https://jeniya.cn/v1/chat/completions "HTTP/1.1 200 OK"
[2026-06-13 00:20:02,605] INFO - HTTP Request: POST https://jeniya.cn/v1/chat/completions "HTTP/1.1 200 OK"
[2026-06-13 00:20:03,181] INFO - HTTP Request: POST https://jeniya.cn/v1/chat/completions "HTTP/1.1 200 OK"
[2026-06-13 00:20:04,383] INFO - HTTP Request: POST https://jeniya.cn/v1/chat/completions "HTTP/1.1 200 OK"
[2026-06-13 00:20:04,516] INFO - HTTP Request: POST https://jeniya.cn/v1/chat/completions "HTTP/1.1 200 OK"
[2026-06-13 00:20:04,916] INFO - HTTP Request: POST https://jeniya.cn/v1/chat/completions "HTTP/1.1 200 OK"
[2026-06-13 00:20:06,748] INFO - HTTP Request: POST https://jeniya.cn/v1/chat/completions "HTTP/1.1 200 OK"
[2026-06-13 00:20:08,494] INFO - HTTP Request: POST https://jeniya.cn/v1/chat/completions "HTTP/1.1 200 OK"
[2026-06-13 00:20:12,566] INFO - HTTP Request: POST https://jeniya.cn/v1/chat/completions "HTTP/1.1 200 OK"
[2026-06-13 00:20:13,206] INFO - HTTP Request: POST https://jeniya.cn/v1/chat/completions "HTTP/1.1 200 OK"
[2026-06-13 00:20:15,331] INFO - HTTP Request: POST https://jeniya.cn/v1/chat/completions "HTTP/1.1 200 OK"
[2026-06-13 00:20:25,151] INFO - HTTP Request: POST https://jeniya.cn/v1/chat/completions "HTTP/1.1 200 OK"
[2026-06-13 00:20:26,310] INFO - HTTP Request: POST https://jeniya.cn/v1/chat/completions "HTTP/1.1 200 OK"
[2026-06-13 00:20:28,527] INFO - HTTP Request: POST https://jeniya.cn/v1/chat/completions "HTTP/1.1 200 OK"
[2026-06-13 00:20:30,512] INFO - HTTP Request: POST https://jeniya.cn/v1/chat/completions "HTTP/1.1 200 OK"
[2026-06-13 00:20:30,789] INFO - HTTP Request: POST https://jeniya.cn/v1/chat/completions "HTTP/1.1 200 OK"
[2026-06-13 00:20:30,960] INFO - HTTP Request: POST https://jeniya.cn/v1/chat/completions "HTTP/1.1 200 OK"
[2026-06-13 00:20:31,373] INFO - HTTP Request: POST https://jeniya.cn/v1/chat/completions "HTTP/1.1 200 OK"
[2026-06-13 00:20:34,381] INFO - HTTP Request: POST https://jeniya.cn/v1/chat/completions "HTTP/1.1 200 OK"
[2026-06-13 00:20:38,052] INFO - HTTP Request: POST https://jeniya.cn/v1/chat/completions "HTTP/1.1 200 OK"
[2026-06-13 00:20:45,725] INFO - HTTP Request: POST https://jeniya.cn/v1/chat/completions "HTTP/1.1 200 OK"
[2026-06-13 00:20:47,400] INFO - HTTP Request: POST https://jeniya.cn/v1/chat/completions "HTTP/1.1 200 OK"
[2026-06-13 00:20:47,644] INFO - HTTP Request: POST https://jeniya.cn/v1/chat/completions "HTTP/1.1 200 OK"
[2026-06-13 00:20:47,675] INFO - HTTP Request: POST https://jeniya.cn/v1/chat/completions "HTTP/1.1 200 OK"
[2026-06-13 00:20:48,969] INFO - HTTP Request: POST https://jeniya.cn/v1/chat/completions "HTTP/1.1 200 OK"
[2026-06-13 00:20:50,141] INFO - HTTP Request: POST https://jeniya.cn/v1/chat/completions "HTTP/1.1 200 OK"
[2026-06-13 00:20:54,007] INFO - HTTP Request: POST https://jeniya.cn/v1/chat/completions "HTTP/1.1 200 OK"
[2026-06-13 00:20:57,859] INFO - HTTP Request: POST https://jeniya.cn/v1/chat/completions "HTTP/1.1 200 OK"
[2026-06-13 00:20:58,963] INFO - HTTP Request: POST https://jeniya.cn/v1/chat/completions "HTTP/1.1 200 OK"
[2026-06-13 00:21:06,292] INFO - HTTP Request: POST https://jeniya.cn/v1/chat/completions "HTTP/1.1 200 OK"
[2026-06-13 00:21:06,603] INFO - HTTP Request: POST https://jeniya.cn/v1/chat/completions "HTTP/1.1 200 OK"
[2026-06-13 00:21:13,716] INFO - HTTP Request: POST https://jeniya.cn/v1/chat/completions "HTTP/1.1 200 OK"
[2026-06-13 00:21:14,745] INFO - HTTP Request: POST https://jeniya.cn/v1/chat/completions "HTTP/1.1 200 OK"
[2026-06-13 00:21:15,420] INFO - HTTP Request: POST https://jeniya.cn/v1/chat/completions "HTTP/1.1 200 OK"
[2026-06-13 00:21:17,819] INFO - HTTP Request: POST https://jeniya.cn/v1/chat/completions "HTTP/1.1 200 OK"
[2026-06-13 00:21:21,956] INFO - HTTP Request: POST https://jeniya.cn/v1/chat/completions "HTTP/1.1 200 OK"
[2026-06-13 00:21:28,357] INFO - HTTP Request: POST https://jeniya.cn/v1/chat/completions "HTTP/1.1 200 OK"
[2026-06-13 00:21:29,226] INFO - HTTP Request: POST https://jeniya.cn/v1/chat/completions "HTTP/1.1 200 OK"
[2026-06-13 00:21:32,481] INFO - HTTP Request: POST https://jeniya.cn/v1/chat/completions "HTTP/1.1 200 OK"
[2026-06-13 00:21:35,937] INFO - HTTP Request: POST https://jeniya.cn/v1/chat/completions "HTTP/1.1 200 OK"
[2026-06-13 00:21:39,618] INFO - HTTP Request: POST https://jeniya.cn/v1/chat/completions "HTTP/1.1 200 OK"
[2026-06-13 00:21:41,483] INFO - HTTP Request: POST https://jeniya.cn/v1/chat/completions "HTTP/1.1 200 OK"
[2026-06-13 00:21:45,734] INFO - Retrying request to /chat/completions in 0.450561 seconds
[2026-06-13 00:21:58,218] INFO - HTTP Request: POST https://jeniya.cn/v1/chat/completions "HTTP/1.1 200 OK"
[2026-06-13 00:21:59,008] INFO - HTTP Request: POST https://jeniya.cn/v1/chat/completions "HTTP/1.1 200 OK"
[2026-06-13 00:22:01,544] INFO - HTTP Request: POST https://jeniya.cn/v1/chat/completions "HTTP/1.1 200 OK"
[2026-06-13 00:22:05,952] INFO - HTTP Request: POST https://jeniya.cn/v1/chat/completions "HTTP/1.1 200 OK"
[2026-06-13 00:22:07,694] INFO - HTTP Request: POST https://jeniya.cn/v1/chat/completions "HTTP/1.1 200 OK"
[2026-06-13 00:22:15,426] INFO - Retrying request to /chat/completions in 0.494485 seconds
[2026-06-13 00:22:20,420] INFO - HTTP Request: POST https://jeniya.cn/v1/chat/completions "HTTP/1.1 200 OK"
[2026-06-13 00:22:20,849] INFO - HTTP Request: POST https://jeniya.cn/v1/chat/completions "HTTP/1.1 200 OK"
[2026-06-13 00:22:22,928] INFO - HTTP Request: POST https://jeniya.cn/v1/chat/completions "HTTP/1.1 200 OK"
[2026-06-13 00:22:29,231] INFO - Retrying request to /chat/completions in 0.469767 seconds
[2026-06-13 00:22:34,252] INFO - HTTP Request: POST https://jeniya.cn/v1/chat/completions "HTTP/1.1 200 OK"
[2026-06-13 00:22:36,223] INFO - HTTP Request: POST https://jeniya.cn/v1/chat/completions "HTTP/1.1 200 OK"
[2026-06-13 00:22:43,387] INFO - HTTP Request: POST https://jeniya.cn/v1/chat/completions "HTTP/1.1 200 OK"
[2026-06-13 00:22:46,841] INFO - Retrying request to /chat/completions in 0.909936 seconds
[2026-06-13 00:22:51,893] INFO - HTTP Request: POST https://jeniya.cn/v1/chat/completions "HTTP/1.1 200 OK"
[2026-06-13 00:22:59,009] INFO - Retrying request to /chat/completions in 0.430547 seconds
[2026-06-13 00:23:01,561] INFO - Retrying request to /chat/completions in 0.399369 seconds
[2026-06-13 00:23:05,954] INFO - Retrying request to /chat/completions in 0.375822 seconds
[2026-06-13 00:23:16,582] INFO - Retrying request to /chat/completions in 0.819586 seconds
[2026-06-13 00:23:16,719] INFO - HTTP Request: POST https://jeniya.cn/v1/chat/completions "HTTP/1.1 200 OK"
[2026-06-13 00:23:18,753] INFO - HTTP Request: POST https://jeniya.cn/v1/chat/completions "HTTP/1.1 200 OK"
[2026-06-13 00:23:22,009] INFO - HTTP Request: POST https://jeniya.cn/v1/chat/completions "HTTP/1.1 200 OK"
[2026-06-13 00:23:31,892] INFO - HTTP Request: POST https://jeniya.cn/v1/chat/completions "HTTP/1.1 200 OK"
[2026-06-13 00:23:32,431] INFO - HTTP Request: POST https://jeniya.cn/v1/chat/completions "HTTP/1.1 200 OK"
[2026-06-13 00:23:38,988] INFO - HTTP Request: POST https://jeniya.cn/v1/chat/completions "HTTP/1.1 200 OK"
[2026-06-13 00:23:56,039] INFO - HTTP Request: POST https://jeniya.cn/v1/chat/completions "HTTP/1.1 200 OK"
[2026-06-13 00:24:01,419] INFO - Retrying request to /chat/completions in 0.812516 seconds
[2026-06-13 00:24:02,544] INFO - Retrying request to /chat/completions in 0.790212 seconds
[2026-06-13 00:24:03,159] INFO - HTTP Request: POST https://jeniya.cn/v1/chat/completions "HTTP/1.1 200 OK"
[2026-06-13 00:24:04,300] INFO - HTTP Request: POST https://jeniya.cn/v1/chat/completions "HTTP/1.1 200 OK"
[2026-06-13 00:24:05,544] INFO - HTTP Request: POST https://jeniya.cn/v1/chat/completions "HTTP/1.1 200 OK"
[2026-06-13 00:24:06,788] INFO - HTTP Request: POST https://jeniya.cn/v1/chat/completions "HTTP/1.1 200 OK"
[2026-06-13 00:24:10,209] INFO - HTTP Request: POST https://jeniya.cn/v1/chat/completions "HTTP/1.1 200 OK"
[2026-06-13 00:24:18,757] INFO - Retrying request to /chat/completions in 0.476957 seconds
[2026-06-13 00:24:18,994] INFO - HTTP Request: POST https://jeniya.cn/v1/chat/completions "HTTP/1.1 200 OK"
[2026-06-13 00:24:20,635] INFO - HTTP Request: POST https://jeniya.cn/v1/chat/completions "HTTP/1.1 200 OK"
[2026-06-13 00:24:29,462] INFO - HTTP Request: POST https://jeniya.cn/v1/chat/completions "HTTP/1.1 200 OK"
[2026-06-13 00:24:30,394] INFO - HTTP Request: POST https://jeniya.cn/v1/chat/completions "HTTP/1.1 200 OK"
[2026-06-13 00:24:47,836] INFO - HTTP Request: POST https://jeniya.cn/v1/chat/completions "HTTP/1.1 200 OK"
[2026-06-13 00:24:50,673] INFO - HTTP Request: POST https://jeniya.cn/v1/chat/completions "HTTP/1.1 200 OK"
[2026-06-13 00:24:53,742] INFO - HTTP Request: POST https://jeniya.cn/v1/chat/completions "HTTP/1.1 200 OK"
[2026-06-13 00:24:58,177] INFO - HTTP Request: POST https://jeniya.cn/v1/chat/completions "HTTP/1.1 200 OK"
[2026-06-13 00:25:00,424] INFO - HTTP Request: POST https://jeniya.cn/v1/chat/completions "HTTP/1.1 200 OK"
[2026-06-13 00:25:01,239] INFO - HTTP Request: POST https://jeniya.cn/v1/chat/completions "HTTP/1.1 200 OK"
[2026-06-13 00:25:03,000] INFO - HTTP Request: POST https://jeniya.cn/v1/chat/completions "HTTP/1.1 200 OK"
[2026-06-13 00:25:04,680] INFO - HTTP Request: POST https://jeniya.cn/v1/chat/completions "HTTP/1.1 200 OK"
[2026-06-13 00:25:06,447] INFO - HTTP Request: POST https://jeniya.cn/v1/chat/completions "HTTP/1.1 200 OK"
[2026-06-13 00:25:10,223] INFO - Retrying request to /chat/completions in 0.459777 seconds
[2026-06-13 00:25:10,227] INFO - HTTP Request: POST https://jeniya.cn/v1/chat/completions "HTTP/1.1 200 OK"
[2026-06-13 00:25:15,346] INFO - HTTP Request: POST https://jeniya.cn/v1/chat/completions "HTTP/1.1 200 OK"
[2026-06-13 00:25:29,262] INFO - HTTP Request: POST https://jeniya.cn/v1/chat/completions "HTTP/1.1 200 OK"
[2026-06-13 00:25:29,478] INFO - Retrying request to /chat/completions in 0.379406 seconds
[2026-06-13 00:25:33,506] INFO - HTTP Request: POST https://jeniya.cn/v1/chat/completions "HTTP/1.1 200 OK"
[2026-06-13 00:25:47,848] INFO - Retrying request to /chat/completions in 0.393222 seconds
[2026-06-13 00:25:49,125] INFO - HTTP Request: POST https://jeniya.cn/v1/chat/completions "HTTP/1.1 200 OK"
[2026-06-13 00:25:49,247] INFO - HTTP Request: POST https://jeniya.cn/v1/chat/completions "HTTP/1.1 200 OK"
[2026-06-13 00:25:51,752] INFO - HTTP Request: POST https://jeniya.cn/v1/chat/completions "HTTP/1.1 200 OK"
[2026-06-13 00:25:57,720] INFO - HTTP Request: POST https://jeniya.cn/v1/chat/completions "HTTP/1.1 200 OK"
[2026-06-13 00:25:57,803] INFO - HTTP Request: POST https://jeniya.cn/v1/chat/completions "HTTP/1.1 200 OK"
[2026-06-13 00:25:58,130] INFO - HTTP Request: POST https://jeniya.cn/v1/chat/completions "HTTP/1.1 200 OK"
[2026-06-13 00:25:58,780] INFO - HTTP Request: POST https://jeniya.cn/v1/chat/completions "HTTP/1.1 200 OK"
[2026-06-13 00:25:59,596] INFO - HTTP Request: POST https://jeniya.cn/v1/chat/completions "HTTP/1.1 200 OK"
[2026-06-13 00:26:01,494] INFO - HTTP Request: POST https://jeniya.cn/v1/chat/completions "HTTP/1.1 200 OK"
[2026-06-13 00:26:22,074] INFO - HTTP Request: POST https://jeniya.cn/v1/chat/completions "HTTP/1.1 200 OK"
[2026-06-13 00:26:25,759] INFO - HTTP Request: POST https://jeniya.cn/v1/chat/completions "HTTP/1.1 200 OK"
[2026-06-13 00:26:26,705] INFO - HTTP Request: POST https://jeniya.cn/v1/chat/completions "HTTP/1.1 200 OK"
[2026-06-13 00:26:34,379] INFO - HTTP Request: POST https://jeniya.cn/v1/chat/completions "HTTP/1.1 200 OK"
[2026-06-13 00:26:34,865] INFO - HTTP Request: POST https://jeniya.cn/v1/chat/completions "HTTP/1.1 200 OK"
[2026-06-13 00:26:40,488] INFO - HTTP Request: POST https://jeniya.cn/v1/chat/completions "HTTP/1.1 200 OK"
[2026-06-13 00:26:47,469] INFO - HTTP Request: POST https://jeniya.cn/v1/chat/completions "HTTP/1.1 200 OK"
[2026-06-13 00:26:47,846] INFO - HTTP Request: POST https://jeniya.cn/v1/chat/completions "HTTP/1.1 200 OK"
[2026-06-13 00:26:47,922] INFO - HTTP Request: POST https://jeniya.cn/v1/chat/completions "HTTP/1.1 200 OK"
[2026-06-13 00:26:54,344] INFO - HTTP Request: POST https://jeniya.cn/v1/chat/completions "HTTP/1.1 200 OK"
[2026-06-13 00:26:58,311] INFO - HTTP Request: POST https://jeniya.cn/v1/chat/completions "HTTP/1.1 200 OK"
[2026-06-13 00:27:05,146] INFO - HTTP Request: POST https://jeniya.cn/v1/chat/completions "HTTP/1.1 200 OK"
[2026-06-13 00:27:05,734] INFO - HTTP Request: POST https://jeniya.cn/v1/chat/completions "HTTP/1.1 200 OK"
[2026-06-13 00:27:11,836] INFO - HTTP Request: POST https://jeniya.cn/v1/chat/completions "HTTP/1.1 200 OK"
[2026-06-13 00:27:15,479] INFO - HTTP Request: POST https://jeniya.cn/v1/chat/completions "HTTP/1.1 200 OK"
[2026-06-13 00:27:18,327] INFO - HTTP Request: POST https://jeniya.cn/v1/chat/completions "HTTP/1.1 200 OK"
[2026-06-13 00:27:21,133] INFO - HTTP Request: POST https://jeniya.cn/v1/chat/completions "HTTP/1.1 200 OK"
[2026-06-13 00:27:21,432] INFO - HTTP Request: POST https://jeniya.cn/v1/chat/completions "HTTP/1.1 200 OK"
[2026-06-13 00:27:22,431] INFO - HTTP Request: POST https://jeniya.cn/v1/chat/completions "HTTP/1.1 200 OK"
[2026-06-13 00:27:23,087] INFO - HTTP Request: POST https://jeniya.cn/v1/chat/completions "HTTP/1.1 200 OK"
[2026-06-13 00:27:27,341] INFO - HTTP Request: POST https://jeniya.cn/v1/chat/completions "HTTP/1.1 200 OK"
[2026-06-13 00:27:28,793] INFO - HTTP Request: POST https://jeniya.cn/v1/chat/completions "HTTP/1.1 200 OK"
[2026-06-13 00:27:35,946] INFO - HTTP Request: POST https://jeniya.cn/v1/chat/completions "HTTP/1.1 200 OK"
[2026-06-13 00:27:37,137] INFO - HTTP Request: POST https://jeniya.cn/v1/chat/completions "HTTP/1.1 200 OK"
[2026-06-13 00:27:37,776] INFO - HTTP Request: POST https://jeniya.cn/v1/chat/completions "HTTP/1.1 200 OK"
[2026-06-13 00:27:48,729] INFO - HTTP Request: POST https://jeniya.cn/v1/chat/completions "HTTP/1.1 200 OK"
[2026-06-13 00:27:49,262] INFO - HTTP Request: POST https://jeniya.cn/v1/chat/completions "HTTP/1.1 200 OK"
[2026-06-13 00:27:55,104] INFO - HTTP Request: POST https://jeniya.cn/v1/chat/completions "HTTP/1.1 200 OK"
[2026-06-13 00:27:56,790] INFO - HTTP Request: POST https://jeniya.cn/v1/chat/completions "HTTP/1.1 200 OK"
[2026-06-13 00:27:58,877] INFO - HTTP Request: POST https://jeniya.cn/v1/chat/completions "HTTP/1.1 200 OK"
[2026-06-13 00:28:01,354] INFO - HTTP Request: POST https://jeniya.cn/v1/chat/completions "HTTP/1.1 200 OK"
[2026-06-13 00:28:02,006] INFO - HTTP Request: POST https://jeniya.cn/v1/chat/completions "HTTP/1.1 200 OK"
[2026-06-13 00:28:03,050] INFO - HTTP Request: POST https://jeniya.cn/v1/chat/completions "HTTP/1.1 200 OK"
[2026-06-13 00:28:03,973] INFO - HTTP Request: POST https://jeniya.cn/v1/chat/completions "HTTP/1.1 200 OK"
[2026-06-13 00:28:16,721] INFO - HTTP Request: POST https://jeniya.cn/v1/chat/completions "HTTP/1.1 200 OK"
[2026-06-13 00:28:17,821] INFO - HTTP Request: POST https://jeniya.cn/v1/chat/completions "HTTP/1.1 200 OK"
[2026-06-13 00:28:21,591] INFO - HTTP Request: POST https://jeniya.cn/v1/chat/completions "HTTP/1.1 200 OK"
[2026-06-13 00:28:22,895] INFO - HTTP Request: POST https://jeniya.cn/v1/chat/completions "HTTP/1.1 200 OK"
[2026-06-13 00:28:25,362] INFO - HTTP Request: POST https://jeniya.cn/v1/chat/completions "HTTP/1.1 200 OK"
[2026-06-13 00:28:27,400] INFO - HTTP Request: POST https://jeniya.cn/v1/chat/completions "HTTP/1.1 200 OK"
[2026-06-13 00:28:36,644] INFO - HTTP Request: POST https://jeniya.cn/v1/chat/completions "HTTP/1.1 200 OK"
[2026-06-13 00:28:37,383] INFO - HTTP Request: POST https://jeniya.cn/v1/chat/completions "HTTP/1.1 200 OK"
[2026-06-13 00:28:37,473] INFO - HTTP Request: POST https://jeniya.cn/v1/chat/completions "HTTP/1.1 200 OK"
[2026-06-13 00:28:38,380] INFO - HTTP Request: POST https://jeniya.cn/v1/chat/completions "HTTP/1.1 200 OK"
[2026-06-13 00:28:39,558] INFO - HTTP Request: POST https://jeniya.cn/v1/chat/completions "HTTP/1.1 200 OK"
[2026-06-13 00:28:48,054] INFO - HTTP Request: POST https://jeniya.cn/v1/chat/completions "HTTP/1.1 200 OK"
[2026-06-13 00:28:51,117] INFO - HTTP Request: POST https://jeniya.cn/v1/chat/completions "HTTP/1.1 200 OK"
[2026-06-13 00:28:53,649] INFO - HTTP Request: POST https://jeniya.cn/v1/chat/completions "HTTP/1.1 200 OK"
[2026-06-13 00:28:54,915] INFO - HTTP Request: POST https://jeniya.cn/v1/chat/completions "HTTP/1.1 200 OK"
[2026-06-13 00:28:56,918] INFO - HTTP Request: POST https://jeniya.cn/v1/chat/completions "HTTP/1.1 200 OK"
[2026-06-13 00:29:07,858] INFO - HTTP Request: POST https://jeniya.cn/v1/chat/completions "HTTP/1.1 200 OK"
[2026-06-13 00:29:17,797] INFO - HTTP Request: POST https://jeniya.cn/v1/chat/completions "HTTP/1.1 200 OK"
[2026-06-13 00:29:29,570] INFO - HTTP Request: POST https://jeniya.cn/v1/chat/completions "HTTP/1.1 200 OK"
[2026-06-13 00:29:31,259] INFO - HTTP Request: POST https://jeniya.cn/v1/chat/completions "HTTP/1.1 200 OK"
[2026-06-13 00:29:33,538] INFO - HTTP Request: POST https://jeniya.cn/v1/chat/completions "HTTP/1.1 200 OK"
[2026-06-13 00:29:33,791] INFO - HTTP Request: POST https://jeniya.cn/v1/chat/completions "HTTP/1.1 200 OK"
[2026-06-13 00:29:34,872] INFO - HTTP Request: POST https://jeniya.cn/v1/chat/completions "HTTP/1.1 200 OK"
[2026-06-13 00:29:36,701] INFO - HTTP Request: POST https://jeniya.cn/v1/chat/completions "HTTP/1.1 200 OK"
[2026-06-13 00:29:47,407] INFO - HTTP Request: POST https://jeniya.cn/v1/chat/completions "HTTP/1.1 200 OK"
[2026-06-13 00:29:49,743] INFO - HTTP Request: POST https://jeniya.cn/v1/chat/completions "HTTP/1.1 200 OK"
[2026-06-13 00:29:53,671] INFO - HTTP Request: POST https://jeniya.cn/v1/chat/completions "HTTP/1.1 200 OK"
[2026-06-13 00:29:54,637] INFO - HTTP Request: POST https://jeniya.cn/v1/chat/completions "HTTP/1.1 200 OK"
[2026-06-13 00:29:55,319] INFO - HTTP Request: POST https://jeniya.cn/v1/chat/completions "HTTP/1.1 200 OK"
[2026-06-13 00:29:56,921] INFO - Retrying request to /chat/completions in 0.451568 seconds
[2026-06-13 00:29:57,691] INFO - HTTP Request: POST https://jeniya.cn/v1/chat/completions "HTTP/1.1 200 OK"
[2026-06-13 00:29:59,293] INFO - HTTP Request: POST https://jeniya.cn/v1/chat/completions "HTTP/1.1 200 OK"
[2026-06-13 00:29:59,554] INFO - HTTP Request: POST https://jeniya.cn/v1/chat/completions "HTTP/1.1 200 OK"
[2026-06-13 00:30:04,987] INFO - HTTP Request: POST https://jeniya.cn/v1/chat/completions "HTTP/1.1 200 OK"
[2026-06-13 00:30:07,331] INFO - HTTP Request: POST https://jeniya.cn/v1/chat/completions "HTTP/1.1 200 OK"
[2026-06-13 00:30:10,160] INFO - HTTP Request: POST https://jeniya.cn/v1/chat/completions "HTTP/1.1 200 OK"
[2026-06-13 00:30:12,061] INFO - HTTP Request: POST https://jeniya.cn/v1/chat/completions "HTTP/1.1 200 OK"
[2026-06-13 00:30:15,225] INFO - HTTP Request: POST https://jeniya.cn/v1/chat/completions "HTTP/1.1 200 OK"
[2026-06-13 00:30:21,358] INFO - HTTP Request: POST https://jeniya.cn/v1/chat/completions "HTTP/1.1 200 OK"
[2026-06-13 00:30:25,949] INFO - HTTP Request: POST https://jeniya.cn/v1/chat/completions "HTTP/1.1 200 OK"
[2026-06-13 00:30:26,014] INFO - HTTP Request: POST https://jeniya.cn/v1/chat/completions "HTTP/1.1 200 OK"
[2026-06-13 00:30:31,696] INFO - HTTP Request: POST https://jeniya.cn/v1/chat/completions "HTTP/1.1 200 OK"
[2026-06-13 00:30:33,202] INFO - HTTP Request: POST https://jeniya.cn/v1/chat/completions "HTTP/1.1 200 OK"
[2026-06-13 00:30:48,656] INFO - HTTP Request: POST https://jeniya.cn/v1/chat/completions "HTTP/1.1 200 OK"
[2026-06-13 00:30:49,193] INFO - HTTP Request: POST https://jeniya.cn/v1/chat/completions "HTTP/1.1 200 OK"
[2026-06-13 00:30:51,167] INFO - HTTP Request: POST https://jeniya.cn/v1/chat/completions "HTTP/1.1 200 OK"
[2026-06-13 00:30:54,647] INFO - Retrying request to /chat/completions in 0.473392 seconds
[2026-06-13 00:30:59,296] INFO - Retrying request to /chat/completions in 0.393950 seconds
[2026-06-13 00:31:03,506] INFO - HTTP Request: POST https://jeniya.cn/v1/chat/completions "HTTP/1.1 200 OK"
[2026-06-13 00:31:06,089] INFO - HTTP Request: POST https://jeniya.cn/v1/chat/completions "HTTP/1.1 200 OK"
[2026-06-13 00:31:09,994] INFO - HTTP Request: POST https://jeniya.cn/v1/chat/completions "HTTP/1.1 200 OK"
[2026-06-13 00:31:13,546] INFO - HTTP Request: POST https://jeniya.cn/v1/chat/completions "HTTP/1.1 200 OK"
[2026-06-13 00:31:20,181] INFO - HTTP Request: POST https://jeniya.cn/v1/chat/completions "HTTP/1.1 200 OK"
[2026-06-13 00:31:20,466] INFO - HTTP Request: POST https://jeniya.cn/v1/chat/completions "HTTP/1.1 200 OK"
[2026-06-13 00:31:29,857] INFO - HTTP Request: POST https://jeniya.cn/v1/chat/completions "HTTP/1.1 200 OK"
[2026-06-13 00:31:32,235] INFO - HTTP Request: POST https://jeniya.cn/v1/chat/completions "HTTP/1.1 200 OK"
[2026-06-13 00:31:33,311] INFO - HTTP Request: POST https://jeniya.cn/v1/chat/completions "HTTP/1.1 200 OK"
[2026-06-13 00:31:38,418] INFO - HTTP Request: POST https://jeniya.cn/v1/chat/completions "HTTP/1.1 200 OK"
[2026-06-13 00:31:39,719] INFO - HTTP Request: POST https://jeniya.cn/v1/chat/completions "HTTP/1.1 200 OK"
[2026-06-13 00:31:40,454] INFO - HTTP Request: POST https://jeniya.cn/v1/chat/completions "HTTP/1.1 200 OK"
[2026-06-13 00:31:40,620] INFO - HTTP Request: POST https://jeniya.cn/v1/chat/completions "HTTP/1.1 200 OK"
[2026-06-13 00:31:42,355] INFO - HTTP Request: POST https://jeniya.cn/v1/chat/completions "HTTP/1.1 200 OK"
[2026-06-13 00:31:51,986] INFO - HTTP Request: POST https://jeniya.cn/v1/chat/completions "HTTP/1.1 200 OK"
[2026-06-13 00:31:55,252] INFO - HTTP Request: POST https://jeniya.cn/v1/chat/completions "HTTP/1.1 200 OK"
[2026-06-13 00:31:55,902] INFO - HTTP Request: POST https://jeniya.cn/v1/chat/completions "HTTP/1.1 200 OK"
[2026-06-13 00:32:03,513] INFO - Retrying request to /chat/completions in 0.491959 seconds
[2026-06-13 00:32:15,822] INFO - HTTP Request: POST https://jeniya.cn/v1/chat/completions "HTTP/1.1 200 OK"
[2026-06-13 00:32:16,049] INFO - HTTP Request: POST https://jeniya.cn/v1/chat/completions "HTTP/1.1 200 OK"
[2026-06-13 00:32:19,874] INFO - HTTP Request: POST https://jeniya.cn/v1/chat/completions "HTTP/1.1 200 OK"
[2026-06-13 00:32:20,478] INFO - Retrying request to /chat/completions in 0.432878 seconds
[2026-06-13 00:32:21,616] INFO - HTTP Request: POST https://jeniya.cn/v1/chat/completions "HTTP/1.1 200 OK"
[2026-06-13 00:32:25,067] INFO - HTTP Request: POST https://jeniya.cn/v1/chat/completions "HTTP/1.1 200 OK"
[2026-06-13 00:32:25,136] INFO - HTTP Request: POST https://jeniya.cn/v1/chat/completions "HTTP/1.1 200 OK"
[2026-06-13 00:32:28,478] INFO - HTTP Request: POST https://jeniya.cn/v1/chat/completions "HTTP/1.1 200 OK"
[2026-06-13 00:32:29,211] INFO - HTTP Request: POST https://jeniya.cn/v1/chat/completions "HTTP/1.1 200 OK"
[2026-06-13 00:32:32,155] INFO - HTTP Request: POST https://jeniya.cn/v1/chat/completions "HTTP/1.1 200 OK"
[2026-06-13 00:32:32,971] INFO - HTTP Request: POST https://jeniya.cn/v1/chat/completions "HTTP/1.1 200 OK"
[2026-06-13 00:32:33,315] INFO - Retrying request to /chat/completions in 0.433962 seconds
[2026-06-13 00:32:44,437] INFO - HTTP Request: POST https://jeniya.cn/v1/chat/completions "HTTP/1.1 200 OK"
[2026-06-13 00:32:47,375] INFO - HTTP Request: POST https://jeniya.cn/v1/chat/completions "HTTP/1.1 200 OK"
[2026-06-13 00:32:51,988] INFO - Retrying request to /chat/completions in 0.428905 seconds
[2026-06-13 00:32:55,268] INFO - Retrying request to /chat/completions in 0.410517 seconds
[2026-06-13 00:33:02,210] INFO - HTTP Request: POST https://jeniya.cn/v1/chat/completions "HTTP/1.1 200 OK"
[2026-06-13 00:33:04,419] INFO - HTTP Request: POST https://jeniya.cn/v1/chat/completions "HTTP/1.1 200 OK"
[2026-06-13 00:33:05,006] INFO - Retrying request to /chat/completions in 0.885004 seconds
[2026-06-13 00:33:05,910] INFO - HTTP Request: POST https://jeniya.cn/v1/chat/completions "HTTP/1.1 200 OK"
[2026-06-13 00:33:08,431] INFO - HTTP Request: POST https://jeniya.cn/v1/chat/completions "HTTP/1.1 200 OK"
[2026-06-13 00:33:15,611] INFO - HTTP Request: POST https://jeniya.cn/v1/chat/completions "HTTP/1.1 200 OK"
[2026-06-13 00:33:27,445] INFO - HTTP Request: POST https://jeniya.cn/v1/chat/completions "HTTP/1.1 200 OK"
[2026-06-13 00:33:28,979] INFO - HTTP Request: POST https://jeniya.cn/v1/chat/completions "HTTP/1.1 200 OK"
[2026-06-13 00:33:32,162] INFO - Retrying request to /chat/completions in 0.400715 seconds
[2026-06-13 00:33:33,221] INFO - HTTP Request: POST https://jeniya.cn/v1/chat/completions "HTTP/1.1 200 OK"
[2026-06-13 00:33:34,702] INFO - HTTP Request: POST https://jeniya.cn/v1/chat/completions "HTTP/1.1 200 OK"
[2026-06-13 00:33:36,902] INFO - HTTP Request: POST https://jeniya.cn/v1/chat/completions "HTTP/1.1 200 OK"
[2026-06-13 00:33:51,741] INFO - HTTP Request: POST https://jeniya.cn/v1/chat/completions "HTTP/1.1 200 OK"
[2026-06-13 00:33:53,002] INFO - HTTP Request: POST https://jeniya.cn/v1/chat/completions "HTTP/1.1 200 OK"
[2026-06-13 00:33:57,006] INFO - HTTP Request: POST https://jeniya.cn/v1/chat/completions "HTTP/1.1 200 OK"
[2026-06-13 00:33:58,960] INFO - HTTP Request: POST https://jeniya.cn/v1/chat/completions "HTTP/1.1 200 OK"
[2026-06-13 00:34:04,434] INFO - Retrying request to /chat/completions in 0.451431 seconds
[2026-06-13 00:34:13,078] INFO - HTTP Request: POST https://jeniya.cn/v1/chat/completions "HTTP/1.1 200 OK"
[2026-06-13 00:34:14,896] INFO - HTTP Request: POST https://jeniya.cn/v1/chat/completions "HTTP/1.1 200 OK"
[2026-06-13 00:34:16,851] INFO - HTTP Request: POST https://jeniya.cn/v1/chat/completions "HTTP/1.1 200 OK"
[2026-06-13 00:34:17,004] INFO - HTTP Request: POST https://jeniya.cn/v1/chat/completions "HTTP/1.1 200 OK"
[2026-06-13 00:34:18,233] INFO - HTTP Request: POST https://jeniya.cn/v1/chat/completions "HTTP/1.1 200 OK"
[2026-06-13 00:34:21,137] INFO - HTTP Request: POST https://jeniya.cn/v1/chat/completions "HTTP/1.1 200 OK"
[2026-06-13 00:34:21,342] INFO - HTTP Request: POST https://jeniya.cn/v1/chat/completions "HTTP/1.1 200 OK"
[2026-06-13 00:34:23,230] INFO - HTTP Request: POST https://jeniya.cn/v1/chat/completions "HTTP/1.1 200 OK"
[2026-06-13 00:34:29,421] INFO - HTTP Request: POST https://jeniya.cn/v1/chat/completions "HTTP/1.1 200 OK"
[2026-06-13 00:34:30,157] INFO - HTTP Request: POST https://jeniya.cn/v1/chat/completions "HTTP/1.1 200 OK"
[2026-06-13 00:34:31,934] INFO - HTTP Request: POST https://jeniya.cn/v1/chat/completions "HTTP/1.1 200 OK"
[2026-06-13 00:34:33,939] INFO - HTTP Request: POST https://jeniya.cn/v1/chat/completions "HTTP/1.1 200 OK"
[2026-06-13 00:34:34,236] INFO - HTTP Request: POST https://jeniya.cn/v1/chat/completions "HTTP/1.1 200 OK"
[2026-06-13 00:34:37,270] INFO - HTTP Request: POST https://jeniya.cn/v1/chat/completions "HTTP/1.1 200 OK"
[2026-06-13 00:34:37,924] INFO - HTTP Request: POST https://jeniya.cn/v1/chat/completions "HTTP/1.1 200 OK"
[2026-06-13 00:34:38,517] INFO - HTTP Request: POST https://jeniya.cn/v1/chat/completions "HTTP/1.1 200 OK"
[2026-06-13 00:34:43,088] INFO - HTTP Request: POST https://jeniya.cn/v1/chat/completions "HTTP/1.1 200 OK"
[2026-06-13 00:34:46,282] INFO - HTTP Request: POST https://jeniya.cn/v1/chat/completions "HTTP/1.1 200 OK"
[2026-06-13 00:34:47,553] INFO - HTTP Request: POST https://jeniya.cn/v1/chat/completions "HTTP/1.1 200 OK"
[2026-06-13 00:34:53,857] INFO - HTTP Request: POST https://jeniya.cn/v1/chat/completions "HTTP/1.1 200 OK"
[2026-06-13 00:34:54,545] INFO - HTTP Request: POST https://jeniya.cn/v1/chat/completions "HTTP/1.1 200 OK"
[2026-06-13 00:34:55,229] INFO - HTTP Request: POST https://jeniya.cn/v1/chat/completions "HTTP/1.1 200 OK"
[2026-06-13 00:34:56,075] INFO - HTTP Request: POST https://jeniya.cn/v1/chat/completions "HTTP/1.1 200 OK"
[2026-06-13 00:34:57,146] INFO - HTTP Request: POST https://jeniya.cn/v1/chat/completions "HTTP/1.1 200 OK"
[2026-06-13 00:34:57,863] INFO - HTTP Request: POST https://jeniya.cn/v1/chat/completions "HTTP/1.1 200 OK"
[2026-06-13 00:35:05,722] INFO - HTTP Request: POST https://jeniya.cn/v1/chat/completions "HTTP/1.1 200 OK"
[2026-06-13 00:35:07,016] INFO - HTTP Request: POST https://jeniya.cn/v1/chat/completions "HTTP/1.1 200 OK"
[2026-06-13 00:35:10,878] INFO - HTTP Request: POST https://jeniya.cn/v1/chat/completions "HTTP/1.1 200 OK"
[2026-06-13 00:35:13,427] INFO - HTTP Request: POST https://jeniya.cn/v1/chat/completions "HTTP/1.1 200 OK"
[2026-06-13 00:35:14,416] INFO - HTTP Request: POST https://jeniya.cn/v1/chat/completions "HTTP/1.1 200 OK"
[2026-06-13 00:35:16,242] INFO - HTTP Request: POST https://jeniya.cn/v1/chat/completions "HTTP/1.1 200 OK"
[2026-06-13 00:35:16,887] INFO - HTTP Request: POST https://jeniya.cn/v1/chat/completions "HTTP/1.1 200 OK"
[2026-06-13 00:35:21,083] INFO - HTTP Request: POST https://jeniya.cn/v1/chat/completions "HTTP/1.1 200 OK"
[2026-06-13 00:35:24,757] INFO - HTTP Request: POST https://jeniya.cn/v1/chat/completions "HTTP/1.1 200 OK"
[2026-06-13 00:35:25,015] INFO - HTTP Request: POST https://jeniya.cn/v1/chat/completions "HTTP/1.1 200 OK"
[2026-06-13 00:35:25,054] INFO - HTTP Request: POST https://jeniya.cn/v1/chat/completions "HTTP/1.1 200 OK"
[2026-06-13 00:35:32,009] INFO - HTTP Request: POST https://jeniya.cn/v1/chat/completions "HTTP/1.1 200 OK"
[2026-06-13 00:35:33,680] INFO - HTTP Request: POST https://jeniya.cn/v1/chat/completions "HTTP/1.1 200 OK"
[2026-06-13 00:35:34,765] INFO - HTTP Request: POST https://jeniya.cn/v1/chat/completions "HTTP/1.1 200 OK"
[2026-06-13 00:35:35,130] INFO - HTTP Request: POST https://jeniya.cn/v1/chat/completions "HTTP/1.1 200 OK"
[2026-06-13 00:35:35,173] INFO - HTTP Request: POST https://jeniya.cn/v1/chat/completions "HTTP/1.1 200 OK"
[2026-06-13 00:35:37,932] INFO - Retrying request to /chat/completions in 0.472557 seconds
[2026-06-13 00:35:39,838] INFO - HTTP Request: POST https://jeniya.cn/v1/chat/completions "HTTP/1.1 200 OK"
[2026-06-13 00:35:41,637] INFO - HTTP Request: POST https://jeniya.cn/v1/chat/completions "HTTP/1.1 200 OK"
[2026-06-13 00:35:47,840] INFO - HTTP Request: POST https://jeniya.cn/v1/chat/completions "HTTP/1.1 200 OK"
[2026-06-13 00:35:51,805] INFO - HTTP Request: POST https://jeniya.cn/v1/chat/completions "HTTP/1.1 200 OK"
[2026-06-13 00:35:52,269] INFO - HTTP Request: POST https://jeniya.cn/v1/chat/completions "HTTP/1.1 200 OK"
[2026-06-13 00:35:54,569] INFO - HTTP Request: POST https://jeniya.cn/v1/chat/completions "HTTP/1.1 200 OK"
[2026-06-13 00:35:54,962] INFO - HTTP Request: POST https://jeniya.cn/v1/chat/completions "HTTP/1.1 200 OK"
[2026-06-13 00:35:57,670] INFO - HTTP Request: POST https://jeniya.cn/v1/chat/completions "HTTP/1.1 200 OK"
[2026-06-13 00:36:00,244] INFO - HTTP Request: POST https://jeniya.cn/v1/chat/completions "HTTP/1.1 200 OK"
[2026-06-13 00:36:05,506] INFO - HTTP Request: POST https://jeniya.cn/v1/chat/completions "HTTP/1.1 200 OK"
[2026-06-13 00:36:05,726] INFO - Retrying request to /chat/completions in 0.471130 seconds
[2026-06-13 00:36:08,515] INFO - HTTP Request: POST https://jeniya.cn/v1/chat/completions "HTTP/1.1 200 OK"
[2026-06-13 00:36:09,905] INFO - HTTP Request: POST https://jeniya.cn/v1/chat/completions "HTTP/1.1 200 OK"
[2026-06-13 00:36:10,270] INFO - HTTP Request: POST https://jeniya.cn/v1/chat/completions "HTTP/1.1 200 OK"
[2026-06-13 00:36:11,101] INFO - HTTP Request: POST https://jeniya.cn/v1/chat/completions "HTTP/1.1 200 OK"
[2026-06-13 00:36:12,082] INFO - HTTP Request: POST https://jeniya.cn/v1/chat/completions "HTTP/1.1 200 OK"
[2026-06-13 00:36:13,785] INFO - HTTP Request: POST https://jeniya.cn/v1/chat/completions "HTTP/1.1 200 OK"
[2026-06-13 00:36:21,361] INFO - HTTP Request: POST https://jeniya.cn/v1/chat/completions "HTTP/1.1 200 OK"
[2026-06-13 00:36:22,195] INFO - HTTP Request: POST https://jeniya.cn/v1/chat/completions "HTTP/1.1 200 OK"
[2026-06-13 00:36:24,456] INFO - HTTP Request: POST https://jeniya.cn/v1/chat/completions "HTTP/1.1 200 OK"
[2026-06-13 00:36:25,982] INFO - HTTP Request: POST https://jeniya.cn/v1/chat/completions "HTTP/1.1 200 OK"
[2026-06-13 00:36:26,278] INFO - HTTP Request: POST https://jeniya.cn/v1/chat/completions "HTTP/1.1 200 OK"
[2026-06-13 00:36:27,102] INFO - HTTP Request: POST https://jeniya.cn/v1/chat/completions "HTTP/1.1 200 OK"
[2026-06-13 00:36:27,317] INFO - HTTP Request: POST https://jeniya.cn/v1/chat/completions "HTTP/1.1 200 OK"
[2026-06-13 00:36:27,349] INFO - HTTP Request: POST https://jeniya.cn/v1/chat/completions "HTTP/1.1 200 OK"
[2026-06-13 00:36:28,028] INFO - HTTP Request: POST https://jeniya.cn/v1/chat/completions "HTTP/1.1 200 OK"
[2026-06-13 00:36:28,990] INFO - HTTP Request: POST https://jeniya.cn/v1/chat/completions "HTTP/1.1 200 OK"
[2026-06-13 00:36:29,861] INFO - HTTP Request: POST https://jeniya.cn/v1/chat/completions "HTTP/1.1 200 OK"
[2026-06-13 00:36:31,427] INFO - HTTP Request: POST https://jeniya.cn/v1/chat/completions "HTTP/1.1 200 OK"
[2026-06-13 00:36:39,528] INFO - HTTP Request: POST https://jeniya.cn/v1/chat/completions "HTTP/1.1 200 OK"
[2026-06-13 00:36:44,133] INFO - HTTP Request: POST https://jeniya.cn/v1/chat/completions "HTTP/1.1 200 OK"
[2026-06-13 00:36:46,871] INFO - HTTP Request: POST https://jeniya.cn/v1/chat/completions "HTTP/1.1 200 OK"
[2026-06-13 00:36:46,899] INFO - HTTP Request: POST https://jeniya.cn/v1/chat/completions "HTTP/1.1 200 OK"
[2026-06-13 00:36:47,586] INFO - HTTP Request: POST https://jeniya.cn/v1/chat/completions "HTTP/1.1 200 OK"
[2026-06-13 00:36:48,887] INFO - HTTP Request: POST https://jeniya.cn/v1/chat/completions "HTTP/1.1 200 OK"
[2026-06-13 00:36:52,480] INFO - HTTP Request: POST https://jeniya.cn/v1/chat/completions "HTTP/1.1 200 OK"
[2026-06-13 00:36:54,536] INFO - HTTP Request: POST https://jeniya.cn/v1/chat/completions "HTTP/1.1 200 OK"
[2026-06-13 00:36:56,950] INFO - HTTP Request: POST https://jeniya.cn/v1/chat/completions "HTTP/1.1 200 OK"
[2026-06-13 00:36:59,730] INFO - HTTP Request: POST https://jeniya.cn/v1/chat/completions "HTTP/1.1 200 OK"
[2026-06-13 00:37:02,215] INFO - HTTP Request: POST https://jeniya.cn/v1/chat/completions "HTTP/1.1 200 OK"
[2026-06-13 00:37:02,664] INFO - HTTP Request: POST https://jeniya.cn/v1/chat/completions "HTTP/1.1 200 OK"
[2026-06-13 00:37:03,128] INFO - HTTP Request: POST https://jeniya.cn/v1/chat/completions "HTTP/1.1 200 OK"
[2026-06-13 00:37:05,036] INFO - HTTP Request: POST https://jeniya.cn/v1/chat/completions "HTTP/1.1 200 OK"
[2026-06-13 00:37:08,447] INFO - HTTP Request: POST https://jeniya.cn/v1/chat/completions "HTTP/1.1 200 OK"
[2026-06-13 00:37:09,444] INFO - HTTP Request: POST https://jeniya.cn/v1/chat/completions "HTTP/1.1 200 OK"
[2026-06-13 00:37:12,873] INFO - HTTP Request: POST https://jeniya.cn/v1/chat/completions "HTTP/1.1 200 OK"
[2026-06-13 00:37:18,233] INFO - HTTP Request: POST https://jeniya.cn/v1/chat/completions "HTTP/1.1 200 OK"
[2026-06-13 00:37:18,286] INFO - HTTP Request: POST https://jeniya.cn/v1/chat/completions "HTTP/1.1 200 OK"
[2026-06-13 00:37:20,655] INFO - HTTP Request: POST https://jeniya.cn/v1/chat/completions "HTTP/1.1 200 OK"
[2026-06-13 00:37:20,973] INFO - HTTP Request: POST https://jeniya.cn/v1/chat/completions "HTTP/1.1 200 OK"
[2026-06-13 00:37:22,057] INFO - HTTP Request: POST https://jeniya.cn/v1/chat/completions "HTTP/1.1 200 OK"
[2026-06-13 00:37:30,415] INFO - HTTP Request: POST https://jeniya.cn/v1/chat/completions "HTTP/1.1 200 OK"
[2026-06-13 00:37:32,077] INFO - HTTP Request: POST https://jeniya.cn/v1/chat/completions "HTTP/1.1 200 OK"
[2026-06-13 00:37:32,488] INFO - HTTP Request: POST https://jeniya.cn/v1/chat/completions "HTTP/1.1 200 OK"
[2026-06-13 00:37:32,746] INFO - HTTP Request: POST https://jeniya.cn/v1/chat/completions "HTTP/1.1 200 OK"
[2026-06-13 00:37:35,824] INFO - HTTP Request: POST https://jeniya.cn/v1/chat/completions "HTTP/1.1 200 OK"
[2026-06-13 00:37:36,882] INFO - HTTP Request: POST https://jeniya.cn/v1/chat/completions "HTTP/1.1 200 OK"
[2026-06-13 00:37:38,061] INFO - HTTP Request: POST https://jeniya.cn/v1/chat/completions "HTTP/1.1 200 OK"
[2026-06-13 00:37:38,772] INFO - HTTP Request: POST https://jeniya.cn/v1/chat/completions "HTTP/1.1 200 OK"
[2026-06-13 00:37:47,345] INFO - HTTP Request: POST https://jeniya.cn/v1/chat/completions "HTTP/1.1 200 OK"
[2026-06-13 00:37:53,375] INFO - HTTP Request: POST https://jeniya.cn/v1/chat/completions "HTTP/1.1 200 OK"
[2026-06-13 00:37:54,365] INFO - HTTP Request: POST https://jeniya.cn/v1/chat/completions "HTTP/1.1 200 OK"
[2026-06-13 00:37:55,847] INFO - HTTP Request: POST https://jeniya.cn/v1/chat/completions "HTTP/1.1 200 OK"
[2026-06-13 00:37:58,348] INFO - HTTP Request: POST https://jeniya.cn/v1/chat/completions "HTTP/1.1 200 OK"
[2026-06-13 00:37:58,801] INFO - HTTP Request: POST https://jeniya.cn/v1/chat/completions "HTTP/1.1 200 OK"
[2026-06-13 00:37:59,733] INFO - Retrying request to /chat/completions in 0.419244 seconds
[2026-06-13 00:38:02,668] INFO - Retrying request to /chat/completions in 0.460383 seconds
[2026-06-13 00:38:12,276] INFO - HTTP Request: POST https://jeniya.cn/v1/chat/completions "HTTP/1.1 200 OK"
[2026-06-13 00:38:13,909] INFO - HTTP Request: POST https://jeniya.cn/v1/chat/completions "HTTP/1.1 200 OK"
[2026-06-13 00:38:14,826] INFO - HTTP Request: POST https://jeniya.cn/v1/chat/completions "HTTP/1.1 200 OK"
[2026-06-13 00:38:15,383] INFO - HTTP Request: POST https://jeniya.cn/v1/chat/completions "HTTP/1.1 200 OK"
[2026-06-13 00:38:22,442] INFO - HTTP Request: POST https://jeniya.cn/v1/chat/completions "HTTP/1.1 200 OK"
[2026-06-13 00:38:27,880] INFO - HTTP Request: POST https://jeniya.cn/v1/chat/completions "HTTP/1.1 200 OK"
[2026-06-13 00:38:29,670] INFO - HTTP Request: POST https://jeniya.cn/v1/chat/completions "HTTP/1.1 200 OK"
[2026-06-13 00:38:32,019] INFO - HTTP Request: POST https://jeniya.cn/v1/chat/completions "HTTP/1.1 200 OK"
[2026-06-13 00:38:32,486] INFO - HTTP Request: POST https://jeniya.cn/v1/chat/completions "HTTP/1.1 200 OK"
[2026-06-13 00:38:34,882] INFO - HTTP Request: POST https://jeniya.cn/v1/chat/completions "HTTP/1.1 200 OK"
[2026-06-13 00:38:35,566] INFO - HTTP Request: POST https://jeniya.cn/v1/chat/completions "HTTP/1.1 200 OK"
[2026-06-13 00:38:35,950] INFO - HTTP Request: POST https://jeniya.cn/v1/chat/completions "HTTP/1.1 200 OK"
[2026-06-13 00:38:36,006] INFO - HTTP Request: POST https://jeniya.cn/v1/chat/completions "HTTP/1.1 200 OK"
[2026-06-13 00:38:42,025] INFO - HTTP Request: POST https://jeniya.cn/v1/chat/completions "HTTP/1.1 200 OK"
[2026-06-13 00:38:46,738] INFO - HTTP Request: POST https://jeniya.cn/v1/chat/completions "HTTP/1.1 200 OK"
[2026-06-13 00:38:47,359] INFO - Retrying request to /chat/completions in 0.462223 seconds
[2026-06-13 00:38:52,778] INFO - HTTP Request: POST https://jeniya.cn/v1/chat/completions "HTTP/1.1 200 OK"
[2026-06-13 00:38:53,381] INFO - Retrying request to /chat/completions in 0.412505 seconds
[2026-06-13 00:38:57,627] INFO - HTTP Request: POST https://jeniya.cn/v1/chat/completions "HTTP/1.1 200 OK"
[2026-06-13 00:38:59,184] INFO - HTTP Request: POST https://jeniya.cn/v1/chat/completions "HTTP/1.1 200 OK"
[2026-06-13 00:39:00,008] INFO - HTTP Request: POST https://jeniya.cn/v1/chat/completions "HTTP/1.1 200 OK"
[2026-06-13 00:39:09,427] INFO - HTTP Request: POST https://jeniya.cn/v1/chat/completions "HTTP/1.1 200 OK"
[2026-06-13 00:39:11,438] INFO - HTTP Request: POST https://jeniya.cn/v1/chat/completions "HTTP/1.1 200 OK"
[2026-06-13 00:39:18,951] INFO - HTTP Request: POST https://jeniya.cn/v1/chat/completions "HTTP/1.1 200 OK"
[2026-06-13 00:39:19,945] INFO - HTTP Request: POST https://jeniya.cn/v1/chat/completions "HTTP/1.1 200 OK"
[2026-06-13 00:39:25,065] INFO - HTTP Request: POST https://jeniya.cn/v1/chat/completions "HTTP/1.1 200 OK"
[2026-06-13 00:39:25,832] INFO - HTTP Request: POST https://jeniya.cn/v1/chat/completions "HTTP/1.1 200 OK"
[2026-06-13 00:39:28,831] INFO - HTTP Request: POST https://jeniya.cn/v1/chat/completions "HTTP/1.1 200 OK"
[2026-06-13 00:39:29,675] INFO - Retrying request to /chat/completions in 0.400914 seconds
[2026-06-13 00:39:32,262] INFO - HTTP Request: POST https://jeniya.cn/v1/chat/completions "HTTP/1.1 200 OK"
[2026-06-13 00:39:33,141] INFO - HTTP Request: POST https://jeniya.cn/v1/chat/completions "HTTP/1.1 200 OK"
[2026-06-13 00:39:33,979] INFO - HTTP Request: POST https://jeniya.cn/v1/chat/completions "HTTP/1.1 200 OK"
[2026-06-13 00:39:34,739] INFO - HTTP Request: POST https://jeniya.cn/v1/chat/completions "HTTP/1.1 200 OK"
[2026-06-13 00:39:36,697] INFO - HTTP Request: POST https://jeniya.cn/v1/chat/completions "HTTP/1.1 200 OK"
[2026-06-13 00:39:43,404] INFO - HTTP Request: POST https://jeniya.cn/v1/chat/completions "HTTP/1.1 200 OK"
[2026-06-13 00:39:51,104] INFO - HTTP Request: POST https://jeniya.cn/v1/chat/completions "HTTP/1.1 200 OK"
[2026-06-13 00:39:51,316] INFO - HTTP Request: POST https://jeniya.cn/v1/chat/completions "HTTP/1.1 200 OK"
[2026-06-13 00:39:52,378] INFO - HTTP Request: POST https://jeniya.cn/v1/chat/completions "HTTP/1.1 200 OK"
[2026-06-13 00:39:52,770] INFO - HTTP Request: POST https://jeniya.cn/v1/chat/completions "HTTP/1.1 200 OK"
[2026-06-13 00:39:54,431] INFO - HTTP Request: POST https://jeniya.cn/v1/chat/completions "HTTP/1.1 200 OK"
[2026-06-13 00:39:57,709] INFO - HTTP Request: POST https://jeniya.cn/v1/chat/completions "HTTP/1.1 200 OK"
[2026-06-13 00:40:00,863] INFO - HTTP Request: POST https://jeniya.cn/v1/chat/completions "HTTP/1.1 200 OK"
[2026-06-13 00:40:05,545] INFO - HTTP Request: POST https://jeniya.cn/v1/chat/completions "HTTP/1.1 200 OK"
[2026-06-13 00:40:06,160] INFO - HTTP Request: POST https://jeniya.cn/v1/chat/completions "HTTP/1.1 200 OK"
[2026-06-13 00:40:09,442] INFO - Retrying request to /chat/completions in 0.454291 seconds
[2026-06-13 00:40:09,448] INFO - HTTP Request: POST https://jeniya.cn/v1/chat/completions "HTTP/1.1 200 OK"
[2026-06-13 00:40:17,065] INFO - HTTP Request: POST https://jeniya.cn/v1/chat/completions "HTTP/1.1 200 OK"
[2026-06-13 00:40:17,264] INFO - HTTP Request: POST https://jeniya.cn/v1/chat/completions "HTTP/1.1 200 OK"
[2026-06-13 00:40:19,408] INFO - HTTP Request: POST https://jeniya.cn/v1/chat/completions "HTTP/1.1 200 OK"
[2026-06-13 00:40:19,500] INFO - HTTP Request: POST https://jeniya.cn/v1/chat/completions "HTTP/1.1 200 OK"
[2026-06-13 00:40:19,947] INFO - Retrying request to /chat/completions in 0.439866 seconds
[2026-06-13 00:40:22,623] INFO - HTTP Request: POST https://jeniya.cn/v1/chat/completions "HTTP/1.1 200 OK"
[2026-06-13 00:40:24,592] INFO - HTTP Request: POST https://jeniya.cn/v1/chat/completions "HTTP/1.1 200 OK"
[2026-06-13 00:40:27,324] INFO - HTTP Request: POST https://jeniya.cn/v1/chat/completions "HTTP/1.1 200 OK"
[2026-06-13 00:40:27,366] INFO - HTTP Request: POST https://jeniya.cn/v1/chat/completions "HTTP/1.1 200 OK"
[2026-06-13 00:40:28,522] INFO - HTTP Request: POST https://jeniya.cn/v1/chat/completions "HTTP/1.1 200 OK"
[2026-06-13 00:40:29,173] INFO - HTTP Request: POST https://jeniya.cn/v1/chat/completions "HTTP/1.1 200 OK"
[2026-06-13 00:40:35,209] INFO - HTTP Request: POST https://jeniya.cn/v1/chat/completions "HTTP/1.1 200 OK"
[2026-06-13 00:40:36,796] INFO - HTTP Request: POST https://jeniya.cn/v1/chat/completions "HTTP/1.1 200 OK"
[2026-06-13 00:40:36,897] INFO - HTTP Request: POST https://jeniya.cn/v1/chat/completions "HTTP/1.1 200 OK"
[2026-06-13 00:40:40,416] INFO - HTTP Request: POST https://jeniya.cn/v1/chat/completions "HTTP/1.1 200 OK"
[2026-06-13 00:40:41,763] INFO - HTTP Request: POST https://jeniya.cn/v1/chat/completions "HTTP/1.1 200 OK"
[2026-06-13 00:40:44,689] INFO - HTTP Request: POST https://jeniya.cn/v1/chat/completions "HTTP/1.1 200 OK"
[2026-06-13 00:40:46,756] INFO - HTTP Request: POST https://jeniya.cn/v1/chat/completions "HTTP/1.1 200 OK"
[2026-06-13 00:40:48,812] INFO - HTTP Request: POST https://jeniya.cn/v1/chat/completions "HTTP/1.1 200 OK"
[2026-06-13 00:40:51,012] INFO - HTTP Request: POST https://jeniya.cn/v1/chat/completions "HTTP/1.1 200 OK"
[2026-06-13 00:40:53,875] INFO - HTTP Request: POST https://jeniya.cn/v1/chat/completions "HTTP/1.1 200 OK"
[2026-06-13 00:40:56,323] INFO - HTTP Request: POST https://jeniya.cn/v1/chat/completions "HTTP/1.1 200 OK"
[2026-06-13 00:40:57,227] INFO - HTTP Request: POST https://jeniya.cn/v1/chat/completions "HTTP/1.1 200 OK"
[2026-06-13 00:40:58,055] INFO - HTTP Request: POST https://jeniya.cn/v1/chat/completions "HTTP/1.1 200 OK"
[2026-06-13 00:41:02,762] INFO - HTTP Request: POST https://jeniya.cn/v1/chat/completions "HTTP/1.1 200 OK"
[2026-06-13 00:41:03,618] INFO - HTTP Request: POST https://jeniya.cn/v1/chat/completions "HTTP/1.1 200 OK"
[2026-06-13 00:41:08,463] INFO - HTTP Request: POST https://jeniya.cn/v1/chat/completions "HTTP/1.1 200 OK"
[2026-06-13 00:41:08,490] INFO - HTTP Request: POST https://jeniya.cn/v1/chat/completions "HTTP/1.1 200 OK"
[2026-06-13 00:41:09,229] INFO - HTTP Request: POST https://jeniya.cn/v1/chat/completions "HTTP/1.1 200 OK"
[2026-06-13 00:41:09,828] INFO - HTTP Request: POST https://jeniya.cn/v1/chat/completions "HTTP/1.1 200 OK"
[2026-06-13 00:41:12,767] INFO - HTTP Request: POST https://jeniya.cn/v1/chat/completions "HTTP/1.1 200 OK"
[2026-06-13 00:41:12,814] INFO - HTTP Request: POST https://jeniya.cn/v1/chat/completions "HTTP/1.1 200 OK"
[2026-06-13 00:41:13,507] INFO - HTTP Request: POST https://jeniya.cn/v1/chat/completions "HTTP/1.1 200 OK"
[2026-06-13 00:41:16,546] INFO - HTTP Request: POST https://jeniya.cn/v1/chat/completions "HTTP/1.1 200 OK"
[2026-06-13 00:41:17,006] INFO - HTTP Request: POST https://jeniya.cn/v1/chat/completions "HTTP/1.1 200 OK"
[2026-06-13 00:41:18,405] INFO - HTTP Request: POST https://jeniya.cn/v1/chat/completions "HTTP/1.1 200 OK"
[2026-06-13 00:41:19,180] INFO - HTTP Request: POST https://jeniya.cn/v1/chat/completions "HTTP/1.1 200 OK"
[2026-06-13 00:41:20,693] INFO - HTTP Request: POST https://jeniya.cn/v1/chat/completions "HTTP/1.1 200 OK"
[2026-06-13 00:41:26,543] INFO - HTTP Request: POST https://jeniya.cn/v1/chat/completions "HTTP/1.1 200 OK"
[2026-06-13 00:41:29,639] INFO - HTTP Request: POST https://jeniya.cn/v1/chat/completions "HTTP/1.1 200 OK"
[2026-06-13 00:41:30,092] INFO - HTTP Request: POST https://jeniya.cn/v1/chat/completions "HTTP/1.1 200 OK"
[2026-06-13 00:41:30,269] INFO - HTTP Request: POST https://jeniya.cn/v1/chat/completions "HTTP/1.1 200 OK"
[2026-06-13 00:41:32,378] INFO - HTTP Request: POST https://jeniya.cn/v1/chat/completions "HTTP/1.1 200 OK"
[2026-06-13 00:41:32,744] INFO - HTTP Request: POST https://jeniya.cn/v1/chat/completions "HTTP/1.1 200 OK"
[2026-06-13 00:41:34,317] INFO - HTTP Request: POST https://jeniya.cn/v1/chat/completions "HTTP/1.1 200 OK"
[2026-06-13 00:41:38,507] INFO - HTTP Request: POST https://jeniya.cn/v1/chat/completions "HTTP/1.1 200 OK"
[2026-06-13 00:41:39,269] INFO - HTTP Request: POST https://jeniya.cn/v1/chat/completions "HTTP/1.1 200 OK"
[2026-06-13 00:41:47,553] INFO - HTTP Request: POST https://jeniya.cn/v1/chat/completions "HTTP/1.1 200 OK"
[2026-06-13 00:41:51,412] INFO - HTTP Request: POST https://jeniya.cn/v1/chat/completions "HTTP/1.1 200 OK"
[2026-06-13 00:41:52,178] INFO - HTTP Request: POST https://jeniya.cn/v1/chat/completions "HTTP/1.1 200 OK"
[2026-06-13 00:41:53,053] INFO - HTTP Request: POST https://jeniya.cn/v1/chat/completions "HTTP/1.1 200 OK"
[2026-06-13 00:41:55,045] INFO - HTTP Request: POST https://jeniya.cn/v1/chat/completions "HTTP/1.1 200 OK"
[2026-06-13 00:41:59,381] INFO - HTTP Request: POST https://jeniya.cn/v1/chat/completions "HTTP/1.1 200 OK"
[2026-06-13 00:41:59,744] INFO - HTTP Request: POST https://jeniya.cn/v1/chat/completions "HTTP/1.1 200 OK"
[2026-06-13 00:42:00,040] INFO - HTTP Request: POST https://jeniya.cn/v1/chat/completions "HTTP/1.1 200 OK"
[2026-06-13 00:42:07,438] INFO - HTTP Request: POST https://jeniya.cn/v1/chat/completions "HTTP/1.1 200 OK"
[2026-06-13 00:42:09,316] INFO - HTTP Request: POST https://jeniya.cn/v1/chat/completions "HTTP/1.1 200 OK"
[2026-06-13 00:42:09,930] INFO - HTTP Request: POST https://jeniya.cn/v1/chat/completions "HTTP/1.1 200 OK"
[2026-06-13 00:42:12,769] INFO - Retrying request to /chat/completions in 0.431448 seconds
[2026-06-13 00:42:14,058] INFO - HTTP Request: POST https://jeniya.cn/v1/chat/completions "HTTP/1.1 200 OK"
[2026-06-13 00:42:14,731] INFO - HTTP Request: POST https://jeniya.cn/v1/chat/completions "HTTP/1.1 200 OK"
[2026-06-13 00:42:15,506] INFO - HTTP Request: POST https://jeniya.cn/v1/chat/completions "HTTP/1.1 200 OK"
[2026-06-13 00:42:18,516] INFO - HTTP Request: POST https://jeniya.cn/v1/chat/completions "HTTP/1.1 200 OK"
[2026-06-13 00:42:18,687] INFO - HTTP Request: POST https://jeniya.cn/v1/chat/completions "HTTP/1.1 200 OK"
[2026-06-13 00:42:22,001] INFO - HTTP Request: POST https://jeniya.cn/v1/chat/completions "HTTP/1.1 200 OK"
[2026-06-13 00:42:28,518] INFO - HTTP Request: POST https://jeniya.cn/v1/chat/completions "HTTP/1.1 200 OK"
[2026-06-13 00:42:29,799] INFO - HTTP Request: POST https://jeniya.cn/v1/chat/completions "HTTP/1.1 200 OK"
[2026-06-13 00:42:30,991] INFO - HTTP Request: POST https://jeniya.cn/v1/chat/completions "HTTP/1.1 200 OK"
[2026-06-13 00:42:32,460] INFO - HTTP Request: POST https://jeniya.cn/v1/chat/completions "HTTP/1.1 200 OK"
[2026-06-13 00:42:33,802] INFO - HTTP Request: POST https://jeniya.cn/v1/chat/completions "HTTP/1.1 200 OK"
[2026-06-13 00:42:35,532] INFO - HTTP Request: POST https://jeniya.cn/v1/chat/completions "HTTP/1.1 200 OK"
[2026-06-13 00:42:38,966] INFO - HTTP Request: POST https://jeniya.cn/v1/chat/completions "HTTP/1.1 200 OK"
[2026-06-13 00:42:44,523] INFO - HTTP Request: POST https://jeniya.cn/v1/chat/completions "HTTP/1.1 200 OK"
[2026-06-13 00:42:46,702] INFO - HTTP Request: POST https://jeniya.cn/v1/chat/completions "HTTP/1.1 200 OK"
[2026-06-13 00:42:49,805] INFO - HTTP Request: POST https://jeniya.cn/v1/chat/completions "HTTP/1.1 200 OK"
[2026-06-13 00:42:50,847] INFO - HTTP Request: POST https://jeniya.cn/v1/chat/completions "HTTP/1.1 200 OK"
[2026-06-13 00:42:52,222] INFO - HTTP Request: POST https://jeniya.cn/v1/chat/completions "HTTP/1.1 200 OK"
[2026-06-13 00:42:58,877] INFO - HTTP Request: POST https://jeniya.cn/v1/chat/completions "HTTP/1.1 200 OK"
[2026-06-13 00:43:00,896] INFO - HTTP Request: POST https://jeniya.cn/v1/chat/completions "HTTP/1.1 200 OK"
[2026-06-13 00:43:01,834] INFO - HTTP Request: POST https://jeniya.cn/v1/chat/completions "HTTP/1.1 200 OK"
[2026-06-13 00:43:02,413] INFO - HTTP Request: POST https://jeniya.cn/v1/chat/completions "HTTP/1.1 200 OK"
[2026-06-13 00:43:02,651] INFO - HTTP Request: POST https://jeniya.cn/v1/chat/completions "HTTP/1.1 200 OK"
[2026-06-13 00:43:03,757] INFO - HTTP Request: POST https://jeniya.cn/v1/chat/completions "HTTP/1.1 200 OK"
[2026-06-13 00:43:04,211] INFO - HTTP Request: POST https://jeniya.cn/v1/chat/completions "HTTP/1.1 200 OK"
[2026-06-13 00:43:05,388] INFO - HTTP Request: POST https://jeniya.cn/v1/chat/completions "HTTP/1.1 200 OK"
[2026-06-13 00:43:05,391] INFO - HTTP Request: POST https://jeniya.cn/v1/chat/completions "HTTP/1.1 200 OK"
[2026-06-13 00:43:07,202] INFO - HTTP Request: POST https://jeniya.cn/v1/chat/completions "HTTP/1.1 200 OK"
[2026-06-13 00:43:07,700] INFO - HTTP Request: POST https://jeniya.cn/v1/chat/completions "HTTP/1.1 200 OK"
[2026-06-13 00:43:14,355] INFO - HTTP Request: POST https://jeniya.cn/v1/chat/completions "HTTP/1.1 200 OK"
[2026-06-13 00:43:19,697] INFO - HTTP Request: POST https://jeniya.cn/v1/chat/completions "HTTP/1.1 200 OK"
[2026-06-13 00:43:20,427] INFO - HTTP Request: POST https://jeniya.cn/v1/chat/completions "HTTP/1.1 200 OK"
[2026-06-13 00:43:20,755] INFO - HTTP Request: POST https://jeniya.cn/v1/chat/completions "HTTP/1.1 200 OK"
[2026-06-13 00:43:21,686] INFO - HTTP Request: POST https://jeniya.cn/v1/chat/completions "HTTP/1.1 200 OK"
[2026-06-13 00:43:22,683] INFO - HTTP Request: POST https://jeniya.cn/v1/chat/completions "HTTP/1.1 200 OK"
[2026-06-13 00:43:24,368] INFO - HTTP Request: POST https://jeniya.cn/v1/chat/completions "HTTP/1.1 200 OK"
[2026-06-13 00:43:24,470] INFO - HTTP Request: POST https://jeniya.cn/v1/chat/completions "HTTP/1.1 200 OK"
[2026-06-13 00:43:29,227] INFO - HTTP Request: POST https://jeniya.cn/v1/chat/completions "HTTP/1.1 200 OK"
[2026-06-13 00:43:30,027] INFO - HTTP Request: POST https://jeniya.cn/v1/chat/completions "HTTP/1.1 200 OK"
[2026-06-13 00:43:30,031] INFO - HTTP Request: POST https://jeniya.cn/v1/chat/completions "HTTP/1.1 200 OK"
[2026-06-13 00:43:35,526] INFO - HTTP Request: POST https://jeniya.cn/v1/chat/completions "HTTP/1.1 200 OK"
[2026-06-13 00:43:36,054] INFO - HTTP Request: POST https://jeniya.cn/v1/chat/completions "HTTP/1.1 200 OK"
[2026-06-13 00:43:39,788] INFO - HTTP Request: POST https://jeniya.cn/v1/chat/completions "HTTP/1.1 200 OK"
[2026-06-13 00:43:40,575] INFO - HTTP Request: POST https://jeniya.cn/v1/chat/completions "HTTP/1.1 200 OK"
[2026-06-13 00:43:41,305] INFO - HTTP Request: POST https://jeniya.cn/v1/chat/completions "HTTP/1.1 200 OK"
[2026-06-13 00:43:44,145] INFO - HTTP Request: POST https://jeniya.cn/v1/chat/completions "HTTP/1.1 200 OK"
[2026-06-13 00:43:45,233] INFO - HTTP Request: POST https://jeniya.cn/v1/chat/completions "HTTP/1.1 200 OK"
[2026-06-13 00:43:45,706] INFO - HTTP Request: POST https://jeniya.cn/v1/chat/completions "HTTP/1.1 200 OK"
[2026-06-13 00:43:46,885] INFO - HTTP Request: POST https://jeniya.cn/v1/chat/completions "HTTP/1.1 200 OK"
[2026-06-13 00:43:47,416] INFO - HTTP Request: POST https://jeniya.cn/v1/chat/completions "HTTP/1.1 200 OK"
[2026-06-13 00:43:50,458] INFO - HTTP Request: POST https://jeniya.cn/v1/chat/completions "HTTP/1.1 200 OK"
[2026-06-13 00:43:51,864] INFO - HTTP Request: POST https://jeniya.cn/v1/chat/completions "HTTP/1.1 200 OK"
[2026-06-13 00:43:52,365] INFO - HTTP Request: POST https://jeniya.cn/v1/chat/completions "HTTP/1.1 200 OK"
[2026-06-13 00:44:00,997] INFO - HTTP Request: POST https://jeniya.cn/v1/chat/completions "HTTP/1.1 200 OK"
[2026-06-13 00:44:04,039] INFO - HTTP Request: POST https://jeniya.cn/v1/chat/completions "HTTP/1.1 200 OK"
[2026-06-13 00:44:04,097] INFO - HTTP Request: POST https://jeniya.cn/v1/chat/completions "HTTP/1.1 200 OK"
[2026-06-13 00:44:04,197] INFO - HTTP Request: POST https://jeniya.cn/v1/chat/completions "HTTP/1.1 200 OK"
[2026-06-13 00:44:04,649] INFO - HTTP Request: POST https://jeniya.cn/v1/chat/completions "HTTP/1.1 200 OK"
[2026-06-13 00:44:05,270] INFO - HTTP Request: POST https://jeniya.cn/v1/chat/completions "HTTP/1.1 200 OK"
[2026-06-13 00:44:05,668] INFO - HTTP Request: POST https://jeniya.cn/v1/chat/completions "HTTP/1.1 200 OK"
[2026-06-13 00:44:06,657] INFO - HTTP Request: POST https://jeniya.cn/v1/chat/completions "HTTP/1.1 200 OK"
[2026-06-13 00:44:08,106] INFO - HTTP Request: POST https://jeniya.cn/v1/chat/completions "HTTP/1.1 200 OK"
[2026-06-13 00:44:08,606] INFO - HTTP Request: POST https://jeniya.cn/v1/chat/completions "HTTP/1.1 200 OK"
[2026-06-13 00:44:19,178] INFO - HTTP Request: POST https://jeniya.cn/v1/chat/completions "HTTP/1.1 200 OK"
[2026-06-13 00:44:22,653] INFO - HTTP Request: POST https://jeniya.cn/v1/chat/completions "HTTP/1.1 200 OK"
[2026-06-13 00:44:22,996] INFO - HTTP Request: POST https://jeniya.cn/v1/chat/completions "HTTP/1.1 200 OK"
[2026-06-13 00:44:23,492] INFO - HTTP Request: POST https://jeniya.cn/v1/chat/completions "HTTP/1.1 200 OK"
[2026-06-13 00:44:24,686] INFO - HTTP Request: POST https://jeniya.cn/v1/chat/completions "HTTP/1.1 200 OK"
[2026-06-13 00:44:25,068] INFO - HTTP Request: POST https://jeniya.cn/v1/chat/completions "HTTP/1.1 200 OK"
[2026-06-13 00:44:26,448] INFO - HTTP Request: POST https://jeniya.cn/v1/chat/completions "HTTP/1.1 200 OK"
[2026-06-13 00:44:26,485] INFO - HTTP Request: POST https://jeniya.cn/v1/chat/completions "HTTP/1.1 200 OK"
[2026-06-13 00:44:26,794] INFO - HTTP Request: POST https://jeniya.cn/v1/chat/completions "HTTP/1.1 200 OK"
[2026-06-13 00:44:28,348] INFO - HTTP Request: POST https://jeniya.cn/v1/chat/completions "HTTP/1.1 200 OK"
[2026-06-13 00:44:29,121] INFO - HTTP Request: POST https://jeniya.cn/v1/chat/completions "HTTP/1.1 200 OK"
[2026-06-13 00:44:29,949] INFO - HTTP Request: POST https://jeniya.cn/v1/chat/completions "HTTP/1.1 200 OK"
[2026-06-13 00:44:30,097] INFO - HTTP Request: POST https://jeniya.cn/v1/chat/completions "HTTP/1.1 200 OK"
[2026-06-13 00:44:30,304] INFO - HTTP Request: POST https://jeniya.cn/v1/chat/completions "HTTP/1.1 200 OK"
[2026-06-13 00:44:31,093] INFO - HTTP Request: POST https://jeniya.cn/v1/chat/completions "HTTP/1.1 200 OK"
[2026-06-13 00:44:31,292] INFO - HTTP Request: POST https://jeniya.cn/v1/chat/completions "HTTP/1.1 200 OK"
[2026-06-13 00:44:31,846] INFO - HTTP Request: POST https://jeniya.cn/v1/chat/completions "HTTP/1.1 200 OK"
[2026-06-13 00:44:32,223] INFO - HTTP Request: POST https://jeniya.cn/v1/chat/completions "HTTP/1.1 200 OK"
[2026-06-13 00:44:32,293] INFO - HTTP Request: POST https://jeniya.cn/v1/chat/completions "HTTP/1.1 200 OK"
[2026-06-13 00:44:34,409] INFO - HTTP Request: POST https://jeniya.cn/v1/chat/completions "HTTP/1.1 200 OK"
[2026-06-13 00:44:35,448] INFO - HTTP Request: POST https://jeniya.cn/v1/chat/completions "HTTP/1.1 200 OK"
[2026-06-13 00:44:37,624] INFO - HTTP Request: POST https://jeniya.cn/v1/chat/completions "HTTP/1.1 200 OK"
[2026-06-13 00:44:39,182] INFO - HTTP Request: POST https://jeniya.cn/v1/chat/completions "HTTP/1.1 200 OK"
[2026-06-13 00:44:39,771] INFO - HTTP Request: POST https://jeniya.cn/v1/chat/completions "HTTP/1.1 200 OK"
[2026-06-13 00:44:40,522] INFO - HTTP Request: POST https://jeniya.cn/v1/chat/completions "HTTP/1.1 200 OK"
[2026-06-13 00:44:40,591] INFO - Retrying request to /chat/completions in 0.439881 seconds
[2026-06-13 00:44:41,317] INFO - HTTP Request: POST https://jeniya.cn/v1/chat/completions "HTTP/1.1 200 OK"
[2026-06-13 00:44:42,288] INFO - HTTP Request: POST https://jeniya.cn/v1/chat/completions "HTTP/1.1 200 OK"
[2026-06-13 00:44:42,936] INFO - HTTP Request: POST https://jeniya.cn/v1/chat/completions "HTTP/1.1 200 OK"
[2026-06-13 00:44:43,109] INFO - HTTP Request: POST https://jeniya.cn/v1/chat/completions "HTTP/1.1 200 OK"
[2026-06-13 00:44:44,018] INFO - HTTP Request: POST https://jeniya.cn/v1/chat/completions "HTTP/1.1 200 OK"
[2026-06-13 00:44:46,663] INFO - HTTP Request: POST https://jeniya.cn/v1/chat/completions "HTTP/1.1 200 OK"
[2026-06-13 00:44:51,558] INFO - HTTP Request: POST https://jeniya.cn/v1/chat/completions "HTTP/1.1 200 OK"
[2026-06-13 00:44:51,753] INFO - HTTP Request: POST https://jeniya.cn/v1/chat/completions "HTTP/1.1 200 OK"
[2026-06-13 00:44:52,274] INFO - HTTP Request: POST https://jeniya.cn/v1/chat/completions "HTTP/1.1 200 OK"
[2026-06-13 00:44:53,689] INFO - HTTP Request: POST https://jeniya.cn/v1/chat/completions "HTTP/1.1 200 OK"
[2026-06-13 00:44:54,829] INFO - HTTP Request: POST https://jeniya.cn/v1/chat/completions "HTTP/1.1 200 OK"
[2026-06-13 00:44:54,995] INFO - HTTP Request: POST https://jeniya.cn/v1/chat/completions "HTTP/1.1 200 OK"
[2026-06-13 00:44:55,580] INFO - HTTP Request: POST https://jeniya.cn/v1/chat/completions "HTTP/1.1 200 OK"
[2026-06-13 00:44:55,859] INFO - HTTP Request: POST https://jeniya.cn/v1/chat/completions "HTTP/1.1 200 OK"
[2026-06-13 00:44:58,298] INFO - HTTP Request: POST https://jeniya.cn/v1/chat/completions "HTTP/1.1 200 OK"
[2026-06-13 00:45:00,142] INFO - HTTP Request: POST https://jeniya.cn/v1/chat/completions "HTTP/1.1 200 OK"
[2026-06-13 00:45:00,295] INFO - HTTP Request: POST https://jeniya.cn/v1/chat/completions "HTTP/1.1 200 OK"
[2026-06-13 00:45:00,622] INFO - HTTP Request: POST https://jeniya.cn/v1/chat/completions "HTTP/1.1 200 OK"
[2026-06-13 00:45:01,039] INFO - HTTP Request: POST https://jeniya.cn/v1/chat/completions "HTTP/1.1 200 OK"
[2026-06-13 00:45:01,295] INFO - HTTP Request: POST https://jeniya.cn/v1/chat/completions "HTTP/1.1 200 OK"
[2026-06-13 00:45:01,301] INFO - HTTP Request: POST https://jeniya.cn/v1/chat/completions "HTTP/1.1 200 OK"
[2026-06-13 00:45:01,894] INFO - HTTP Request: POST https://jeniya.cn/v1/chat/completions "HTTP/1.1 200 OK"
[2026-06-13 00:45:02,704] INFO - HTTP Request: POST https://jeniya.cn/v1/chat/completions "HTTP/1.1 200 OK"
[2026-06-13 00:45:03,517] INFO - HTTP Request: POST https://jeniya.cn/v1/chat/completions "HTTP/1.1 200 OK"
[2026-06-13 00:45:03,676] INFO - HTTP Request: POST https://jeniya.cn/v1/chat/completions "HTTP/1.1 200 OK"
[2026-06-13 00:45:05,521] INFO - HTTP Request: POST https://jeniya.cn/v1/chat/completions "HTTP/1.1 200 OK"
[2026-06-13 00:45:06,563] INFO - HTTP Request: POST https://jeniya.cn/v1/chat/completions "HTTP/1.1 200 OK"
[2026-06-13 00:45:06,988] INFO - HTTP Request: POST https://jeniya.cn/v1/chat/completions "HTTP/1.1 200 OK"
[2026-06-13 00:45:07,269] INFO - HTTP Request: POST https://jeniya.cn/v1/chat/completions "HTTP/1.1 200 OK"
[2026-06-13 00:45:07,395] INFO - HTTP Request: POST https://jeniya.cn/v1/chat/completions "HTTP/1.1 200 OK"
[2026-06-13 00:45:07,589] INFO - HTTP Request: POST https://jeniya.cn/v1/chat/completions "HTTP/1.1 200 OK"
[2026-06-13 00:45:09,138] INFO - HTTP Request: POST https://jeniya.cn/v1/chat/completions "HTTP/1.1 200 OK"
[2026-06-13 00:45:09,332] INFO - HTTP Request: POST https://jeniya.cn/v1/chat/completions "HTTP/1.1 200 OK"
[2026-06-13 00:45:09,615] INFO - HTTP Request: POST https://jeniya.cn/v1/chat/completions "HTTP/1.1 200 OK"
[2026-06-13 00:45:09,966] INFO - HTTP Request: POST https://jeniya.cn/v1/chat/completions "HTTP/1.1 200 OK"
[2026-06-13 00:45:11,121] INFO - HTTP Request: POST https://jeniya.cn/v1/chat/completions "HTTP/1.1 200 OK"
[2026-06-13 00:45:11,400] INFO - HTTP Request: POST https://jeniya.cn/v1/chat/completions "HTTP/1.1 200 OK"
[2026-06-13 00:45:11,929] INFO - HTTP Request: POST https://jeniya.cn/v1/chat/completions "HTTP/1.1 200 OK"
[2026-06-13 00:45:13,496] INFO - HTTP Request: POST https://jeniya.cn/v1/chat/completions "HTTP/1.1 200 OK"
[2026-06-13 00:45:14,416] INFO - HTTP Request: POST https://jeniya.cn/v1/chat/completions "HTTP/1.1 200 OK"
[2026-06-13 00:45:14,763] INFO - HTTP Request: POST https://jeniya.cn/v1/chat/completions "HTTP/1.1 200 OK"
[2026-06-13 00:45:14,800] INFO - HTTP Request: POST https://jeniya.cn/v1/chat/completions "HTTP/1.1 200 OK"
[2026-06-13 00:45:15,945] INFO - HTTP Request: POST https://jeniya.cn/v1/chat/completions "HTTP/1.1 200 OK"
[2026-06-13 00:45:16,620] INFO - HTTP Request: POST https://jeniya.cn/v1/chat/completions "HTTP/1.1 200 OK"
[2026-06-13 00:45:16,942] INFO - HTTP Request: POST https://jeniya.cn/v1/chat/completions "HTTP/1.1 200 OK"
[2026-06-13 00:45:19,684] INFO - HTTP Request: POST https://jeniya.cn/v1/chat/completions "HTTP/1.1 200 OK"
[2026-06-13 00:45:20,189] INFO - HTTP Request: POST https://jeniya.cn/v1/chat/completions "HTTP/1.1 200 OK"
[2026-06-13 00:45:20,373] INFO - HTTP Request: POST https://jeniya.cn/v1/chat/completions "HTTP/1.1 200 OK"
[2026-06-13 00:45:22,341] INFO - HTTP Request: POST https://jeniya.cn/v1/chat/completions "HTTP/1.1 200 OK"
[2026-06-13 00:45:22,994] INFO - HTTP Request: POST https://jeniya.cn/v1/chat/completions "HTTP/1.1 200 OK"
[2026-06-13 00:45:23,014] INFO - HTTP Request: POST https://jeniya.cn/v1/chat/completions "HTTP/1.1 200 OK"
[2026-06-13 00:45:23,376] INFO - HTTP Request: POST https://jeniya.cn/v1/chat/completions "HTTP/1.1 200 OK"
[2026-06-13 00:45:24,403] INFO - HTTP Request: POST https://jeniya.cn/v1/chat/completions "HTTP/1.1 200 OK"
[2026-06-13 00:45:25,290] INFO - HTTP Request: POST https://jeniya.cn/v1/chat/completions "HTTP/1.1 200 OK"
[2026-06-13 00:45:25,359] INFO - HTTP Request: POST https://jeniya.cn/v1/chat/completions "HTTP/1.1 200 OK"
[2026-06-13 00:45:26,430] INFO - HTTP Request: POST https://jeniya.cn/v1/chat/completions "HTTP/1.1 200 OK"
[2026-06-13 00:45:27,557] INFO - HTTP Request: POST https://jeniya.cn/v1/chat/completions "HTTP/1.1 200 OK"
[2026-06-13 00:45:29,670] INFO - HTTP Request: POST https://jeniya.cn/v1/chat/completions "HTTP/1.1 200 OK"
[2026-06-13 00:45:29,982] INFO - HTTP Request: POST https://jeniya.cn/v1/chat/completions "HTTP/1.1 200 OK"
[2026-06-13 00:45:30,038] INFO - HTTP Request: POST https://jeniya.cn/v1/chat/completions "HTTP/1.1 200 OK"
[2026-06-13 00:45:30,796] INFO - HTTP Request: POST https://jeniya.cn/v1/chat/completions "HTTP/1.1 200 OK"
[2026-06-13 00:45:31,854] INFO - Retrying request to /chat/completions in 0.461932 seconds
[2026-06-13 00:45:32,555] INFO - HTTP Request: POST https://jeniya.cn/v1/chat/completions "HTTP/1.1 200 OK"
[2026-06-13 00:45:33,125] INFO - HTTP Request: POST https://jeniya.cn/v1/chat/completions "HTTP/1.1 200 OK"
[2026-06-13 00:45:34,168] INFO - HTTP Request: POST https://jeniya.cn/v1/chat/completions "HTTP/1.1 200 OK"
[2026-06-13 00:45:34,331] INFO - HTTP Request: POST https://jeniya.cn/v1/chat/completions "HTTP/1.1 200 OK"
[2026-06-13 00:45:35,221] INFO - HTTP Request: POST https://jeniya.cn/v1/chat/completions "HTTP/1.1 200 OK"
[2026-06-13 00:45:35,945] INFO - HTTP Request: POST https://jeniya.cn/v1/chat/completions "HTTP/1.1 200 OK"
[2026-06-13 00:45:39,807] INFO - HTTP Request: POST https://jeniya.cn/v1/chat/completions "HTTP/1.1 200 OK"
[2026-06-13 00:45:41,709] INFO - HTTP Request: POST https://jeniya.cn/v1/chat/completions "HTTP/1.1 200 OK"
[2026-06-13 00:45:42,436] INFO - HTTP Request: POST https://jeniya.cn/v1/chat/completions "HTTP/1.1 200 OK"
[2026-06-13 00:45:42,645] INFO - HTTP Request: POST https://jeniya.cn/v1/chat/completions "HTTP/1.1 200 OK"
[2026-06-13 00:45:42,655] INFO - HTTP Request: POST https://jeniya.cn/v1/chat/completions "HTTP/1.1 200 OK"
[2026-06-13 00:45:43,464] INFO - HTTP Request: POST https://jeniya.cn/v1/chat/completions "HTTP/1.1 200 OK"
[2026-06-13 00:45:44,406] INFO - HTTP Request: POST https://jeniya.cn/v1/chat/completions "HTTP/1.1 200 OK"
[2026-06-13 00:45:44,471] INFO - HTTP Request: POST https://jeniya.cn/v1/chat/completions "HTTP/1.1 200 OK"
[2026-06-13 00:45:46,150] INFO - HTTP Request: POST https://jeniya.cn/v1/chat/completions "HTTP/1.1 200 OK"
[2026-06-13 00:45:46,345] INFO - HTTP Request: POST https://jeniya.cn/v1/chat/completions "HTTP/1.1 200 OK"
[2026-06-13 00:45:48,284] INFO - HTTP Request: POST https://jeniya.cn/v1/chat/completions "HTTP/1.1 200 OK"
[2026-06-13 00:45:48,299] INFO - HTTP Request: POST https://jeniya.cn/v1/chat/completions "HTTP/1.1 200 OK"
[2026-06-13 00:45:49,562] INFO - HTTP Request: POST https://jeniya.cn/v1/chat/completions "HTTP/1.1 200 OK"
[2026-06-13 00:45:51,918] INFO - HTTP Request: POST https://jeniya.cn/v1/chat/completions "HTTP/1.1 200 OK"
[2026-06-13 00:45:52,883] INFO - HTTP Request: POST https://jeniya.cn/v1/chat/completions "HTTP/1.1 200 OK"
[2026-06-13 00:45:53,089] INFO - HTTP Request: POST https://jeniya.cn/v1/chat/completions "HTTP/1.1 200 OK"
[2026-06-13 00:45:53,427] INFO - HTTP Request: POST https://jeniya.cn/v1/chat/completions "HTTP/1.1 200 OK"
[2026-06-13 00:45:54,826] INFO - HTTP Request: POST https://jeniya.cn/v1/chat/completions "HTTP/1.1 200 OK"
[2026-06-13 00:45:56,585] INFO - HTTP Request: POST https://jeniya.cn/v1/chat/completions "HTTP/1.1 200 OK"
[2026-06-13 00:45:59,680] INFO - HTTP Request: POST https://jeniya.cn/v1/chat/completions "HTTP/1.1 200 OK"
[2026-06-13 00:46:00,488] INFO - HTTP Request: POST https://jeniya.cn/v1/chat/completions "HTTP/1.1 200 OK"
[2026-06-13 00:46:00,919] INFO - HTTP Request: POST https://jeniya.cn/v1/chat/completions "HTTP/1.1 200 OK"
[2026-06-13 00:46:01,558] INFO - HTTP Request: POST https://jeniya.cn/v1/chat/completions "HTTP/1.1 200 OK"
[2026-06-13 00:46:01,645] INFO - HTTP Request: POST https://jeniya.cn/v1/chat/completions "HTTP/1.1 200 OK"
[2026-06-13 00:46:03,066] INFO - HTTP Request: POST https://jeniya.cn/v1/chat/completions "HTTP/1.1 200 OK"
[2026-06-13 00:46:03,376] INFO - HTTP Request: POST https://jeniya.cn/v1/chat/completions "HTTP/1.1 200 OK"
[2026-06-13 00:46:05,126] INFO - HTTP Request: POST https://jeniya.cn/v1/chat/completions "HTTP/1.1 200 OK"
[2026-06-13 00:46:06,618] INFO - HTTP Request: POST https://jeniya.cn/v1/chat/completions "HTTP/1.1 200 OK"
[2026-06-13 00:46:07,061] INFO - HTTP Request: POST https://jeniya.cn/v1/chat/completions "HTTP/1.1 200 OK"
[2026-06-13 00:46:08,425] INFO - HTTP Request: POST https://jeniya.cn/v1/chat/completions "HTTP/1.1 200 OK"
[2026-06-13 00:46:10,879] INFO - HTTP Request: POST https://jeniya.cn/v1/chat/completions "HTTP/1.1 200 OK"
[2026-06-13 00:46:10,933] INFO - HTTP Request: POST https://jeniya.cn/v1/chat/completions "HTTP/1.1 200 OK"
[2026-06-13 00:46:10,970] INFO - HTTP Request: POST https://jeniya.cn/v1/chat/completions "HTTP/1.1 200 OK"
[2026-06-13 00:46:13,403] INFO - HTTP Request: POST https://jeniya.cn/v1/chat/completions "HTTP/1.1 200 OK"
[2026-06-13 00:46:13,551] INFO - HTTP Request: POST https://jeniya.cn/v1/chat/completions "HTTP/1.1 200 OK"
[2026-06-13 00:46:13,917] INFO - HTTP Request: POST https://jeniya.cn/v1/chat/completions "HTTP/1.1 200 OK"
[2026-06-13 00:46:14,860] INFO - HTTP Request: POST https://jeniya.cn/v1/chat/completions "HTTP/1.1 200 OK"
[2026-06-13 00:46:15,270] INFO - HTTP Request: POST https://jeniya.cn/v1/chat/completions "HTTP/1.1 200 OK"
[2026-06-13 00:46:17,565] INFO - HTTP Request: POST https://jeniya.cn/v1/chat/completions "HTTP/1.1 200 OK"
[2026-06-13 00:46:17,964] INFO - HTTP Request: POST https://jeniya.cn/v1/chat/completions "HTTP/1.1 200 OK"
[2026-06-13 00:46:18,657] INFO - HTTP Request: POST https://jeniya.cn/v1/chat/completions "HTTP/1.1 200 OK"
[2026-06-13 00:46:19,841] INFO - HTTP Request: POST https://jeniya.cn/v1/chat/completions "HTTP/1.1 200 OK"
[2026-06-13 00:46:24,012] INFO - HTTP Request: POST https://jeniya.cn/v1/chat/completions "HTTP/1.1 200 OK"
[2026-06-13 00:46:24,977] INFO - HTTP Request: POST https://jeniya.cn/v1/chat/completions "HTTP/1.1 200 OK"
[2026-06-13 00:46:28,270] INFO - HTTP Request: POST https://jeniya.cn/v1/chat/completions "HTTP/1.1 200 OK"
[2026-06-13 00:46:32,908] INFO - HTTP Request: POST https://jeniya.cn/v1/chat/completions "HTTP/1.1 200 OK"
[2026-06-13 00:46:33,180] INFO - HTTP Request: POST https://jeniya.cn/v1/chat/completions "HTTP/1.1 200 OK"
[2026-06-13 00:46:35,017] INFO - HTTP Request: POST https://jeniya.cn/v1/chat/completions "HTTP/1.1 200 OK"
[2026-06-13 00:46:35,445] INFO - HTTP Request: POST https://jeniya.cn/v1/chat/completions "HTTP/1.1 200 OK"
[2026-06-13 00:46:36,699] INFO - HTTP Request: POST https://jeniya.cn/v1/chat/completions "HTTP/1.1 200 OK"
[2026-06-13 00:46:38,712] INFO - HTTP Request: POST https://jeniya.cn/v1/chat/completions "HTTP/1.1 200 OK"
[2026-06-13 00:46:40,565] INFO - HTTP Request: POST https://jeniya.cn/v1/chat/completions "HTTP/1.1 200 OK"
[2026-06-13 00:46:40,640] INFO - HTTP Request: POST https://jeniya.cn/v1/chat/completions "HTTP/1.1 200 OK"
[2026-06-13 00:46:42,878] INFO - HTTP Request: POST https://jeniya.cn/v1/chat/completions "HTTP/1.1 200 OK"
[2026-06-13 00:46:44,879] INFO - HTTP Request: POST https://jeniya.cn/v1/chat/completions "HTTP/1.1 200 OK"
[2026-06-13 00:46:46,358] INFO - Retrying request to /chat/completions in 0.392633 seconds
[2026-06-13 00:46:47,473] INFO - HTTP Request: POST https://jeniya.cn/v1/chat/completions "HTTP/1.1 200 OK"
[2026-06-13 00:46:49,303] INFO - HTTP Request: POST https://jeniya.cn/v1/chat/completions "HTTP/1.1 200 OK"
[2026-06-13 00:46:51,212] INFO - HTTP Request: POST https://jeniya.cn/v1/chat/completions "HTTP/1.1 200 OK"
[2026-06-13 00:46:56,041] INFO - HTTP Request: POST https://jeniya.cn/v1/chat/completions "HTTP/1.1 200 OK"
[2026-06-13 00:47:00,416] INFO - HTTP Request: POST https://jeniya.cn/v1/chat/completions "HTTP/1.1 200 OK"
[2026-06-13 00:47:01,884] INFO - HTTP Request: POST https://jeniya.cn/v1/chat/completions "HTTP/1.1 200 OK"
[2026-06-13 00:47:04,381] INFO - HTTP Request: POST https://jeniya.cn/v1/chat/completions "HTTP/1.1 200 OK"
[2026-06-13 00:47:04,392] INFO - HTTP Request: POST https://jeniya.cn/v1/chat/completions "HTTP/1.1 200 OK"
[2026-06-13 00:47:05,141] INFO - Retrying request to /chat/completions in 0.390883 seconds
[2026-06-13 00:47:05,332] INFO - HTTP Request: POST https://jeniya.cn/v1/chat/completions "HTTP/1.1 200 OK"
[2026-06-13 00:47:06,270] INFO - HTTP Request: POST https://jeniya.cn/v1/chat/completions "HTTP/1.1 200 OK"
[2026-06-13 00:47:07,117] INFO - HTTP Request: POST https://jeniya.cn/v1/chat/completions "HTTP/1.1 200 OK"
[2026-06-13 00:47:07,261] INFO - HTTP Request: POST https://jeniya.cn/v1/chat/completions "HTTP/1.1 200 OK"
[2026-06-13 00:47:07,869] INFO - HTTP Request: POST https://jeniya.cn/v1/chat/completions "HTTP/1.1 200 OK"
[2026-06-13 00:47:08,199] INFO - HTTP Request: POST https://jeniya.cn/v1/chat/completions "HTTP/1.1 200 OK"
[2026-06-13 00:47:08,433] INFO - Retrying request to /chat/completions in 0.451877 seconds
[2026-06-13 00:47:09,308] INFO - HTTP Request: POST https://jeniya.cn/v1/chat/completions "HTTP/1.1 200 OK"
[2026-06-13 00:47:10,258] INFO - HTTP Request: POST https://jeniya.cn/v1/chat/completions "HTTP/1.1 200 OK"
[2026-06-13 00:47:10,973] INFO - Retrying request to /chat/completions in 0.472937 seconds
[2026-06-13 00:47:15,596] INFO - HTTP Request: POST https://jeniya.cn/v1/chat/completions "HTTP/1.1 200 OK"
[2026-06-13 00:47:17,010] INFO - HTTP Request: POST https://jeniya.cn/v1/chat/completions "HTTP/1.1 200 OK"
[2026-06-13 00:47:17,286] INFO - HTTP Request: POST https://jeniya.cn/v1/chat/completions "HTTP/1.1 200 OK"
[2026-06-13 00:47:17,455] INFO - HTTP Request: POST https://jeniya.cn/v1/chat/completions "HTTP/1.1 200 OK"
[2026-06-13 00:47:18,308] INFO - HTTP Request: POST https://jeniya.cn/v1/chat/completions "HTTP/1.1 200 OK"
[2026-06-13 00:47:19,079] INFO - HTTP Request: POST https://jeniya.cn/v1/chat/completions "HTTP/1.1 200 OK"
[2026-06-13 00:47:19,109] INFO - HTTP Request: POST https://jeniya.cn/v1/chat/completions "HTTP/1.1 200 OK"
[2026-06-13 00:47:19,218] INFO - HTTP Request: POST https://jeniya.cn/v1/chat/completions "HTTP/1.1 200 OK"
[2026-06-13 00:47:19,576] INFO - HTTP Request: POST https://jeniya.cn/v1/chat/completions "HTTP/1.1 200 OK"
[2026-06-13 00:47:21,614] INFO - HTTP Request: POST https://jeniya.cn/v1/chat/completions "HTTP/1.1 200 OK"
[2026-06-13 00:47:21,731] INFO - HTTP Request: POST https://jeniya.cn/v1/chat/completions "HTTP/1.1 200 OK"
[2026-06-13 00:47:21,906] INFO - HTTP Request: POST https://jeniya.cn/v1/chat/completions "HTTP/1.1 200 OK"
[2026-06-13 00:47:23,598] INFO - HTTP Request: POST https://jeniya.cn/v1/chat/completions "HTTP/1.1 200 OK"
[2026-06-13 00:47:25,595] INFO - HTTP Request: POST https://jeniya.cn/v1/chat/completions "HTTP/1.1 200 OK"
[2026-06-13 00:47:26,652] INFO - HTTP Request: POST https://jeniya.cn/v1/chat/completions "HTTP/1.1 200 OK"
[2026-06-13 00:47:26,656] INFO - HTTP Request: POST https://jeniya.cn/v1/chat/completions "HTTP/1.1 200 OK"
[2026-06-13 00:47:27,306] INFO - HTTP Request: POST https://jeniya.cn/v1/chat/completions "HTTP/1.1 200 OK"
[2026-06-13 00:47:27,439] INFO - HTTP Request: POST https://jeniya.cn/v1/chat/completions "HTTP/1.1 200 OK"
[2026-06-13 00:47:27,502] INFO - HTTP Request: POST https://jeniya.cn/v1/chat/completions "HTTP/1.1 200 OK"
[2026-06-13 00:47:31,257] INFO - HTTP Request: POST https://jeniya.cn/v1/chat/completions "HTTP/1.1 200 OK"
[2026-06-13 00:47:34,004] INFO - HTTP Request: POST https://jeniya.cn/v1/chat/completions "HTTP/1.1 200 OK"
[2026-06-13 00:47:35,795] INFO - HTTP Request: POST https://jeniya.cn/v1/chat/completions "HTTP/1.1 200 OK"
[2026-06-13 00:47:35,889] INFO - HTTP Request: POST https://jeniya.cn/v1/chat/completions "HTTP/1.1 200 OK"
[2026-06-13 00:47:35,937] INFO - HTTP Request: POST https://jeniya.cn/v1/chat/completions "HTTP/1.1 200 OK"
[2026-06-13 00:47:36,051] INFO - HTTP Request: POST https://jeniya.cn/v1/chat/completions "HTTP/1.1 200 OK"
[2026-06-13 00:47:36,711] INFO - Retrying request to /chat/completions in 0.475422 seconds
[2026-06-13 00:47:37,102] INFO - HTTP Request: POST https://jeniya.cn/v1/chat/completions "HTTP/1.1 200 OK"
[2026-06-13 00:47:37,687] INFO - HTTP Request: POST https://jeniya.cn/v1/chat/completions "HTTP/1.1 200 OK"
[2026-06-13 00:47:38,023] INFO - HTTP Request: POST https://jeniya.cn/v1/chat/completions "HTTP/1.1 200 OK"
[2026-06-13 00:47:40,009] INFO - HTTP Request: POST https://jeniya.cn/v1/chat/completions "HTTP/1.1 200 OK"
[2026-06-13 00:47:42,067] INFO - HTTP Request: POST https://jeniya.cn/v1/chat/completions "HTTP/1.1 200 OK"
[2026-06-13 00:47:42,803] INFO - HTTP Request: POST https://jeniya.cn/v1/chat/completions "HTTP/1.1 200 OK"
[2026-06-13 00:47:43,829] INFO - HTTP Request: POST https://jeniya.cn/v1/chat/completions "HTTP/1.1 200 OK"
[2026-06-13 00:47:44,016] INFO - HTTP Request: POST https://jeniya.cn/v1/chat/completions "HTTP/1.1 200 OK"
[2026-06-13 00:47:45,064] INFO - HTTP Request: POST https://jeniya.cn/v1/chat/completions "HTTP/1.1 200 OK"
[2026-06-13 00:47:45,629] INFO - HTTP Request: POST https://jeniya.cn/v1/chat/completions "HTTP/1.1 200 OK"
[2026-06-13 00:47:45,885] INFO - HTTP Request: POST https://jeniya.cn/v1/chat/completions "HTTP/1.1 200 OK"
[2026-06-13 00:47:46,647] INFO - HTTP Request: POST https://jeniya.cn/v1/chat/completions "HTTP/1.1 200 OK"
[2026-06-13 00:47:47,019] INFO - HTTP Request: POST https://jeniya.cn/v1/chat/completions "HTTP/1.1 200 OK"
[2026-06-13 00:47:47,635] INFO - HTTP Request: POST https://jeniya.cn/v1/chat/completions "HTTP/1.1 200 OK"
[2026-06-13 00:47:48,872] INFO - HTTP Request: POST https://jeniya.cn/v1/chat/completions "HTTP/1.1 200 OK"
[2026-06-13 00:47:50,363] INFO - HTTP Request: POST https://jeniya.cn/v1/chat/completions "HTTP/1.1 200 OK"
[2026-06-13 00:47:51,478] INFO - HTTP Request: POST https://jeniya.cn/v1/chat/completions "HTTP/1.1 200 OK"
[2026-06-13 00:47:52,534] INFO - HTTP Request: POST https://jeniya.cn/v1/chat/completions "HTTP/1.1 200 OK"
[2026-06-13 00:47:53,278] INFO - HTTP Request: POST https://jeniya.cn/v1/chat/completions "HTTP/1.1 200 OK"
[2026-06-13 00:47:53,397] INFO - HTTP Request: POST https://jeniya.cn/v1/chat/completions "HTTP/1.1 200 OK"
[2026-06-13 00:47:54,702] INFO - HTTP Request: POST https://jeniya.cn/v1/chat/completions "HTTP/1.1 200 OK"
[2026-06-13 00:47:54,919] INFO - HTTP Request: POST https://jeniya.cn/v1/chat/completions "HTTP/1.1 200 OK"
[2026-06-13 00:47:55,590] INFO - HTTP Request: POST https://jeniya.cn/v1/chat/completions "HTTP/1.1 200 OK"
[2026-06-13 00:47:56,609] INFO - HTTP Request: POST https://jeniya.cn/v1/chat/completions "HTTP/1.1 200 OK"
[2026-06-13 00:47:56,888] INFO - HTTP Request: POST https://jeniya.cn/v1/chat/completions "HTTP/1.1 200 OK"
[2026-06-13 00:47:57,590] INFO - HTTP Request: POST https://jeniya.cn/v1/chat/completions "HTTP/1.1 200 OK"
[2026-06-13 00:47:58,713] INFO - HTTP Request: POST https://jeniya.cn/v1/chat/completions "HTTP/1.1 200 OK"
[2026-06-13 00:47:59,236] INFO - HTTP Request: POST https://jeniya.cn/v1/chat/completions "HTTP/1.1 200 OK"
[2026-06-13 00:47:59,557] INFO - HTTP Request: POST https://jeniya.cn/v1/chat/completions "HTTP/1.1 200 OK"
[2026-06-13 00:48:01,743] INFO - HTTP Request: POST https://jeniya.cn/v1/chat/completions "HTTP/1.1 200 OK"
[2026-06-13 00:48:03,447] INFO - HTTP Request: POST https://jeniya.cn/v1/chat/completions "HTTP/1.1 200 OK"
[2026-06-13 00:48:04,431] INFO - HTTP Request: POST https://jeniya.cn/v1/chat/completions "HTTP/1.1 200 OK"
[2026-06-13 00:48:04,620] INFO - HTTP Request: POST https://jeniya.cn/v1/chat/completions "HTTP/1.1 200 OK"
[2026-06-13 00:48:06,104] INFO - HTTP Request: POST https://jeniya.cn/v1/chat/completions "HTTP/1.1 200 OK"
[2026-06-13 00:48:06,579] INFO - HTTP Request: POST https://jeniya.cn/v1/chat/completions "HTTP/1.1 200 OK"
[2026-06-13 00:48:07,886] INFO - HTTP Request: POST https://jeniya.cn/v1/chat/completions "HTTP/1.1 200 OK"
[2026-06-13 00:48:08,783] INFO - HTTP Request: POST https://jeniya.cn/v1/chat/completions "HTTP/1.1 200 OK"
[2026-06-13 00:48:09,653] INFO - HTTP Request: POST https://jeniya.cn/v1/chat/completions "HTTP/1.1 200 OK"
[2026-06-13 00:48:09,690] INFO - HTTP Request: POST https://jeniya.cn/v1/chat/completions "HTTP/1.1 200 OK"
[2026-06-13 00:48:09,806] INFO - HTTP Request: POST https://jeniya.cn/v1/chat/completions "HTTP/1.1 200 OK"
[2026-06-13 00:48:10,568] INFO - HTTP Request: POST https://jeniya.cn/v1/chat/completions "HTTP/1.1 200 OK"
[2026-06-13 00:48:11,989] INFO - HTTP Request: POST https://jeniya.cn/v1/chat/completions "HTTP/1.1 200 OK"
[2026-06-13 00:48:12,314] INFO - HTTP Request: POST https://jeniya.cn/v1/chat/completions "HTTP/1.1 200 OK"
[2026-06-13 00:48:13,070] INFO - HTTP Request: POST https://jeniya.cn/v1/chat/completions "HTTP/1.1 200 OK"
[2026-06-13 00:48:16,035] INFO - HTTP Request: POST https://jeniya.cn/v1/chat/completions "HTTP/1.1 200 OK"
[2026-06-13 00:48:17,975] INFO - HTTP Request: POST https://jeniya.cn/v1/chat/completions "HTTP/1.1 200 OK"
[2026-06-13 00:48:20,514] INFO - HTTP Request: POST https://jeniya.cn/v1/chat/completions "HTTP/1.1 200 OK"
[2026-06-13 00:48:21,619] INFO - Retrying request to /chat/completions in 0.488640 seconds
[2026-06-13 00:48:23,540] INFO - HTTP Request: POST https://jeniya.cn/v1/chat/completions "HTTP/1.1 200 OK"
[2026-06-13 00:48:24,554] INFO - HTTP Request: POST https://jeniya.cn/v1/chat/completions "HTTP/1.1 200 OK"
[2026-06-13 00:48:26,411] INFO - HTTP Request: POST https://jeniya.cn/v1/chat/completions "HTTP/1.1 200 OK"
[2026-06-13 00:48:26,460] INFO - HTTP Request: POST https://jeniya.cn/v1/chat/completions "HTTP/1.1 200 OK"
[2026-06-13 00:48:27,352] INFO - HTTP Request: POST https://jeniya.cn/v1/chat/completions "HTTP/1.1 200 OK"
[2026-06-13 00:48:28,340] INFO - HTTP Request: POST https://jeniya.cn/v1/chat/completions "HTTP/1.1 200 OK"
[2026-06-13 00:48:35,160] INFO - HTTP Request: POST https://jeniya.cn/v1/chat/completions "HTTP/1.1 200 OK"
[2026-06-13 00:48:35,419] INFO - HTTP Request: POST https://jeniya.cn/v1/chat/completions "HTTP/1.1 200 OK"
[2026-06-13 00:48:36,929] INFO - HTTP Request: POST https://jeniya.cn/v1/chat/completions "HTTP/1.1 200 OK"
[2026-06-13 00:48:39,353] INFO - HTTP Request: POST https://jeniya.cn/v1/chat/completions "HTTP/1.1 200 OK"
[2026-06-13 00:48:40,029] INFO - HTTP Request: POST https://jeniya.cn/v1/chat/completions "HTTP/1.1 200 OK"
[2026-06-13 00:48:41,451] INFO - HTTP Request: POST https://jeniya.cn/v1/chat/completions "HTTP/1.1 200 OK"
[2026-06-13 00:48:43,088] INFO - HTTP Request: POST https://jeniya.cn/v1/chat/completions "HTTP/1.1 200 OK"
[2026-06-13 00:48:45,161] INFO - HTTP Request: POST https://jeniya.cn/v1/chat/completions "HTTP/1.1 200 OK"
[2026-06-13 00:48:45,565] INFO - HTTP Request: POST https://jeniya.cn/v1/chat/completions "HTTP/1.1 200 OK"
[2026-06-13 00:48:46,845] INFO - HTTP Request: POST https://jeniya.cn/v1/chat/completions "HTTP/1.1 200 OK"
[2026-06-13 00:48:47,082] INFO - HTTP Request: POST https://jeniya.cn/v1/chat/completions "HTTP/1.1 200 OK"
[2026-06-13 00:48:48,991] INFO - HTTP Request: POST https://jeniya.cn/v1/chat/completions "HTTP/1.1 200 OK"
[2026-06-13 00:48:50,071] INFO - HTTP Request: POST https://jeniya.cn/v1/chat/completions "HTTP/1.1 200 OK"
[2026-06-13 00:48:50,098] INFO - HTTP Request: POST https://jeniya.cn/v1/chat/completions "HTTP/1.1 200 OK"
[2026-06-13 00:48:50,775] INFO - HTTP Request: POST https://jeniya.cn/v1/chat/completions "HTTP/1.1 200 OK"
[2026-06-13 00:48:53,295] INFO - Retrying request to /chat/completions in 0.487882 seconds
[2026-06-13 00:48:54,876] INFO - HTTP Request: POST https://jeniya.cn/v1/chat/completions "HTTP/1.1 200 OK"
[2026-06-13 00:48:55,890] INFO - HTTP Request: POST https://jeniya.cn/v1/chat/completions "HTTP/1.1 200 OK"
[2026-06-13 00:48:56,655] INFO - HTTP Request: POST https://jeniya.cn/v1/chat/completions "HTTP/1.1 200 OK"
[2026-06-13 00:48:58,568] INFO - HTTP Request: POST https://jeniya.cn/v1/chat/completions "HTTP/1.1 200 OK"
[2026-06-13 00:48:59,533] INFO - HTTP Request: POST https://jeniya.cn/v1/chat/completions "HTTP/1.1 200 OK"
[2026-06-13 00:49:04,928] INFO - HTTP Request: POST https://jeniya.cn/v1/chat/completions "HTTP/1.1 200 OK"
[2026-06-13 00:49:05,695] INFO - HTTP Request: POST https://jeniya.cn/v1/chat/completions "HTTP/1.1 200 OK"
[2026-06-13 00:49:05,931] INFO - HTTP Request: POST https://jeniya.cn/v1/chat/completions "HTTP/1.1 200 OK"
[2026-06-13 00:49:05,971] INFO - HTTP Request: POST https://jeniya.cn/v1/chat/completions "HTTP/1.1 200 OK"
[2026-06-13 00:49:07,533] INFO - HTTP Request: POST https://jeniya.cn/v1/chat/completions "HTTP/1.1 200 OK"
[2026-06-13 00:49:07,684] INFO - HTTP Request: POST https://jeniya.cn/v1/chat/completions "HTTP/1.1 200 OK"
[2026-06-13 00:49:07,687] INFO - HTTP Request: POST https://jeniya.cn/v1/chat/completions "HTTP/1.1 200 OK"
[2026-06-13 00:49:08,610] INFO - HTTP Request: POST https://jeniya.cn/v1/chat/completions "HTTP/1.1 200 OK"
[2026-06-13 00:49:12,318] INFO - Retrying request to /chat/completions in 0.460258 seconds
[2026-06-13 00:49:12,953] INFO - HTTP Request: POST https://jeniya.cn/v1/chat/completions "HTTP/1.1 200 OK"
[2026-06-13 00:49:13,870] INFO - HTTP Request: POST https://jeniya.cn/v1/chat/completions "HTTP/1.1 200 OK"
[2026-06-13 00:49:14,566] INFO - HTTP Request: POST https://jeniya.cn/v1/chat/completions "HTTP/1.1 200 OK"
[2026-06-13 00:49:14,909] INFO - HTTP Request: POST https://jeniya.cn/v1/chat/completions "HTTP/1.1 200 OK"
[2026-06-13 00:49:16,132] INFO - HTTP Request: POST https://jeniya.cn/v1/chat/completions "HTTP/1.1 200 OK"
[2026-06-13 00:49:16,951] INFO - HTTP Request: POST https://jeniya.cn/v1/chat/completions "HTTP/1.1 200 OK"
[2026-06-13 00:49:20,103] INFO - HTTP Request: POST https://jeniya.cn/v1/chat/completions "HTTP/1.1 200 OK"
[2026-06-13 00:49:20,912] INFO - HTTP Request: POST https://jeniya.cn/v1/chat/completions "HTTP/1.1 200 OK"
[2026-06-13 00:49:21,939] INFO - HTTP Request: POST https://jeniya.cn/v1/chat/completions "HTTP/1.1 200 OK"
[2026-06-13 00:49:27,648] INFO - HTTP Request: POST https://jeniya.cn/v1/chat/completions "HTTP/1.1 200 OK"
[2026-06-13 00:49:30,155] INFO - HTTP Request: POST https://jeniya.cn/v1/chat/completions "HTTP/1.1 200 OK"
[2026-06-13 00:49:32,076] INFO - HTTP Request: POST https://jeniya.cn/v1/chat/completions "HTTP/1.1 200 OK"
[2026-06-13 00:49:32,373] INFO - HTTP Request: POST https://jeniya.cn/v1/chat/completions "HTTP/1.1 200 OK"
[2026-06-13 00:49:33,458] INFO - HTTP Request: POST https://jeniya.cn/v1/chat/completions "HTTP/1.1 200 OK"
[2026-06-13 00:49:33,826] INFO - HTTP Request: POST https://jeniya.cn/v1/chat/completions "HTTP/1.1 200 OK"
[2026-06-13 00:49:36,361] INFO - HTTP Request: POST https://jeniya.cn/v1/chat/completions "HTTP/1.1 200 OK"
[2026-06-13 00:49:40,152] INFO - HTTP Request: POST https://jeniya.cn/v1/chat/completions "HTTP/1.1 200 OK"
[2026-06-13 00:49:40,378] INFO - HTTP Request: POST https://jeniya.cn/v1/chat/completions "HTTP/1.1 200 OK"
[2026-06-13 00:49:41,497] INFO - HTTP Request: POST https://jeniya.cn/v1/chat/completions "HTTP/1.1 200 OK"
[2026-06-13 00:49:43,237] INFO - HTTP Request: POST https://jeniya.cn/v1/chat/completions "HTTP/1.1 200 OK"
[2026-06-13 00:49:44,945] INFO - HTTP Request: POST https://jeniya.cn/v1/chat/completions "HTTP/1.1 200 OK"
[2026-06-13 00:49:45,571] INFO - Retrying request to /chat/completions in 0.434001 seconds
[2026-06-13 00:49:46,685] INFO - HTTP Request: POST https://jeniya.cn/v1/chat/completions "HTTP/1.1 200 OK"
[2026-06-13 00:49:46,735] INFO - HTTP Request: POST https://jeniya.cn/v1/chat/completions "HTTP/1.1 200 OK"
[2026-06-13 00:49:47,573] INFO - HTTP Request: POST https://jeniya.cn/v1/chat/completions "HTTP/1.1 200 OK"
[2026-06-13 00:49:48,523] INFO - HTTP Request: POST https://jeniya.cn/v1/chat/completions "HTTP/1.1 200 OK"
[2026-06-13 00:49:48,532] INFO - HTTP Request: POST https://jeniya.cn/v1/chat/completions "HTTP/1.1 200 OK"
[2026-06-13 00:49:48,557] INFO - HTTP Request: POST https://jeniya.cn/v1/chat/completions "HTTP/1.1 200 OK"
[2026-06-13 00:49:49,998] INFO - HTTP Request: POST https://jeniya.cn/v1/chat/completions "HTTP/1.1 200 OK"
[2026-06-13 00:49:50,324] INFO - HTTP Request: POST https://jeniya.cn/v1/chat/completions "HTTP/1.1 200 OK"
[2026-06-13 00:49:52,334] INFO - HTTP Request: POST https://jeniya.cn/v1/chat/completions "HTTP/1.1 200 OK"
[2026-06-13 00:49:52,337] INFO - HTTP Request: POST https://jeniya.cn/v1/chat/completions "HTTP/1.1 200 OK"
[2026-06-13 00:49:54,088] INFO - HTTP Request: POST https://jeniya.cn/v1/chat/completions "HTTP/1.1 200 OK"
[2026-06-13 00:49:54,297] INFO - HTTP Request: POST https://jeniya.cn/v1/chat/completions "HTTP/1.1 200 OK"
[2026-06-13 00:49:54,388] INFO - Retrying request to /chat/completions in 0.890534 seconds
[2026-06-13 00:49:54,882] INFO - Retrying request to /chat/completions in 0.390724 seconds
[2026-06-13 00:49:54,953] INFO - HTTP Request: POST https://jeniya.cn/v1/chat/completions "HTTP/1.1 200 OK"
[2026-06-13 00:49:56,033] INFO - HTTP Request: POST https://jeniya.cn/v1/chat/completions "HTTP/1.1 200 OK"
[2026-06-13 00:49:57,575] INFO - HTTP Request: POST https://jeniya.cn/v1/chat/completions "HTTP/1.1 200 OK"
[2026-06-13 00:49:57,731] INFO - HTTP Request: POST https://jeniya.cn/v1/chat/completions "HTTP/1.1 200 OK"
[2026-06-13 00:49:59,576] INFO - HTTP Request: POST https://jeniya.cn/v1/chat/completions "HTTP/1.1 200 OK"
[2026-06-13 00:50:02,034] INFO - HTTP Request: POST https://jeniya.cn/v1/chat/completions "HTTP/1.1 200 OK"
[2026-06-13 00:50:03,181] INFO - HTTP Request: POST https://jeniya.cn/v1/chat/completions "HTTP/1.1 200 OK"
[2026-06-13 00:50:04,067] INFO - HTTP Request: POST https://jeniya.cn/v1/chat/completions "HTTP/1.1 200 OK"
[2026-06-13 00:50:04,767] INFO - HTTP Request: POST https://jeniya.cn/v1/chat/completions "HTTP/1.1 200 OK"
[2026-06-13 00:50:04,979] INFO - HTTP Request: POST https://jeniya.cn/v1/chat/completions "HTTP/1.1 200 OK"
[2026-06-13 00:50:05,157] INFO - HTTP Request: POST https://jeniya.cn/v1/chat/completions "HTTP/1.1 200 OK"
[2026-06-13 00:50:08,982] INFO - HTTP Request: POST https://jeniya.cn/v1/chat/completions "HTTP/1.1 200 OK"
[2026-06-13 00:50:08,982] INFO - HTTP Request: POST https://jeniya.cn/v1/chat/completions "HTTP/1.1 200 OK"
[2026-06-13 00:50:14,037] INFO - HTTP Request: POST https://jeniya.cn/v1/chat/completions "HTTP/1.1 200 OK"
[2026-06-13 00:50:15,765] INFO - HTTP Request: POST https://jeniya.cn/v1/chat/completions "HTTP/1.1 200 OK"
[2026-06-13 00:50:17,621] INFO - HTTP Request: POST https://jeniya.cn/v1/chat/completions "HTTP/1.1 200 OK"
[2026-06-13 00:50:17,786] INFO - HTTP Request: POST https://jeniya.cn/v1/chat/completions "HTTP/1.1 200 OK"
[2026-06-13 00:50:18,107] INFO - HTTP Request: POST https://jeniya.cn/v1/chat/completions "HTTP/1.1 200 OK"
[2026-06-13 00:50:19,465] INFO - HTTP Request: POST https://jeniya.cn/v1/chat/completions "HTTP/1.1 200 OK"
[2026-06-13 00:50:19,832] INFO - HTTP Request: POST https://jeniya.cn/v1/chat/completions "HTTP/1.1 200 OK"
[2026-06-13 00:50:21,074] INFO - HTTP Request: POST https://jeniya.cn/v1/chat/completions "HTTP/1.1 200 OK"
[2026-06-13 00:50:22,933] INFO - HTTP Request: POST https://jeniya.cn/v1/chat/completions "HTTP/1.1 200 OK"
[2026-06-13 00:50:24,138] INFO - HTTP Request: POST https://jeniya.cn/v1/chat/completions "HTTP/1.1 200 OK"
[2026-06-13 00:50:25,846] INFO - HTTP Request: POST https://jeniya.cn/v1/chat/completions "HTTP/1.1 200 OK"
[2026-06-13 00:50:26,261] INFO - HTTP Request: POST https://jeniya.cn/v1/chat/completions "HTTP/1.1 200 OK"
[2026-06-13 00:50:28,090] INFO - HTTP Request: POST https://jeniya.cn/v1/chat/completions "HTTP/1.1 200 OK"
[2026-06-13 00:50:30,887] INFO - HTTP Request: POST https://jeniya.cn/v1/chat/completions "HTTP/1.1 200 OK"
[2026-06-13 00:50:32,013] INFO - HTTP Request: POST https://jeniya.cn/v1/chat/completions "HTTP/1.1 200 OK"
[2026-06-13 00:50:34,321] INFO - HTTP Request: POST https://jeniya.cn/v1/chat/completions "HTTP/1.1 200 OK"
[2026-06-13 00:50:35,092] INFO - HTTP Request: POST https://jeniya.cn/v1/chat/completions "HTTP/1.1 200 OK"
[2026-06-13 00:50:35,450] INFO - HTTP Request: POST https://jeniya.cn/v1/chat/completions "HTTP/1.1 200 OK"
[2026-06-13 00:50:36,210] INFO - HTTP Request: POST https://jeniya.cn/v1/chat/completions "HTTP/1.1 200 OK"
[2026-06-13 00:50:37,844] INFO - HTTP Request: POST https://jeniya.cn/v1/chat/completions "HTTP/1.1 200 OK"
[2026-06-13 00:50:38,875] INFO - HTTP Request: POST https://jeniya.cn/v1/chat/completions "HTTP/1.1 200 OK"
[2026-06-13 00:50:39,054] INFO - HTTP Request: POST https://jeniya.cn/v1/chat/completions "HTTP/1.1 200 OK"
[2026-06-13 00:50:40,733] INFO - HTTP Request: POST https://jeniya.cn/v1/chat/completions "HTTP/1.1 200 OK"
[2026-06-13 00:50:44,826] INFO - HTTP Request: POST https://jeniya.cn/v1/chat/completions "HTTP/1.1 200 OK"
[2026-06-13 00:50:46,530] INFO - HTTP Request: POST https://jeniya.cn/v1/chat/completions "HTTP/1.1 200 OK"
[2026-06-13 00:50:46,630] INFO - HTTP Request: POST https://jeniya.cn/v1/chat/completions "HTTP/1.1 200 OK"
[2026-06-13 00:50:47,487] INFO - HTTP Request: POST https://jeniya.cn/v1/chat/completions "HTTP/1.1 200 OK"
[2026-06-13 00:50:47,577] INFO - Retrying request to /chat/completions in 0.451185 seconds
[2026-06-13 00:50:53,918] INFO - HTTP Request: POST https://jeniya.cn/v1/chat/completions "HTTP/1.1 200 OK"
[2026-06-13 00:50:54,410] INFO - HTTP Request: POST https://jeniya.cn/v1/chat/completions "HTTP/1.1 200 OK"
[2026-06-13 00:50:55,094] INFO - HTTP Request: POST https://jeniya.cn/v1/chat/completions "HTTP/1.1 200 OK"
[2026-06-13 00:50:56,122] INFO - HTTP Request: POST https://jeniya.cn/v1/chat/completions "HTTP/1.1 200 OK"
[2026-06-13 00:50:56,485] INFO - HTTP Request: POST https://jeniya.cn/v1/chat/completions "HTTP/1.1 200 OK"
[2026-06-13 00:50:56,955] INFO - HTTP Request: POST https://jeniya.cn/v1/chat/completions "HTTP/1.1 200 OK"
[2026-06-13 00:50:57,587] INFO - Retrying request to /chat/completions in 0.439090 seconds
[2026-06-13 00:50:58,085] INFO - HTTP Request: POST https://jeniya.cn/v1/chat/completions "HTTP/1.1 200 OK"
[2026-06-13 00:50:58,088] INFO - HTTP Request: POST https://jeniya.cn/v1/chat/completions "HTTP/1.1 200 OK"
[2026-06-13 00:50:59,675] INFO - HTTP Request: POST https://jeniya.cn/v1/chat/completions "HTTP/1.1 200 OK"
[2026-06-13 00:51:00,103] INFO - HTTP Request: POST https://jeniya.cn/v1/chat/completions "HTTP/1.1 200 OK"
[2026-06-13 00:51:05,240] INFO - HTTP Request: POST https://jeniya.cn/v1/chat/completions "HTTP/1.1 200 OK"
[2026-06-13 00:51:06,680] INFO - HTTP Request: POST https://jeniya.cn/v1/chat/completions "HTTP/1.1 200 OK"
[2026-06-13 00:51:06,897] INFO - HTTP Request: POST https://jeniya.cn/v1/chat/completions "HTTP/1.1 200 OK"
[2026-06-13 00:51:07,896] INFO - HTTP Request: POST https://jeniya.cn/v1/chat/completions "HTTP/1.1 200 OK"
[2026-06-13 00:51:10,643] INFO - HTTP Request: POST https://jeniya.cn/v1/chat/completions "HTTP/1.1 200 OK"
[2026-06-13 00:51:13,069] INFO - HTTP Request: POST https://jeniya.cn/v1/chat/completions "HTTP/1.1 200 OK"
[2026-06-13 00:51:13,802] INFO - HTTP Request: POST https://jeniya.cn/v1/chat/completions "HTTP/1.1 200 OK"
[2026-06-13 00:51:14,388] INFO - HTTP Request: POST https://jeniya.cn/v1/chat/completions "HTTP/1.1 200 OK"
[2026-06-13 00:51:15,707] INFO - HTTP Request: POST https://jeniya.cn/v1/chat/completions "HTTP/1.1 200 OK"
[2026-06-13 00:51:17,400] INFO - HTTP Request: POST https://jeniya.cn/v1/chat/completions "HTTP/1.1 200 OK"
[2026-06-13 00:51:17,748] INFO - HTTP Request: POST https://jeniya.cn/v1/chat/completions "HTTP/1.1 200 OK"
[2026-06-13 00:51:18,531] INFO - HTTP Request: POST https://jeniya.cn/v1/chat/completions "HTTP/1.1 200 OK"
[2026-06-13 00:51:19,315] INFO - HTTP Request: POST https://jeniya.cn/v1/chat/completions "HTTP/1.1 200 OK"
[2026-06-13 00:51:21,063] INFO - HTTP Request: POST https://jeniya.cn/v1/chat/completions "HTTP/1.1 200 OK"
[2026-06-13 00:51:21,394] INFO - HTTP Request: POST https://jeniya.cn/v1/chat/completions "HTTP/1.1 200 OK"
[2026-06-13 00:51:22,810] INFO - HTTP Request: POST https://jeniya.cn/v1/chat/completions "HTTP/1.1 200 OK"
[2026-06-13 00:51:27,455] INFO - HTTP Request: POST https://jeniya.cn/v1/chat/completions "HTTP/1.1 200 OK"
[2026-06-13 00:51:27,455] INFO - HTTP Request: POST https://jeniya.cn/v1/chat/completions "HTTP/1.1 200 OK"
[2026-06-13 00:51:28,666] INFO - HTTP Request: POST https://jeniya.cn/v1/chat/completions "HTTP/1.1 200 OK"
[2026-06-13 00:51:29,257] INFO - HTTP Request: POST https://jeniya.cn/v1/chat/completions "HTTP/1.1 200 OK"
[2026-06-13 00:51:29,305] INFO - HTTP Request: POST https://jeniya.cn/v1/chat/completions "HTTP/1.1 200 OK"
[2026-06-13 00:51:31,639] INFO - HTTP Request: POST https://jeniya.cn/v1/chat/completions "HTTP/1.1 200 OK"
[2026-06-13 00:51:32,533] INFO - HTTP Request: POST https://jeniya.cn/v1/chat/completions "HTTP/1.1 200 OK"
[2026-06-13 00:51:33,107] INFO - HTTP Request: POST https://jeniya.cn/v1/chat/completions "HTTP/1.1 200 OK"
[2026-06-13 00:51:33,415] INFO - HTTP Request: POST https://jeniya.cn/v1/chat/completions "HTTP/1.1 200 OK"
[2026-06-13 00:51:34,335] INFO - HTTP Request: POST https://jeniya.cn/v1/chat/completions "HTTP/1.1 200 OK"
[2026-06-13 00:51:36,135] INFO - HTTP Request: POST https://jeniya.cn/v1/chat/completions "HTTP/1.1 200 OK"
[2026-06-13 00:51:36,603] INFO - HTTP Request: POST https://jeniya.cn/v1/chat/completions "HTTP/1.1 200 OK"
[2026-06-13 00:51:45,121] INFO - HTTP Request: POST https://jeniya.cn/v1/chat/completions "HTTP/1.1 200 OK"
[2026-06-13 00:51:46,911] INFO - HTTP Request: POST https://jeniya.cn/v1/chat/completions "HTTP/1.1 200 OK"
[2026-06-13 00:51:49,315] INFO - HTTP Request: POST https://jeniya.cn/v1/chat/completions "HTTP/1.1 200 OK"
[2026-06-13 00:51:51,212] INFO - HTTP Request: POST https://jeniya.cn/v1/chat/completions "HTTP/1.1 200 OK"
[2026-06-13 00:51:52,456] INFO - HTTP Request: POST https://jeniya.cn/v1/chat/completions "HTTP/1.1 200 OK"
[2026-06-13 00:51:52,971] INFO - HTTP Request: POST https://jeniya.cn/v1/chat/completions "HTTP/1.1 200 OK"
[2026-06-13 00:51:53,117] INFO - HTTP Request: POST https://jeniya.cn/v1/chat/completions "HTTP/1.1 200 OK"
[2026-06-13 00:51:54,302] INFO - HTTP Request: POST https://jeniya.cn/v1/chat/completions "HTTP/1.1 200 OK"
[2026-06-13 00:51:54,475] INFO - HTTP Request: POST https://jeniya.cn/v1/chat/completions "HTTP/1.1 200 OK"
[2026-06-13 00:51:54,950] INFO - HTTP Request: POST https://jeniya.cn/v1/chat/completions "HTTP/1.1 200 OK"
[2026-06-13 00:51:55,016] INFO - HTTP Request: POST https://jeniya.cn/v1/chat/completions "HTTP/1.1 200 OK"
[2026-06-13 00:51:58,635] INFO - Retrying request to /chat/completions in 0.815053 seconds
[2026-06-13 00:52:00,109] INFO - Retrying request to /chat/completions in 0.496315 seconds
[2026-06-13 00:52:01,508] INFO - HTTP Request: POST https://jeniya.cn/v1/chat/completions "HTTP/1.1 200 OK"
[2026-06-13 00:52:02,260] INFO - HTTP Request: POST https://jeniya.cn/v1/chat/completions "HTTP/1.1 200 OK"
[2026-06-13 00:52:29,273] INFO - Retrying request to /chat/completions in 0.491443 seconds
[2026-06-13 00:52:38,302] INFO - HTTP Request: POST https://jeniya.cn/v1/chat/completions "HTTP/1.1 200 OK"
[2026-06-13 00:52:41,752] INFO - HTTP Request: POST https://jeniya.cn/v1/chat/completions "HTTP/1.1 200 OK"
[2026-06-13 00:52:52,973] INFO - Retrying request to /chat/completions in 0.416224 seconds
[2026-06-13 00:52:54,308] INFO - Retrying request to /chat/completions in 0.474456 seconds
[2026-06-13 00:52:57,057] INFO - HTTP Request: POST https://jeniya.cn/v1/chat/completions "HTTP/1.1 200 OK"
[2026-06-13 00:53:01,207] INFO - Retrying request to /chat/completions in 0.936824 seconds
[2026-06-13 00:53:06,561] INFO - HTTP Request: POST https://jeniya.cn/v1/chat/completions "HTTP/1.1 200 OK"
[2026-06-13 00:53:09,683] INFO - HTTP Request: POST https://jeniya.cn/v1/chat/completions "HTTP/1.1 200 OK"
